type,orderId,ownerId,side,orderType,price,qty
SUBMIT,1,0,SELL,LIMIT,10005,20
SUBMIT,2,1,BUY,LIMIT,9998,14
SUBMIT,3,1,SELL,LIMIT,10004,14
SUBMIT,4,0,SELL,LIMIT,10002,44
SUBMIT,5,0,SELL,LIMIT,10002,36
SUBMIT,6,0,SELL,MARKET,0,15
SUBMIT,7,0,BUY,LIMIT,9998,44
CANCEL,1,0,,,0,0
SUBMIT,8,0,SELL,LIMIT,10004,45
SUBMIT,9,0,SELL,LIMIT,10004,2
SUBMIT,10,0,SELL,LIMIT,10007,4
CANCEL,8,0,,,0,0
CANCEL,9,0,,,0,0
SUBMIT,11,1,BUY,LIMIT,9999,16
MODIFY,3,0,,,10003,16
SUBMIT,12,0,SELL,LIMIT,10003,33
CANCEL,7,0,,,0,0
SUBMIT,13,0,BUY,MARKET,0,21
SUBMIT,14,0,BUY,LIMIT,10000,23
CANCEL,10,0,,,0,0
SUBMIT,15,0,BUY,LIMIT,9998,24
SUBMIT,16,0,BUY,MARKET,0,29
SUBMIT,17,0,SELL,LIMIT,10002,2
SUBMIT,18,0,BUY,LIMIT,9999,16
SUBMIT,19,0,BUY,LIMIT,9999,32
MODIFY,11,0,,,10000,13
MODIFY,3,0,,,10003,13
SUBMIT,20,0,BUY,LIMIT,9995,36
SUBMIT,21,0,SELL,LIMIT,10006,40
SUBMIT,22,0,SELL,LIMIT,10004,39
CANCEL,4,0,,,0,0
CANCEL,21,0,,,0,0
SUBMIT,23,0,BUY,LIMIT,9997,24
CANCEL,15,0,,,0,0
SUBMIT,24,0,BUY,MARKET,0,11
SUBMIT,25,0,SELL,LIMIT,10002,39
CANCEL,19,0,,,0,0
MODIFY,11,0,,,10000,20
MODIFY,3,0,,,10002,20
SUBMIT,26,0,BUY,LIMIT,9996,48
SUBMIT,27,0,BUY,MARKET,0,10
CANCEL,17,0,,,0,0
SUBMIT,28,0,BUY,LIMIT,10001,41
CANCEL,28,0,,,0,0
SUBMIT,29,0,BUY,LIMIT,9997,34
CANCEL,22,0,,,0,0
SUBMIT,30,0,SELL,LIMIT,10005,6
SUBMIT,31,0,SELL,MARKET,0,32
SUBMIT,32,0,BUY,LIMIT,9997,22
MODIFY,11,0,,,10000,7
MODIFY,3,0,,,10002,7
SUBMIT,33,0,BUY,LIMIT,9997,10
SUBMIT,34,0,BUY,LIMIT,9999,3
SUBMIT,35,0,BUY,LIMIT,9998,46
SUBMIT,36,0,SELL,LIMIT,10003,38
SUBMIT,37,0,SELL,LIMIT,10001,49
SUBMIT,38,0,BUY,LIMIT,9998,44
SUBMIT,39,0,BUY,LIMIT,9998,21
CANCEL,23,0,,,0,0
CANCEL,18,0,,,0,0
SUBMIT,40,0,BUY,MARKET,0,5
MODIFY,11,0,,,9999,10
MODIFY,3,0,,,10003,10
SUBMIT,41,0,BUY,LIMIT,10000,5
SUBMIT,42,0,SELL,LIMIT,10002,29
SUBMIT,43,0,SELL,LIMIT,10003,39
CANCEL,35,0,,,0,0
SUBMIT,44,0,SELL,LIMIT,10005,8
SUBMIT,45,0,BUY,LIMIT,10001,49
CANCEL,29,0,,,0,0
SUBMIT,46,0,SELL,MARKET,0,25
CANCEL,36,0,,,0,0
SUBMIT,47,0,BUY,MARKET,0,25
SUBMIT,48,1,BUY,LIMIT,10000,20
MODIFY,3,0,,,10004,20
SUBMIT,49,0,BUY,LIMIT,9997,26
SUBMIT,50,0,BUY,LIMIT,9999,15
SUBMIT,51,0,SELL,LIMIT,10001,26
SUBMIT,52,0,BUY,LIMIT,9997,49
SUBMIT,53,0,BUY,MARKET,0,19
SUBMIT,54,0,SELL,LIMIT,10004,4
SUBMIT,55,0,SELL,LIMIT,10003,16
SUBMIT,56,0,BUY,LIMIT,9999,44
CANCEL,14,0,,,0,0
CANCEL,51,0,,,0,0
MODIFY,48,0,,,9999,4
MODIFY,3,0,,,10004,4
SUBMIT,57,0,SELL,LIMIT,10003,30
SUBMIT,58,0,BUY,LIMIT,9998,4
SUBMIT,59,0,BUY,MARKET,0,50
SUBMIT,60,0,BUY,MARKET,0,41
SUBMIT,61,0,SELL,LIMIT,10004,29
CANCEL,54,0,,,0,0
SUBMIT,62,0,BUY,LIMIT,9998,30
SUBMIT,63,0,BUY,LIMIT,9995,12
CANCEL,39,0,,,0,0
SUBMIT,64,0,BUY,LIMIT,10000,12
MODIFY,48,0,,,10000,6
MODIFY,3,0,,,10002,6
SUBMIT,65,0,BUY,LIMIT,9998,14
SUBMIT,66,0,BUY,LIMIT,9996,26
SUBMIT,67,0,SELL,MARKET,0,32
CANCEL,58,0,,,0,0
SUBMIT,68,0,BUY,LIMIT,9998,19
SUBMIT,69,0,SELL,MARKET,0,31
CANCEL,62,0,,,0,0
CANCEL,42,0,,,0,0
SUBMIT,70,0,SELL,LIMIT,10003,25
CANCEL,68,0,,,0,0
SUBMIT,71,1,BUY,LIMIT,9996,20
MODIFY,3,0,,,10002,20
SUBMIT,72,0,BUY,LIMIT,9995,11
SUBMIT,73,0,SELL,LIMIT,10004,31
CANCEL,26,0,,,0,0
SUBMIT,74,0,BUY,LIMIT,9999,42
SUBMIT,75,0,BUY,LIMIT,9997,15
SUBMIT,76,0,BUY,LIMIT,9999,49
SUBMIT,77,0,BUY,LIMIT,9996,49
CANCEL,63,0,,,0,0
SUBMIT,78,0,SELL,LIMIT,10006,43
CANCEL,77,0,,,0,0
MODIFY,71,0,,,9999,13
MODIFY,3,0,,,10002,13
SUBMIT,79,0,SELL,LIMIT,10002,1
CANCEL,72,0,,,0,0
SUBMIT,80,0,SELL,MARKET,0,15
SUBMIT,81,0,SELL,LIMIT,10005,23
SUBMIT,82,0,SELL,LIMIT,10005,49
SUBMIT,83,0,BUY,LIMIT,9995,34
SUBMIT,84,0,BUY,LIMIT,9997,31
SUBMIT,85,0,SELL,LIMIT,10001,6
SUBMIT,86,0,BUY,LIMIT,9997,39
SUBMIT,87,0,BUY,LIMIT,9998,43
MODIFY,71,0,,,9998,9
MODIFY,3,0,,,10000,9
SUBMIT,88,0,SELL,LIMIT,10003,20
SUBMIT,89,0,SELL,LIMIT,10003,48
SUBMIT,90,0,SELL,LIMIT,9999,22
SUBMIT,91,0,BUY,LIMIT,9996,10
SUBMIT,92,0,SELL,LIMIT,10001,16
SUBMIT,93,0,BUY,LIMIT,9997,37
CANCEL,93,0,,,0,0
SUBMIT,94,0,SELL,LIMIT,10000,5
CANCEL,52,0,,,0,0
SUBMIT,95,0,SELL,LIMIT,10003,47
MODIFY,71,0,,,9997,17
MODIFY,3,0,,,10000,17
CANCEL,56,0,,,0,0
SUBMIT,96,0,SELL,LIMIT,10005,6
SUBMIT,97,0,SELL,LIMIT,10005,34
SUBMIT,98,0,BUY,MARKET,0,21
SUBMIT,99,0,BUY,LIMIT,9998,25
SUBMIT,100,0,BUY,LIMIT,9999,13
CANCEL,82,0,,,0,0
SUBMIT,101,0,SELL,LIMIT,10004,33
SUBMIT,102,0,BUY,LIMIT,9994,43
CANCEL,100,0,,,0,0
MODIFY,71,0,,,9997,9
MODIFY,3,0,,,10002,9
CANCEL,79,0,,,0,0
CANCEL,49,0,,,0,0
SUBMIT,103,0,BUY,LIMIT,9997,27
CANCEL,37,0,,,0,0
CANCEL,92,0,,,0,0
SUBMIT,104,0,SELL,LIMIT,10000,26
SUBMIT,105,0,BUY,LIMIT,9996,50
SUBMIT,106,0,BUY,LIMIT,9996,45
SUBMIT,107,0,SELL,LIMIT,10002,35
SUBMIT,108,0,SELL,LIMIT,10001,46
MODIFY,71,0,,,9997,13
MODIFY,3,0,,,10001,13
SUBMIT,109,0,BUY,LIMIT,9995,4
CANCEL,81,0,,,0,0
SUBMIT,110,0,BUY,LIMIT,9998,14
SUBMIT,111,0,BUY,LIMIT,9997,31
CANCEL,110,0,,,0,0
CANCEL,105,0,,,0,0
CANCEL,25,0,,,0,0
SUBMIT,112,0,SELL,LIMIT,10002,28
SUBMIT,113,0,BUY,LIMIT,9995,37
SUBMIT,114,0,SELL,LIMIT,9999,21
MODIFY,71,0,,,9995,13
MODIFY,3,0,,,10001,13
SUBMIT,115,0,SELL,MARKET,0,25
SUBMIT,116,0,SELL,LIMIT,10002,49
SUBMIT,117,0,BUY,LIMIT,9997,11
SUBMIT,118,0,BUY,LIMIT,9996,45
CANCEL,118,0,,,0,0
SUBMIT,119,0,SELL,LIMIT,10001,45
SUBMIT,120,0,SELL,LIMIT,9998,16
SUBMIT,121,0,BUY,LIMIT,9996,24
SUBMIT,122,0,BUY,LIMIT,9997,44
SUBMIT,123,0,SELL,LIMIT,10000,48
MODIFY,71,0,,,9997,17
MODIFY,3,0,,,10000,17
SUBMIT,124,0,SELL,LIMIT,10001,24
CANCEL,33,0,,,0,0
SUBMIT,125,0,SELL,LIMIT,9999,21
SUBMIT,126,0,SELL,LIMIT,10000,6
SUBMIT,127,0,BUY,LIMIT,9997,27
CANCEL,34,0,,,0,0
SUBMIT,128,0,SELL,LIMIT,10003,21
SUBMIT,129,0,BUY,LIMIT,9997,8
CANCEL,70,0,,,0,0
SUBMIT,130,0,BUY,LIMIT,9995,12
MODIFY,71,0,,,9997,19
MODIFY,3,0,,,10001,19
SUBMIT,131,0,SELL,LIMIT,10001,48
CANCEL,129,0,,,0,0
SUBMIT,132,0,SELL,MARKET,0,22
SUBMIT,133,0,SELL,MARKET,0,33
SUBMIT,134,0,SELL,LIMIT,10001,16
SUBMIT,135,0,SELL,LIMIT,10002,22
SUBMIT,136,0,BUY,LIMIT,9998,24
SUBMIT,137,0,BUY,LIMIT,9994,24
SUBMIT,138,0,BUY,LIMIT,9997,26
SUBMIT,139,0,BUY,LIMIT,9995,35
MODIFY,71,0,,,9997,11
MODIFY,3,0,,,10001,11
SUBMIT,140,0,BUY,LIMIT,9995,49
SUBMIT,141,0,SELL,LIMIT,10003,4
SUBMIT,142,0,BUY,LIMIT,9995,10
CANCEL,65,0,,,0,0
SUBMIT,143,0,BUY,MARKET,0,37
CANCEL,137,0,,,0,0
SUBMIT,144,0,BUY,LIMIT,9998,5
CANCEL,124,0,,,0,0
SUBMIT,145,0,SELL,MARKET,0,24
SUBMIT,146,0,BUY,LIMIT,9996,39
MODIFY,71,0,,,9996,8
MODIFY,3,0,,,9999,8
SUBMIT,147,0,SELL,LIMIT,10001,17
SUBMIT,148,0,BUY,MARKET,0,8
SUBMIT,149,0,SELL,LIMIT,10000,28
SUBMIT,150,0,BUY,LIMIT,9994,44
SUBMIT,151,0,SELL,LIMIT,9999,37
CANCEL,125,0,,,0,0
SUBMIT,152,0,SELL,LIMIT,9998,31
SUBMIT,153,0,SELL,MARKET,0,49
CANCEL,102,0,,,0,0
CANCEL,55,0,,,0,0
MODIFY,71,0,,,9995,9
SUBMIT,154,1,SELL,LIMIT,10001,9
SUBMIT,155,0,SELL,LIMIT,10003,40
SUBMIT,156,0,BUY,LIMIT,9993,25
SUBMIT,157,0,BUY,LIMIT,9994,24
SUBMIT,158,0,BUY,MARKET,0,37
SUBMIT,159,0,BUY,LIMIT,9996,22
CANCEL,150,0,,,0,0
SUBMIT,160,0,BUY,LIMIT,9993,19
SUBMIT,161,0,BUY,LIMIT,9993,13
SUBMIT,162,0,BUY,LIMIT,9994,15
SUBMIT,163,0,SELL,LIMIT,10000,42
MODIFY,71,0,,,9996,14
MODIFY,154,0,,,10002,14
SUBMIT,164,0,SELL,LIMIT,10000,7
CANCEL,139,0,,,0,0
CANCEL,122,0,,,0,0
SUBMIT,165,0,BUY,LIMIT,9996,1
CANCEL,111,0,,,0,0
CANCEL,149,0,,,0,0
SUBMIT,166,0,SELL,LIMIT,10001,40
CANCEL,147,0,,,0,0
SUBMIT,167,0,SELL,MARKET,0,26
SUBMIT,168,0,SELL,LIMIT,10002,8
MODIFY,71,0,,,9995,19
MODIFY,154,0,,,10000,19
SUBMIT,169,0,SELL,LIMIT,10002,49
CANCEL,164,0,,,0,0
SUBMIT,170,0,BUY,LIMIT,9995,31
SUBMIT,171,0,BUY,MARKET,0,30
CANCEL,97,0,,,0,0
SUBMIT,172,0,SELL,LIMIT,10001,42
SUBMIT,173,0,BUY,LIMIT,9992,49
SUBMIT,174,0,BUY,LIMIT,9992,16
SUBMIT,175,0,BUY,LIMIT,9994,18
CANCEL,30,0,,,0,0
MODIFY,71,0,,,9995,7
MODIFY,154,0,,,10001,7
SUBMIT,176,0,BUY,LIMIT,9994,49
SUBMIT,177,0,BUY,LIMIT,9993,23
CANCEL,75,0,,,0,0
SUBMIT,178,0,SELL,LIMIT,10004,33
SUBMIT,179,0,BUY,LIMIT,9996,35
CANCEL,140,0,,,0,0
SUBMIT,180,0,BUY,LIMIT,9997,41
CANCEL,142,0,,,0,0
SUBMIT,181,0,BUY,LIMIT,9995,35
SUBMIT,182,0,BUY,LIMIT,9996,50
MODIFY,71,0,,,9996,7
MODIFY,154,0,,,9998,7
CANCEL,172,0,,,0,0
SUBMIT,183,0,BUY,LIMIT,9994,7
CANCEL,175,0,,,0,0
SUBMIT,184,0,BUY,LIMIT,9995,29
SUBMIT,185,0,BUY,LIMIT,9994,42
SUBMIT,186,0,BUY,LIMIT,9994,2
SUBMIT,187,0,BUY,LIMIT,9994,11
SUBMIT,188,0,SELL,LIMIT,10000,35
CANCEL,78,0,,,0,0
SUBMIT,189,0,SELL,LIMIT,10004,9
MODIFY,71,0,,,9998,7
SUBMIT,190,1,SELL,LIMIT,10002,7
CANCEL,183,0,,,0,0
SUBMIT,191,0,BUY,LIMIT,9995,9
CANCEL,50,0,,,0,0
SUBMIT,192,0,SELL,MARKET,0,29
SUBMIT,193,0,BUY,LIMIT,9995,17
CANCEL,96,0,,,0,0
SUBMIT,194,0,SELL,LIMIT,10003,33
SUBMIT,195,0,SELL,LIMIT,10004,45
SUBMIT,196,0,BUY,LIMIT,9996,33
CANCEL,178,0,,,0,0
SUBMIT,197,1,BUY,LIMIT,9996,13
MODIFY,190,0,,,10000,13
CANCEL,174,0,,,0,0
SUBMIT,198,0,BUY,LIMIT,9996,19
SUBMIT,199,0,SELL,LIMIT,10000,50
SUBMIT,200,0,BUY,LIMIT,9993,35
CANCEL,91,0,,,0,0
CANCEL,185,0,,,0,0
SUBMIT,201,0,BUY,LIMIT,9997,16
SUBMIT,202,0,BUY,LIMIT,9997,17
CANCEL,199,0,,,0,0
SUBMIT,203,0,BUY,LIMIT,9999,40
MODIFY,197,0,,,9997,12
MODIFY,190,0,,,10001,12
SUBMIT,204,0,BUY,LIMIT,9996,48
SUBMIT,205,0,BUY,MARKET,0,9
SUBMIT,206,0,BUY,LIMIT,9998,9
SUBMIT,207,0,SELL,LIMIT,10005,8
SUBMIT,208,0,BUY,MARKET,0,45
SUBMIT,209,0,SELL,LIMIT,10000,26
SUBMIT,210,0,BUY,LIMIT,9998,40
SUBMIT,211,0,BUY,LIMIT,9996,28
SUBMIT,212,0,BUY,LIMIT,9994,12
CANCEL,130,0,,,0,0
MODIFY,197,0,,,9997,18
MODIFY,190,0,,,10001,18
SUBMIT,213,0,BUY,LIMIT,9997,9
SUBMIT,214,0,SELL,LIMIT,10000,33
SUBMIT,215,0,BUY,LIMIT,9996,3
SUBMIT,216,0,BUY,LIMIT,9993,47
SUBMIT,217,0,SELL,LIMIT,9999,34
SUBMIT,218,0,BUY,LIMIT,9993,21
CANCEL,12,0,,,0,0
SUBMIT,219,0,BUY,LIMIT,9994,35
CANCEL,73,0,,,0,0
SUBMIT,220,0,SELL,LIMIT,9999,48
MODIFY,197,0,,,9994,7
MODIFY,190,0,,,10000,7
SUBMIT,221,0,SELL,MARKET,0,17
CANCEL,106,0,,,0,0
SUBMIT,222,0,SELL,MARKET,0,15
SUBMIT,223,0,BUY,LIMIT,9993,34
CANCEL,218,0,,,0,0
SUBMIT,224,0,SELL,LIMIT,10000,25
CANCEL,203,0,,,0,0
SUBMIT,225,0,SELL,LIMIT,10003,5
SUBMIT,226,0,SELL,LIMIT,10001,41
CANCEL,88,0,,,0,0
MODIFY,197,0,,,9996,5
MODIFY,190,0,,,10000,5
SUBMIT,227,0,SELL,LIMIT,9998,33
CANCEL,144,0,,,0,0
SUBMIT,228,0,BUY,LIMIT,9996,23
SUBMIT,229,0,SELL,LIMIT,10000,7
CANCEL,168,0,,,0,0
CANCEL,195,0,,,0,0
SUBMIT,230,0,SELL,MARKET,0,26
CANCEL,176,0,,,0,0
CANCEL,64,0,,,0,0
SUBMIT,231,0,SELL,LIMIT,10000,48
MODIFY,197,0,,,9995,15
MODIFY,190,0,,,9999,15
SUBMIT,232,0,BUY,LIMIT,9994,19
CANCEL,210,0,,,0,0
SUBMIT,233,0,BUY,LIMIT,9994,38
SUBMIT,234,0,SELL,LIMIT,10000,13
CANCEL,181,0,,,0,0
CANCEL,151,0,,,0,0
SUBMIT,235,0,SELL,LIMIT,9998,18
CANCEL,216,0,,,0,0
SUBMIT,236,0,SELL,LIMIT,9999,41
SUBMIT,237,0,SELL,LIMIT,10001,35
MODIFY,197,0,,,9995,17
MODIFY,190,0,,,9997,17
SUBMIT,238,0,SELL,LIMIT,10001,42
SUBMIT,239,0,SELL,LIMIT,9998,14
CANCEL,43,0,,,0,0
CANCEL,162,0,,,0,0
SUBMIT,240,0,SELL,MARKET,0,25
SUBMIT,241,0,BUY,LIMIT,9996,45
SUBMIT,242,0,SELL,LIMIT,10000,15
SUBMIT,243,0,SELL,LIMIT,10000,27
CANCEL,187,0,,,0,0
SUBMIT,244,0,SELL,LIMIT,10001,38
MODIFY,197,0,,,9997,7
SUBMIT,245,1,SELL,LIMIT,10000,7
SUBMIT,246,0,SELL,LIMIT,10001,6
CANCEL,206,0,,,0,0
SUBMIT,247,0,SELL,LIMIT,10000,50
SUBMIT,248,0,SELL,LIMIT,10000,6
SUBMIT,249,0,SELL,MARKET,0,5
CANCEL,173,0,,,0,0
SUBMIT,250,0,BUY,LIMIT,9999,24
SUBMIT,251,0,BUY,LIMIT,9994,40
CANCEL,226,0,,,0,0
SUBMIT,252,0,SELL,LIMIT,10004,6
MODIFY,197,0,,,9997,11
MODIFY,245,0,,,10003,11
CANCEL,99,0,,,0,0
SUBMIT,253,0,SELL,MARKET,0,37
CANCEL,45,0,,,0,0
SUBMIT,254,0,SELL,LIMIT,10005,49
SUBMIT,255,0,BUY,LIMIT,9997,14
SUBMIT,256,0,BUY,LIMIT,9997,33
CANCEL,233,0,,,0,0
SUBMIT,257,0,BUY,LIMIT,9999,35
SUBMIT,258,0,BUY,MARKET,0,30
SUBMIT,259,0,SELL,LIMIT,10003,25
MODIFY,197,0,,,9999,17
MODIFY,245,0,,,10003,17
CANCEL,232,0,,,0,0
CANCEL,136,0,,,0,0
SUBMIT,260,0,SELL,LIMIT,10005,14
CANCEL,231,0,,,0,0
SUBMIT,261,0,SELL,LIMIT,10002,28
SUBMIT,262,0,SELL,LIMIT,10003,1
SUBMIT,263,0,SELL,LIMIT,10000,26
SUBMIT,264,0,SELL,MARKET,0,6
SUBMIT,265,0,BUY,LIMIT,9993,6
SUBMIT,266,0,SELL,LIMIT,10000,50
SUBMIT,267,1,BUY,LIMIT,9996,15
MODIFY,245,0,,,10000,15
SUBMIT,268,0,SELL,LIMIT,10002,20
SUBMIT,269,0,SELL,LIMIT,10002,48
SUBMIT,270,0,BUY,LIMIT,9994,45
SUBMIT,271,0,BUY,LIMIT,9995,17
SUBMIT,272,0,SELL,MARKET,0,48
SUBMIT,273,0,BUY,LIMIT,9995,19
CANCEL,273,0,,,0,0
SUBMIT,274,0,BUY,LIMIT,9994,24
SUBMIT,275,0,SELL,LIMIT,10000,16
SUBMIT,276,0,BUY,LIMIT,9993,30
MODIFY,267,0,,,9995,7
MODIFY,245,0,,,9999,7
SUBMIT,277,0,SELL,LIMIT,9999,20
CANCEL,141,0,,,0,0
SUBMIT,278,0,BUY,LIMIT,9991,7
SUBMIT,279,0,BUY,MARKET,0,27
SUBMIT,280,0,BUY,MARKET,0,31
SUBMIT,281,0,SELL,LIMIT,9997,32
SUBMIT,282,0,BUY,LIMIT,9992,28
SUBMIT,283,0,BUY,MARKET,0,42
SUBMIT,284,0,BUY,LIMIT,9990,1
SUBMIT,285,0,SELL,LIMIT,9997,36
MODIFY,267,0,,,9991,17
SUBMIT,286,1,SELL,LIMIT,9996,17
SUBMIT,287,0,SELL,LIMIT,9997,14
SUBMIT,288,0,SELL,MARKET,0,37
SUBMIT,289,0,SELL,LIMIT,9996,47
CANCEL,270,0,,,0,0
SUBMIT,290,0,BUY,LIMIT,9989,33
SUBMIT,291,0,SELL,LIMIT,9997,1
SUBMIT,292,0,BUY,LIMIT,9993,15
SUBMIT,293,0,BUY,LIMIT,9993,35
SUBMIT,294,0,BUY,MARKET,0,7
SUBMIT,295,0,BUY,LIMIT,9993,38
MODIFY,267,0,,,9994,7
SUBMIT,296,1,SELL,LIMIT,9996,7
SUBMIT,297,0,SELL,LIMIT,9998,40
SUBMIT,298,0,SELL,LIMIT,9997,45
SUBMIT,299,0,BUY,LIMIT,9989,6
SUBMIT,300,0,BUY,LIMIT,9992,8
SUBMIT,301,0,BUY,LIMIT,9991,5
CANCEL,32,0,,,0,0
CANCEL,248,0,,,0,0
SUBMIT,302,0,SELL,MARKET,0,16
CANCEL,107,0,,,0,0
CANCEL,146,0,,,0,0
MODIFY,267,0,,,9991,3
SUBMIT,303,1,SELL,LIMIT,9996,3
CANCEL,76,0,,,0,0
SUBMIT,304,0,SELL,LIMIT,9998,10
SUBMIT,305,0,BUY,LIMIT,9991,30
SUBMIT,306,0,BUY,LIMIT,9992,44
SUBMIT,307,0,BUY,LIMIT,9993,46
SUBMIT,308,0,SELL,LIMIT,9997,33
SUBMIT,309,0,BUY,LIMIT,9994,49
SUBMIT,310,0,BUY,LIMIT,9990,12
CANCEL,278,0,,,0,0
SUBMIT,311,0,SELL,LIMIT,9996,21
MODIFY,267,0,,,9992,12
SUBMIT,312,1,SELL,LIMIT,9996,12
SUBMIT,313,0,SELL,LIMIT,9998,32
SUBMIT,314,0,BUY,LIMIT,9990,26
SUBMIT,315,0,SELL,LIMIT,9994,32
SUBMIT,316,0,BUY,MARKET,0,31
SUBMIT,317,0,SELL,LIMIT,9995,38
CANCEL,191,0,,,0,0
SUBMIT,318,0,BUY,MARKET,0,25
CANCEL,277,0,,,0,0
SUBMIT,319,0,SELL,LIMIT,9991,7
CANCEL,128,0,,,0,0
MODIFY,267,0,,,9988,7
SUBMIT,320,1,SELL,LIMIT,9991,7
SUBMIT,321,0,BUY,LIMIT,9989,27
SUBMIT,322,0,BUY,LIMIT,9990,33
SUBMIT,323,0,BUY,LIMIT,9987,10
CANCEL,234,0,,,0,0
CANCEL,223,0,,,0,0
SUBMIT,324,0,SELL,MARKET,0,32
SUBMIT,325,0,BUY,LIMIT,9987,17
CANCEL,5,0,,,0,0
SUBMIT,326,0,SELL,LIMIT,9996,27
SUBMIT,327,0,BUY,LIMIT,9986,25
MODIFY,267,0,,,9990,14
SUBMIT,328,1,SELL,LIMIT,9993,14
SUBMIT,329,0,SELL,LIMIT,9993,9
SUBMIT,330,0,SELL,LIMIT,9994,29
CANCEL,112,0,,,0,0
CANCEL,262,0,,,0,0
SUBMIT,331,0,SELL,LIMIT,9994,30
CANCEL,131,0,,,0,0
SUBMIT,332,0,SELL,LIMIT,9993,24
CANCEL,309,0,,,0,0
CANCEL,299,0,,,0,0
SUBMIT,333,0,BUY,LIMIT,9986,43
MODIFY,267,0,,,9988,12
SUBMIT,334,1,SELL,LIMIT,9992,12
SUBMIT,335,0,BUY,LIMIT,9988,44
SUBMIT,336,0,BUY,LIMIT,9985,44
CANCEL,103,0,,,0,0
CANCEL,336,0,,,0,0
CANCEL,123,0,,,0,0
SUBMIT,337,0,SELL,LIMIT,9994,1
SUBMIT,338,0,BUY,LIMIT,9989,41
CANCEL,295,0,,,0,0
CANCEL,237,0,,,0,0
SUBMIT,339,0,BUY,LIMIT,9989,34
MODIFY,267,0,,,9989,3
SUBMIT,340,1,SELL,LIMIT,9992,3
SUBMIT,341,0,SELL,LIMIT,9992,13
CANCEL,119,0,,,0,0
CANCEL,213,0,,,0,0
CANCEL,104,0,,,0,0
CANCEL,186,0,,,0,0
SUBMIT,342,0,BUY,MARKET,0,7
CANCEL,322,0,,,0,0
SUBMIT,343,0,SELL,LIMIT,9993,4
CANCEL,238,0,,,0,0
SUBMIT,344,0,SELL,LIMIT,9990,42
MODIFY,267,0,,,9988,1
SUBMIT,345,1,SELL,LIMIT,9992,1
SUBMIT,346,0,BUY,LIMIT,9984,22
CANCEL,346,0,,,0,0
SUBMIT,347,0,SELL,LIMIT,9989,35
CANCEL,292,0,,,0,0
SUBMIT,348,0,BUY,LIMIT,9982,26
CANCEL,255,0,,,0,0
SUBMIT,349,0,SELL,MARKET,0,26
SUBMIT,350,0,BUY,LIMIT,9983,8
SUBMIT,351,0,SELL,LIMIT,9989,44
SUBMIT,352,0,BUY,LIMIT,9984,39
MODIFY,267,0,,,9984,5
SUBMIT,353,1,SELL,LIMIT,9990,5
SUBMIT,354,0,SELL,LIMIT,9989,23
SUBMIT,355,0,BUY,LIMIT,9985,17
CANCEL,282,0,,,0,0
CANCEL,275,0,,,0,0
SUBMIT,356,0,SELL,LIMIT,9992,45
CANCEL,291,0,,,0,0
SUBMIT,357,0,SELL,MARKET,0,37
SUBMIT,358,0,BUY,LIMIT,9987,11
SUBMIT,359,0,BUY,LIMIT,9987,43
CANCEL,41,0,,,0,0
MODIFY,267,0,,,9986,20
SUBMIT,360,1,SELL,LIMIT,9991,20
SUBMIT,361,0,SELL,LIMIT,9991,2
SUBMIT,362,0,BUY,LIMIT,9987,4
SUBMIT,363,0,SELL,LIMIT,9993,8
SUBMIT,364,0,BUY,LIMIT,9986,24
SUBMIT,365,0,SELL,LIMIT,9994,7
CANCEL,325,0,,,0,0
SUBMIT,366,0,SELL,LIMIT,9994,50
CANCEL,314,0,,,0,0
SUBMIT,367,0,SELL,LIMIT,9997,47
CANCEL,260,0,,,0,0
MODIFY,267,0,,,9989,3
SUBMIT,368,1,SELL,LIMIT,9994,3
CANCEL,86,0,,,0,0
CANCEL,251,0,,,0,0
SUBMIT,369,0,SELL,LIMIT,9991,42
CANCEL,166,0,,,0,0
SUBMIT,370,0,SELL,LIMIT,9991,44
SUBMIT,371,0,BUY,LIMIT,9987,42
SUBMIT,372,0,SELL,LIMIT,9991,29
SUBMIT,373,0,SELL,LIMIT,9993,19
SUBMIT,374,0,SELL,LIMIT,9991,15
CANCEL,308,0,,,0,0
MODIFY,267,0,,,9986,3
MODIFY,368,0,,,9990,3
SUBMIT,375,0,BUY,LIMIT,9986,38
SUBMIT,376,0,SELL,LIMIT,9993,19
CANCEL,274,0,,,0,0
SUBMIT,377,0,SELL,LIMIT,9992,2
SUBMIT,378,0,BUY,MARKET,0,10
SUBMIT,379,0,BUY,MARKET,0,30
SUBMIT,380,0,SELL,LIMIT,9990,4
SUBMIT,381,0,BUY,LIMIT,9985,40
SUBMIT,382,0,SELL,LIMIT,9991,22
SUBMIT,383,0,BUY,MARKET,0,25
MODIFY,267,0,,,9988,7
SUBMIT,384,1,SELL,LIMIT,9992,7
SUBMIT,385,0,SELL,LIMIT,9995,46
SUBMIT,386,0,SELL,LIMIT,9991,16
SUBMIT,387,0,BUY,LIMIT,9987,47
SUBMIT,388,0,BUY,LIMIT,9989,38
SUBMIT,389,0,SELL,LIMIT,9995,5
SUBMIT,390,0,SELL,LIMIT,9993,16
CANCEL,84,0,,,0,0
SUBMIT,391,0,SELL,LIMIT,9997,21
CANCEL,298,0,,,0,0
SUBMIT,392,0,SELL,LIMIT,9994,17
MODIFY,267,0,,,9988,20
SUBMIT,393,1,SELL,LIMIT,9992,20
CANCEL,135,0,,,0,0
SUBMIT,394,0,BUY,LIMIT,9986,27
SUBMIT,395,0,SELL,MARKET,0,18
SUBMIT,396,0,SELL,LIMIT,9994,37
SUBMIT,397,0,BUY,MARKET,0,32
SUBMIT,398,0,BUY,LIMIT,9987,19
SUBMIT,399,0,SELL,LIMIT,9992,28
SUBMIT,400,0,BUY,LIMIT,9990,37
SUBMIT,401,0,SELL,LIMIT,9993,13
SUBMIT,402,0,SELL,LIMIT,9991,35
MODIFY,267,0,,,9989,6
SUBMIT,403,1,SELL,LIMIT,9991,6
CANCEL,252,0,,,0,0
SUBMIT,404,0,BUY,LIMIT,9989,13
SUBMIT,405,0,BUY,LIMIT,9990,17
SUBMIT,406,0,BUY,LIMIT,9987,14
SUBMIT,407,0,SELL,MARKET,0,49
SUBMIT,408,0,BUY,LIMIT,9986,14
SUBMIT,409,0,BUY,LIMIT,9991,21
CANCEL,394,0,,,0,0
CANCEL,259,0,,,0,0
SUBMIT,410,0,SELL,MARKET,0,36
MODIFY,267,0,,,9988,5
SUBMIT,411,1,SELL,LIMIT,9992,5
SUBMIT,412,0,SELL,LIMIT,9996,31
SUBMIT,413,0,SELL,LIMIT,9993,41
CANCEL,198,0,,,0,0
SUBMIT,414,0,SELL,LIMIT,9998,23
SUBMIT,415,0,SELL,LIMIT,9996,30
CANCEL,305,0,,,0,0
SUBMIT,416,0,SELL,LIMIT,9999,6
SUBMIT,417,0,BUY,MARKET,0,17
CANCEL,241,0,,,0,0
CANCEL,165,0,,,0,0
MODIFY,267,0,,,9991,7
MODIFY,411,0,,,9996,7
CANCEL,169,0,,,0,0
SUBMIT,418,0,BUY,LIMIT,9990,45
SUBMIT,419,0,BUY,LIMIT,9990,40
SUBMIT,420,0,SELL,LIMIT,9995,7
SUBMIT,421,0,SELL,LIMIT,9997,9
SUBMIT,422,0,SELL,LIMIT,9995,14
CANCEL,371,0,,,0,0
SUBMIT,423,0,BUY,MARKET,0,17
SUBMIT,424,0,SELL,LIMIT,9994,38
SUBMIT,425,0,BUY,LIMIT,9991,6
MODIFY,267,0,,,9989,14
MODIFY,411,0,,,9993,14
SUBMIT,426,0,BUY,LIMIT,9988,39
SUBMIT,427,0,SELL,LIMIT,9995,46
SUBMIT,428,0,BUY,LIMIT,9989,30
SUBMIT,429,0,SELL,MARKET,0,40
CANCEL,207,0,,,0,0
SUBMIT,430,0,BUY,LIMIT,9986,27
SUBMIT,431,0,SELL,LIMIT,9991,25
SUBMIT,432,0,SELL,LIMIT,9995,28
CANCEL,327,0,,,0,0
CANCEL,362,0,,,0,0
MODIFY,267,0,,,9987,16
MODIFY,411,0,,,9992,16
CANCEL,184,0,,,0,0
CANCEL,392,0,,,0,0
SUBMIT,433,0,BUY,LIMIT,9986,20
SUBMIT,434,0,BUY,LIMIT,9986,35
SUBMIT,435,0,SELL,LIMIT,9995,23
CANCEL,290,0,,,0,0
SUBMIT,436,0,BUY,LIMIT,9986,1
SUBMIT,437,0,SELL,LIMIT,9992,8
SUBMIT,438,0,BUY,LIMIT,9990,33
CANCEL,179,0,,,0,0
MODIFY,267,0,,,9990,19
MODIFY,411,0,,,9995,19
SUBMIT,439,0,BUY,MARKET,0,37
SUBMIT,440,0,BUY,MARKET,0,22
SUBMIT,441,0,SELL,LIMIT,9992,36
SUBMIT,442,0,BUY,MARKET,0,45
SUBMIT,443,0,BUY,MARKET,0,13
SUBMIT,444,0,SELL,LIMIT,9995,5
SUBMIT,445,0,SELL,LIMIT,9995,9
CANCEL,404,0,,,0,0
SUBMIT,446,0,BUY,MARKET,0,46
SUBMIT,447,0,BUY,LIMIT,9986,6
MODIFY,267,0,,,9988,12
MODIFY,411,0,,,9993,12
SUBMIT,448,0,BUY,LIMIT,9989,23
CANCEL,193,0,,,0,0
CANCEL,389,0,,,0,0
SUBMIT,449,0,BUY,LIMIT,9990,11
SUBMIT,450,0,BUY,MARKET,0,16
SUBMIT,451,0,BUY,LIMIT,9989,50
CANCEL,445,0,,,0,0
CANCEL,412,0,,,0,0
SUBMIT,452,0,SELL,MARKET,0,15
CANCEL,127,0,,,0,0
MODIFY,267,0,,,9988,2
SUBMIT,453,1,SELL,LIMIT,9993,2
CANCEL,157,0,,,0,0
SUBMIT,454,0,BUY,LIMIT,9989,24
SUBMIT,455,0,BUY,LIMIT,9986,6
SUBMIT,456,0,SELL,LIMIT,9995,38
SUBMIT,457,0,BUY,LIMIT,9985,22
SUBMIT,458,0,BUY,LIMIT,9988,7
CANCEL,307,0,,,0,0
CANCEL,256,0,,,0,0
SUBMIT,459,0,BUY,LIMIT,9990,15
SUBMIT,460,0,SELL,LIMIT,9995,35
MODIFY,267,0,,,9988,13
MODIFY,453,0,,,9993,13
SUBMIT,461,0,SELL,LIMIT,9997,44
SUBMIT,462,0,SELL,LIMIT,9996,21
SUBMIT,463,0,SELL,LIMIT,9995,21
SUBMIT,464,0,SELL,MARKET,0,46
CANCEL,254,0,,,0,0
SUBMIT,465,0,BUY,LIMIT,9991,29
CANCEL,451,0,,,0,0
CANCEL,406,0,,,0,0
SUBMIT,466,0,SELL,MARKET,0,16
CANCEL,297,0,,,0,0
MODIFY,267,0,,,9992,7
MODIFY,453,0,,,9995,7
SUBMIT,467,0,SELL,MARKET,0,20
CANCEL,465,0,,,0,0
SUBMIT,468,0,SELL,LIMIT,9998,38
SUBMIT,469,0,BUY,LIMIT,9989,35
SUBMIT,470,0,BUY,LIMIT,9992,29
SUBMIT,471,0,SELL,LIMIT,9995,16
SUBMIT,472,0,BUY,LIMIT,9993,47
SUBMIT,473,0,BUY,MARKET,0,16
SUBMIT,474,0,BUY,MARKET,0,10
SUBMIT,475,0,SELL,LIMIT,9999,31
SUBMIT,476,1,BUY,LIMIT,9991,7
MODIFY,453,0,,,9996,7
SUBMIT,477,0,BUY,MARKET,0,20
SUBMIT,478,0,BUY,LIMIT,9993,23
SUBMIT,479,0,BUY,MARKET,0,17
CANCEL,424,0,,,0,0
SUBMIT,480,0,SELL,LIMIT,9996,47
SUBMIT,481,0,BUY,LIMIT,9990,34
CANCEL,444,0,,,0,0
SUBMIT,482,0,SELL,LIMIT,10000,13
SUBMIT,483,0,BUY,LIMIT,9993,50
SUBMIT,484,0,SELL,LIMIT,9998,29
MODIFY,476,0,,,9993,12
MODIFY,453,0,,,9998,12
SUBMIT,485,0,BUY,LIMIT,9991,16
SUBMIT,486,0,SELL,LIMIT,9996,2
CANCEL,247,0,,,0,0
SUBMIT,487,0,SELL,LIMIT,9998,16
SUBMIT,488,0,BUY,LIMIT,9993,39
SUBMIT,489,0,BUY,LIMIT,9991,25
SUBMIT,490,0,BUY,LIMIT,9992,32
SUBMIT,491,0,BUY,LIMIT,9990,6
CANCEL,57,0,,,0,0
SUBMIT,492,0,BUY,LIMIT,9995,25
MODIFY,476,0,,,9993,4
MODIFY,453,0,,,9997,4
SUBMIT,493,0,BUY,LIMIT,9993,35
SUBMIT,494,0,BUY,MARKET,0,5
CANCEL,435,0,,,0,0
SUBMIT,495,0,SELL,LIMIT,9998,18
SUBMIT,496,0,SELL,MARKET,0,11
CANCEL,478,0,,,0,0
SUBMIT,497,0,SELL,LIMIT,10002,5
SUBMIT,498,0,BUY,LIMIT,9993,26
SUBMIT,499,0,SELL,MARKET,0,29
SUBMIT,500,0,BUY,LIMIT,9994,36
MODIFY,476,0,,,9996,10
MODIFY,453,0,,,9999,10
SUBMIT,501,0,BUY,MARKET,0,24
CANCEL,161,0,,,0,0
CANCEL,94,0,,,0,0
CANCEL,266,0,,,0,0
SUBMIT,502,0,BUY,LIMIT,9996,34
SUBMIT,503,0,SELL,LIMIT,9999,50
CANCEL,482,0,,,0,0
CANCEL,390,0,,,0,0
SUBMIT,504,0,BUY,LIMIT,9996,18
CANCEL,155,0,,,0,0
SUBMIT,505,1,BUY,LIMIT,9996,11
MODIFY,453,0,,,9998,11
SUBMIT,506,0,BUY,LIMIT,9992,36
SUBMIT,507,0,SELL,LIMIT,9998,27
SUBMIT,508,0,SELL,LIMIT,10001,2
SUBMIT,509,0,SELL,LIMIT,10002,7
SUBMIT,510,0,SELL,LIMIT,9998,40
SUBMIT,511,0,BUY,LIMIT,9991,13
SUBMIT,512,0,SELL,LIMIT,9997,2
SUBMIT,513,0,BUY,LIMIT,9991,40
SUBMIT,514,0,SELL,LIMIT,10000,36
SUBMIT,515,0,BUY,LIMIT,9993,50
SUBMIT,516,1,BUY,LIMIT,9994,17
MODIFY,453,0,,,9998,17
CANCEL,468,0,,,0,0
SUBMIT,517,0,BUY,LIMIT,9992,8
SUBMIT,518,0,BUY,LIMIT,9990,8
CANCEL,387,0,,,0,0
CANCEL,313,0,,,0,0
SUBMIT,519,0,BUY,LIMIT,9991,31
SUBMIT,520,0,BUY,LIMIT,9989,4
SUBMIT,521,0,BUY,LIMIT,9988,35
SUBMIT,522,0,SELL,LIMIT,9996,25
SUBMIT,523,0,SELL,LIMIT,9997,13
MODIFY,516,0,,,9991,9
MODIFY,453,0,,,9997,9
SUBMIT,524,0,SELL,LIMIT,9999,45
SUBMIT,525,0,SELL,LIMIT,9999,10
SUBMIT,526,0,SELL,LIMIT,9994,5
CANCEL,271,0,,,0,0
CANCEL,83,0,,,0,0
CANCEL,437,0,,,0,0
SUBMIT,527,0,SELL,LIMIT,9995,44
SUBMIT,528,0,SELL,LIMIT,9995,27
SUBMIT,529,0,SELL,MARKET,0,32
SUBMIT,530,0,SELL,LIMIT,9998,7
MODIFY,516,0,,,9993,9
MODIFY,453,0,,,9997,9
SUBMIT,531,0,BUY,LIMIT,9989,19
SUBMIT,532,0,BUY,LIMIT,9992,30
CANCEL,38,0,,,0,0
CANCEL,490,0,,,0,0
CANCEL,487,0,,,0,0
CANCEL,511,0,,,0,0
SUBMIT,533,0,BUY,LIMIT,9993,23
CANCEL,261,0,,,0,0
CANCEL,523,0,,,0,0
SUBMIT,534,0,BUY,LIMIT,9992,5
MODIFY,516,0,,,9994,1
MODIFY,453,0,,,9997,1
SUBMIT,535,0,BUY,LIMIT,9993,19
CANCEL,512,0,,,0,0
SUBMIT,536,0,SELL,LIMIT,9995,18
CANCEL,182,0,,,0,0
SUBMIT,537,0,BUY,MARKET,0,23
CANCEL,85,0,,,0,0
SUBMIT,538,0,SELL,LIMIT,9999,32
SUBMIT,539,0,BUY,LIMIT,9994,49
SUBMIT,540,0,BUY,LIMIT,9993,30
SUBMIT,541,0,SELL,MARKET,0,13
SUBMIT,542,1,BUY,LIMIT,9995,1
MODIFY,453,0,,,9998,1
SUBMIT,543,0,SELL,LIMIT,10001,41
SUBMIT,544,0,BUY,LIMIT,9990,16
CANCEL,500,0,,,0,0
SUBMIT,545,0,BUY,LIMIT,9993,19
SUBMIT,546,0,BUY,LIMIT,9990,35
CANCEL,497,0,,,0,0
CANCEL,418,0,,,0,0
SUBMIT,547,0,SELL,LIMIT,9999,28
SUBMIT,548,0,SELL,LIMIT,10000,35
SUBMIT,549,0,SELL,MARKET,0,12
SUBMIT,550,1,BUY,LIMIT,9992,18
MODIFY,453,0,,,9997,18
SUBMIT,551,0,SELL,MARKET,0,50
CANCEL,189,0,,,0,0
SUBMIT,552,0,SELL,LIMIT,10000,19
SUBMIT,553,0,BUY,LIMIT,9991,42
SUBMIT,554,0,BUY,LIMIT,9992,1
SUBMIT,555,0,SELL,LIMIT,10002,21
SUBMIT,556,0,BUY,LIMIT,9996,8
SUBMIT,557,0,SELL,MARKET,0,41
CANCEL,522,0,,,0,0
CANCEL,488,0,,,0,0
MODIFY,550,0,,,9995,11
MODIFY,453,0,,,10000,11
SUBMIT,558,0,SELL,LIMIT,9998,49
CANCEL,491,0,,,0,0
SUBMIT,559,0,SELL,LIMIT,10000,33
SUBMIT,560,0,SELL,LIMIT,9997,49
SUBMIT,561,0,SELL,MARKET,0,12
CANCEL,524,0,,,0,0
SUBMIT,562,0,BUY,LIMIT,9995,3
CANCEL,521,0,,,0,0
CANCEL,420,0,,,0,0
SUBMIT,563,0,SELL,LIMIT,10002,21
SUBMIT,564,1,BUY,LIMIT,9998,18
MODIFY,453,0,,,10000,18
SUBMIT,565,0,SELL,LIMIT,10000,35
SUBMIT,566,0,BUY,LIMIT,9994,42
SUBMIT,567,0,BUY,LIMIT,9995,20
SUBMIT,568,0,BUY,LIMIT,9995,33
SUBMIT,569,0,BUY,LIMIT,9998,26
CANCEL,396,0,,,0,0
CANCEL,565,0,,,0,0
SUBMIT,570,0,BUY,LIMIT,9996,44
SUBMIT,571,0,BUY,LIMIT,9997,20
SUBMIT,572,0,SELL,LIMIT,10003,36
SUBMIT,573,1,BUY,LIMIT,10000,11
MODIFY,453,0,,,10003,11
SUBMIT,574,0,BUY,LIMIT,10000,13
SUBMIT,575,0,BUY,LIMIT,9996,34
SUBMIT,576,0,BUY,LIMIT,10000,36
CANCEL,546,0,,,0,0
CANCEL,95,0,,,0,0
SUBMIT,577,0,BUY,LIMIT,9998,44
SUBMIT,578,0,SELL,LIMIT,10003,19
CANCEL,414,0,,,0,0
SUBMIT,579,0,SELL,LIMIT,10004,37
SUBMIT,580,0,BUY,LIMIT,9998,13
SUBMIT,581,1,BUY,LIMIT,10001,7
MODIFY,453,0,,,10005,7
SUBMIT,582,0,BUY,LIMIT,10002,3
CANCEL,547,0,,,0,0
SUBMIT,583,0,SELL,LIMIT,10005,50
SUBMIT,584,0,SELL,LIMIT,10008,28
CANCEL,246,0,,,0,0
SUBMIT,585,0,SELL,LIMIT,10007,14
SUBMIT,586,0,BUY,LIMIT,9999,21
SUBMIT,587,0,SELL,LIMIT,10006,1
SUBMIT,588,0,BUY,LIMIT,10003,38
SUBMIT,589,0,SELL,LIMIT,10005,15
SUBMIT,590,1,BUY,LIMIT,10003,5
MODIFY,453,0,,,10007,5
SUBMIT,591,0,BUY,LIMIT,9998,5
SUBMIT,592,0,BUY,LIMIT,9998,6
SUBMIT,593,0,BUY,LIMIT,9999,47
SUBMIT,594,0,SELL,LIMIT,10008,21
CANCEL,44,0,,,0,0
SUBMIT,595,0,BUY,LIMIT,9999,6
SUBMIT,596,0,SELL,LIMIT,10008,17
SUBMIT,597,0,BUY,LIMIT,10000,48
SUBMIT,598,0,SELL,LIMIT,10009,44
CANCEL,214,0,,,0,0
SUBMIT,599,1,BUY,LIMIT,10000,3
MODIFY,453,0,,,10004,3
CANCEL,493,0,,,0,0
SUBMIT,600,0,BUY,LIMIT,10001,4
SUBMIT,601,0,SELL,LIMIT,10006,3
SUBMIT,602,0,BUY,LIMIT,10001,33
CANCEL,117,0,,,0,0
SUBMIT,603,0,SELL,LIMIT,10008,35
SUBMIT,604,0,SELL,LIMIT,10009,20
SUBMIT,605,0,BUY,LIMIT,10000,11
CANCEL,427,0,,,0,0
CANCEL,235,0,,,0,0
SUBMIT,606,1,BUY,LIMIT,10001,2
MODIFY,453,0,,,10005,2
SUBMIT,607,0,SELL,LIMIT,10006,10
CANCEL,224,0,,,0,0
SUBMIT,608,0,BUY,LIMIT,9998,23
CANCEL,585,0,,,0,0
CANCEL,408,0,,,0,0
SUBMIT,609,0,BUY,LIMIT,10003,45
SUBMIT,610,0,SELL,LIMIT,10010,3
CANCEL,566,0,,,0,0
SUBMIT,611,0,BUY,LIMIT,10000,48
SUBMIT,612,0,SELL,LIMIT,10009,38
SUBMIT,613,1,BUY,LIMIT,10001,18
MODIFY,453,0,,,10005,18
SUBMIT,614,0,BUY,LIMIT,9999,45
SUBMIT,615,0,BUY,MARKET,0,47
CANCEL,555,0,,,0,0
SUBMIT,616,0,SELL,MARKET,0,2
SUBMIT,617,0,BUY,MARKET,0,20
SUBMIT,618,0,BUY,LIMIT,10000,31
CANCEL,422,0,,,0,0
SUBMIT,619,0,SELL,LIMIT,10008,30
SUBMIT,620,0,BUY,LIMIT,10000,34
SUBMIT,621,0,BUY,LIMIT,10004,27
SUBMIT,622,1,BUY,LIMIT,10002,7
MODIFY,453,0,,,10006,7
SUBMIT,623,0,SELL,LIMIT,10007,26
SUBMIT,624,0,BUY,LIMIT,10000,43
SUBMIT,625,0,BUY,LIMIT,10000,43
SUBMIT,626,0,BUY,LIMIT,10003,29
SUBMIT,627,0,BUY,LIMIT,9999,28
SUBMIT,628,0,SELL,LIMIT,10006,7
SUBMIT,629,0,BUY,LIMIT,10002,14
SUBMIT,630,0,BUY,LIMIT,10002,22
SUBMIT,631,0,SELL,LIMIT,10008,26
SUBMIT,632,0,BUY,MARKET,0,18
SUBMIT,633,1,BUY,LIMIT,10004,17
MODIFY,453,0,,,10008,17
SUBMIT,634,0,SELL,LIMIT,10009,39
CANCEL,209,0,,,0,0
CANCEL,441,0,,,0,0
CANCEL,225,0,,,0,0
CANCEL,584,0,,,0,0
SUBMIT,635,0,SELL,LIMIT,10009,12
SUBMIT,636,0,SELL,LIMIT,10009,38
CANCEL,460,0,,,0,0
CANCEL,619,0,,,0,0
CANCEL,447,0,,,0,0
SUBMIT,637,1,BUY,LIMIT,10003,7
MODIFY,453,0,,,10006,7
CANCEL,269,0,,,0,0
SUBMIT,638,0,SELL,LIMIT,10008,24
SUBMIT,639,0,SELL,LIMIT,10009,13
CANCEL,355,0,,,0,0
SUBMIT,640,0,BUY,LIMIT,10003,13
SUBMIT,641,0,BUY,LIMIT,10003,25
SUBMIT,642,0,SELL,LIMIT,10007,39
SUBMIT,643,0,BUY,MARKET,0,16
CANCEL,469,0,,,0,0
SUBMIT,644,0,SELL,LIMIT,10009,23
SUBMIT,645,1,BUY,LIMIT,10005,13
MODIFY,453,0,,,10008,13
SUBMIT,646,0,BUY,LIMIT,10002,47
CANCEL,413,0,,,0,0
CANCEL,366,0,,,0,0
SUBMIT,647,0,BUY,LIMIT,10001,47
CANCEL,428,0,,,0,0
SUBMIT,648,0,BUY,LIMIT,10003,21
SUBMIT,649,0,SELL,LIMIT,10011,18
CANCEL,66,0,,,0,0
SUBMIT,650,0,BUY,LIMIT,10002,24
CANCEL,409,0,,,0,0
SUBMIT,651,1,BUY,LIMIT,10002,8
MODIFY,453,0,,,10006,8
SUBMIT,652,0,BUY,LIMIT,10000,16
SUBMIT,653,0,BUY,LIMIT,10003,4
SUBMIT,654,0,BUY,MARKET,0,12
SUBMIT,655,0,SELL,LIMIT,10007,19
SUBMIT,656,0,BUY,MARKET,0,36
SUBMIT,657,0,BUY,MARKET,0,1
SUBMIT,658,0,SELL,LIMIT,10006,2
SUBMIT,659,0,SELL,LIMIT,10006,33
CANCEL,108,0,,,0,0
CANCEL,559,0,,,0,0
MODIFY,651,0,,,10000,18
MODIFY,453,0,,,10004,18
SUBMIT,660,0,BUY,LIMIT,9997,21
SUBMIT,661,0,SELL,LIMIT,10003,2
SUBMIT,662,0,BUY,LIMIT,9998,44
CANCEL,160,0,,,0,0
SUBMIT,663,0,BUY,LIMIT,9995,45
CANCEL,533,0,,,0,0
SUBMIT,664,0,BUY,MARKET,0,48
CANCEL,200,0,,,0,0
SUBMIT,665,0,BUY,LIMIT,9995,5
SUBMIT,666,0,SELL,LIMIT,10004,26
MODIFY,651,0,,,9998,8
MODIFY,453,0,,,10001,8
CANCEL,530,0,,,0,0
SUBMIT,667,0,SELL,MARKET,0,10
SUBMIT,668,0,SELL,LIMIT,10003,1
SUBMIT,669,0,SELL,LIMIT,10004,18
CANCEL,188,0,,,0,0
SUBMIT,670,0,BUY,LIMIT,9999,42
SUBMIT,671,0,BUY,LIMIT,10000,20
SUBMIT,672,0,SELL,LIMIT,10006,38
SUBMIT,673,0,BUY,LIMIT,10001,23
CANCEL,639,0,,,0,0
MODIFY,651,0,,,9999,9
SUBMIT,674,1,SELL,LIMIT,10005,9
CANCEL,239,0,,,0,0
SUBMIT,675,0,BUY,MARKET,0,23
SUBMIT,676,0,SELL,LIMIT,10005,10
SUBMIT,677,0,SELL,LIMIT,10003,42
SUBMIT,678,0,SELL,LIMIT,10005,1
SUBMIT,679,0,SELL,LIMIT,10004,40
CANCEL,650,0,,,0,0
CANCEL,236,0,,,0,0
SUBMIT,680,0,SELL,LIMIT,10006,19
SUBMIT,681,0,SELL,LIMIT,10006,12
MODIFY,651,0,,,10000,17
MODIFY,674,0,,,10003,17
SUBMIT,682,0,SELL,LIMIT,10003,33
CANCEL,647,0,,,0,0
SUBMIT,683,0,BUY,MARKET,0,12
SUBMIT,684,0,SELL,LIMIT,10001,35
SUBMIT,685,0,BUY,LIMIT,9996,45
SUBMIT,686,0,BUY,LIMIT,9994,25
SUBMIT,687,0,BUY,LIMIT,9997,7
CANCEL,385,0,,,0,0
SUBMIT,688,0,BUY,LIMIT,9996,46
SUBMIT,689,0,SELL,LIMIT,10003,8
MODIFY,651,0,,,9995,2
MODIFY,674,0,,,9999,2
SUBMIT,690,0,BUY,LIMIT,9996,25
CANCEL,457,0,,,0,0
SUBMIT,691,0,BUY,LIMIT,9993,31
CANCEL,495,0,,,0,0
SUBMIT,692,0,BUY,MARKET,0,46
SUBMIT,693,0,BUY,LIMIT,9994,29
SUBMIT,694,0,BUY,LIMIT,9992,40
SUBMIT,695,0,SELL,LIMIT,9997,50
CANCEL,663,0,,,0,0
SUBMIT,696,0,BUY,LIMIT,9990,50
MODIFY,651,0,,,9991,6
SUBMIT,697,1,SELL,LIMIT,9995,6
SUBMIT,698,0,BUY,LIMIT,9990,28
CANCEL,642,0,,,0,0
SUBMIT,699,0,BUY,MARKET,0,43
SUBMIT,700,0,BUY,LIMIT,9992,22
SUBMIT,701,0,BUY,LIMIT,9992,34
SUBMIT,702,0,BUY,MARKET,0,6
SUBMIT,703,0,SELL,LIMIT,9999,24
SUBMIT,704,0,BUY,LIMIT,9994,8
CANCEL,481,0,,,0,0
SUBMIT,705,0,BUY,LIMIT,9994,26
MODIFY,651,0,,,9994,9
SUBMIT,706,1,SELL,LIMIT,9996,9
SUBMIT,707,0,BUY,MARKET,0,30
SUBMIT,708,0,BUY,LIMIT,9993,15
CANCEL,485,0,,,0,0
SUBMIT,709,0,SELL,LIMIT,9999,7
SUBMIT,710,0,SELL,LIMIT,9997,43
SUBMIT,711,0,BUY,LIMIT,9992,8
SUBMIT,712,0,BUY,LIMIT,9992,44
SUBMIT,713,0,SELL,LIMIT,9997,12
CANCEL,350,0,,,0,0
CANCEL,333,0,,,0,0
MODIFY,651,0,,,9993,1
SUBMIT,714,1,SELL,LIMIT,9998,1
SUBMIT,715,0,BUY,LIMIT,9989,7
SUBMIT,716,0,BUY,LIMIT,9992,38
SUBMIT,717,0,SELL,LIMIT,9997,46
SUBMIT,718,0,SELL,LIMIT,9997,39
SUBMIT,719,0,SELL,LIMIT,9996,48
SUBMIT,720,0,BUY,LIMIT,9993,34
SUBMIT,721,0,BUY,MARKET,0,41
CANCEL,628,0,,,0,0
CANCEL,589,0,,,0,0
CANCEL,603,0,,,0,0
MODIFY,651,0,,,9993,9
SUBMIT,722,1,SELL,LIMIT,9997,9
CANCEL,212,0,,,0,0
SUBMIT,723,0,SELL,LIMIT,9996,6
SUBMIT,724,0,BUY,LIMIT,9995,18
CANCEL,506,0,,,0,0
SUBMIT,725,0,SELL,LIMIT,10000,19
SUBMIT,726,0,SELL,LIMIT,9997,11
SUBMIT,727,0,BUY,LIMIT,9993,8
CANCEL,483,0,,,0,0
SUBMIT,728,0,SELL,LIMIT,9995,34
SUBMIT,729,0,SELL,LIMIT,9999,12
MODIFY,651,0,,,9992,14
MODIFY,722,0,,,9997,14
SUBMIT,730,0,BUY,LIMIT,9992,39
SUBMIT,731,0,SELL,MARKET,0,42
SUBMIT,732,0,BUY,LIMIT,9992,24
SUBMIT,733,0,SELL,LIMIT,9999,25
CANCEL,456,0,,,0,0
SUBMIT,734,0,BUY,LIMIT,9993,24
SUBMIT,735,0,SELL,LIMIT,9997,13
CANCEL,676,0,,,0,0
CANCEL,614,0,,,0,0
CANCEL,672,0,,,0,0
MODIFY,651,0,,,9992,10
MODIFY,722,0,,,9994,10
SUBMIT,736,0,BUY,LIMIT,9993,28
SUBMIT,737,0,SELL,LIMIT,9996,15
SUBMIT,738,0,SELL,LIMIT,9996,31
CANCEL,677,0,,,0,0
SUBMIT,739,0,BUY,LIMIT,9994,3
SUBMIT,740,0,BUY,LIMIT,9993,18
SUBMIT,741,0,BUY,LIMIT,9992,48
SUBMIT,742,0,SELL,LIMIT,9998,50
CANCEL,733,0,,,0,0
SUBMIT,743,0,BUY,LIMIT,9995,50
MODIFY,651,0,,,9994,13
SUBMIT,744,1,SELL,LIMIT,9999,13
SUBMIT,745,0,SELL,LIMIT,9999,7
SUBMIT,746,0,SELL,LIMIT,10001,35
CANCEL,578,0,,,0,0
CANCEL,339,0,,,0,0
CANCEL,544,0,,,0,0
SUBMIT,747,0,BUY,LIMIT,9995,27
SUBMIT,748,0,SELL,LIMIT,9998,5
CANCEL,480,0,,,0,0
SUBMIT,749,0,SELL,LIMIT,10000,25
CANCEL,671,0,,,0,0
MODIFY,651,0,,,9995,7
MODIFY,744,0,,,10001,7
CANCEL,660,0,,,0,0
CANCEL,101,0,,,0,0
SUBMIT,750,0,BUY,LIMIT,9997,46
CANCEL,625,0,,,0,0
SUBMIT,751,0,SELL,LIMIT,10002,33
SUBMIT,752,0,BUY,MARKET,0,19
CANCEL,426,0,,,0,0
SUBMIT,753,0,BUY,LIMIT,9999,30
SUBMIT,754,0,BUY,LIMIT,9998,23
SUBMIT,755,0,BUY,LIMIT,9998,41
MODIFY,651,0,,,9999,7
MODIFY,744,0,,,10005,7
SUBMIT,756,0,BUY,LIMIT,9998,38
SUBMIT,757,0,SELL,LIMIT,10006,43
CANCEL,87,0,,,0,0
CANCEL,462,0,,,0,0
CANCEL,740,0,,,0,0
SUBMIT,758,0,BUY,LIMIT,9995,27
SUBMIT,759,0,SELL,LIMIT,10005,49
CANCEL,661,0,,,0,0
SUBMIT,760,0,BUY,MARKET,0,4
CANCEL,470,0,,,0,0
SUBMIT,761,1,BUY,LIMIT,9999,19
MODIFY,744,0,,,10003,19
SUBMIT,762,0,BUY,LIMIT,10000,25
SUBMIT,763,0,SELL,LIMIT,10007,47
CANCEL,575,0,,,0,0
CANCEL,545,0,,,0,0
SUBMIT,764,0,SELL,LIMIT,10004,42
SUBMIT,765,0,BUY,LIMIT,10000,22
CANCEL,765,0,,,0,0
SUBMIT,766,0,SELL,LIMIT,10008,13
SUBMIT,767,0,BUY,LIMIT,9998,19
SUBMIT,768,0,SELL,MARKET,0,18
SUBMIT,769,1,BUY,LIMIT,10002,20
MODIFY,744,0,,,10006,20
SUBMIT,770,0,BUY,LIMIT,9999,39
SUBMIT,771,0,SELL,LIMIT,10007,37
CANCEL,399,0,,,0,0
SUBMIT,772,0,SELL,MARKET,0,22
SUBMIT,773,0,BUY,MARKET,0,45
SUBMIT,774,0,BUY,MARKET,0,17
SUBMIT,775,0,BUY,LIMIT,10002,41
SUBMIT,776,0,BUY,MARKET,0,39
SUBMIT,777,0,BUY,LIMIT,10002,47
SUBMIT,778,0,BUY,LIMIT,9999,13
SUBMIT,779,1,BUY,LIMIT,10001,15
MODIFY,744,0,,,10005,15
SUBMIT,780,0,SELL,LIMIT,10006,47
SUBMIT,781,0,SELL,LIMIT,10009,41
CANCEL,116,0,,,0,0
CANCEL,375,0,,,0,0
SUBMIT,782,0,SELL,LIMIT,10006,34
SUBMIT,783,0,BUY,MARKET,0,21
SUBMIT,784,0,BUY,LIMIT,10001,32
SUBMIT,785,0,BUY,LIMIT,10002,1
SUBMIT,786,0,SELL,MARKET,0,8
SUBMIT,787,0,BUY,MARKET,0,35
MODIFY,779,0,,,10002,7
MODIFY,744,0,,,10006,7
SUBMIT,788,0,BUY,MARKET,0,46
SUBMIT,789,0,BUY,LIMIT,9997,17
SUBMIT,790,0,SELL,LIMIT,10005,22
SUBMIT,791,0,BUY,LIMIT,10001,34
SUBMIT,792,0,SELL,LIMIT,10006,17
SUBMIT,793,0,BUY,MARKET,0,7
CANCEL,263,0,,,0,0
SUBMIT,794,0,BUY,LIMIT,10000,28
SUBMIT,795,0,BUY,LIMIT,10001,17
SUBMIT,796,0,BUY,LIMIT,10001,15
MODIFY,779,0,,,10003,18
MODIFY,744,0,,,10006,18
SUBMIT,797,0,BUY,LIMIT,10003,17
SUBMIT,798,0,BUY,LIMIT,10001,9
CANCEL,601,0,,,0,0
CANCEL,472,0,,,0,0
SUBMIT,799,0,BUY,LIMIT,10001,30
SUBMIT,800,0,SELL,LIMIT,10005,34
SUBMIT,801,0,BUY,LIMIT,10002,27
SUBMIT,802,0,SELL,LIMIT,10007,28
CANCEL,520,0,,,0,0
SUBMIT,803,0,BUY,LIMIT,10001,7
MODIFY,779,0,,,9999,19
MODIFY,744,0,,,10003,19
SUBMIT,804,0,BUY,MARKET,0,10
CANCEL,635,0,,,0,0
SUBMIT,805,0,BUY,LIMIT,9997,21
SUBMIT,806,0,SELL,LIMIT,10006,37
CANCEL,534,0,,,0,0
SUBMIT,807,0,SELL,MARKET,0,36
SUBMIT,808,0,BUY,LIMIT,10001,30
CANCEL,416,0,,,0,0
CANCEL,579,0,,,0,0
SUBMIT,809,0,BUY,LIMIT,10002,9
MODIFY,779,0,,,10000,13
SUBMIT,810,1,SELL,LIMIT,10004,13
SUBMIT,811,0,BUY,LIMIT,10001,4
SUBMIT,812,0,BUY,LIMIT,9998,15
SUBMIT,813,0,SELL,MARKET,0,40
CANCEL,689,0,,,0,0
CANCEL,531,0,,,0,0
SUBMIT,814,0,BUY,LIMIT,9998,50
SUBMIT,815,0,SELL,LIMIT,10005,37
SUBMIT,816,0,SELL,LIMIT,10006,40
SUBMIT,817,0,BUY,LIMIT,9995,22
SUBMIT,818,0,SELL,LIMIT,10005,1
MODIFY,779,0,,,9998,2
MODIFY,810,0,,,10002,2
SUBMIT,819,0,SELL,LIMIT,10005,10
SUBMIT,820,0,BUY,LIMIT,9996,10
SUBMIT,821,0,SELL,MARKET,0,5
SUBMIT,822,0,SELL,MARKET,0,42
SUBMIT,823,0,BUY,LIMIT,9997,10
SUBMIT,824,0,SELL,LIMIT,10003,36
SUBMIT,825,0,SELL,LIMIT,10002,19
SUBMIT,826,0,BUY,LIMIT,9996,44
SUBMIT,827,0,BUY,LIMIT,9995,39
SUBMIT,828,0,SELL,LIMIT,10000,43
MODIFY,779,0,,,9998,11
SUBMIT,829,1,SELL,LIMIT,10001,11
SUBMIT,830,0,BUY,LIMIT,9997,8
SUBMIT,831,0,BUY,LIMIT,9994,45
SUBMIT,832,0,SELL,MARKET,0,27
SUBMIT,833,0,BUY,LIMIT,9997,9
CANCEL,608,0,,,0,0
SUBMIT,834,0,BUY,LIMIT,9998,48
SUBMIT,835,0,SELL,LIMIT,10004,24
SUBMIT,836,0,BUY,LIMIT,9997,31
SUBMIT,837,0,SELL,MARKET,0,15
CANCEL,833,0,,,0,0
MODIFY,779,0,,,9995,2
SUBMIT,838,1,SELL,LIMIT,10000,2
SUBMIT,839,0,SELL,LIMIT,10000,36
SUBMIT,840,0,BUY,LIMIT,9991,23
CANCEL,338,0,,,0,0
CANCEL,455,0,,,0,0
CANCEL,736,0,,,0,0
SUBMIT,841,0,SELL,LIMIT,9997,6
CANCEL,705,0,,,0,0
CANCEL,802,0,,,0,0
CANCEL,770,0,,,0,0
SUBMIT,842,0,SELL,LIMIT,10000,44
MODIFY,779,0,,,9995,12
SUBMIT,843,1,SELL,LIMIT,9998,12
CANCEL,509,0,,,0,0
SUBMIT,844,0,SELL,LIMIT,10000,45
SUBMIT,845,0,BUY,LIMIT,9993,5
CANCEL,596,0,,,0,0
SUBMIT,846,0,SELL,LIMIT,9997,30
SUBMIT,847,0,SELL,LIMIT,9998,13
SUBMIT,848,0,BUY,LIMIT,9991,13
SUBMIT,849,0,SELL,LIMIT,9998,46
SUBMIT,850,0,BUY,MARKET,0,35
CANCEL,743,0,,,0,0
MODIFY,779,0,,,9992,12
SUBMIT,851,1,SELL,LIMIT,9997,12
SUBMIT,852,0,BUY,MARKET,0,14
SUBMIT,853,0,SELL,LIMIT,9997,26
SUBMIT,854,0,SELL,LIMIT,9998,50
SUBMIT,855,0,BUY,LIMIT,9993,1
SUBMIT,856,0,SELL,LIMIT,10001,38
SUBMIT,857,0,SELL,LIMIT,9999,22
SUBMIT,858,0,SELL,LIMIT,10001,24
CANCEL,244,0,,,0,0
SUBMIT,859,0,BUY,MARKET,0,41
CANCEL,809,0,,,0,0
MODIFY,779,0,,,9995,19
SUBMIT,860,1,SELL,LIMIT,9998,19
SUBMIT,861,0,SELL,LIMIT,9999,22
SUBMIT,862,0,SELL,LIMIT,9998,39
SUBMIT,863,0,SELL,MARKET,0,5
CANCEL,696,0,,,0,0
CANCEL,486,0,,,0,0
CANCEL,805,0,,,0,0
SUBMIT,864,0,BUY,LIMIT,9993,50
CANCEL,685,0,,,0,0
SUBMIT,865,0,BUY,LIMIT,9995,21
SUBMIT,866,0,SELL,LIMIT,9999,47
MODIFY,779,0,,,9996,8
SUBMIT,867,1,SELL,LIMIT,9998,8
SUBMIT,868,0,BUY,LIMIT,9996,13
SUBMIT,869,0,BUY,MARKET,0,6
CANCEL,401,0,,,0,0
CANCEL,432,0,,,0,0
CANCEL,415,0,,,0,0
SUBMIT,870,0,SELL,LIMIT,9997,48
SUBMIT,871,0,BUY,LIMIT,9996,27
SUBMIT,872,0,SELL,MARKET,0,23
CANCEL,228,0,,,0,0
SUBMIT,873,0,SELL,MARKET,0,20
MODIFY,779,0,,,9994,2
MODIFY,867,0,,,9997,2
CANCEL,335,0,,,0,0
SUBMIT,874,0,BUY,LIMIT,9994,32
SUBMIT,875,0,BUY,MARKET,0,29
SUBMIT,876,0,BUY,MARKET,0,4
SUBMIT,877,0,BUY,LIMIT,9996,24
CANCEL,735,0,,,0,0
SUBMIT,878,0,SELL,MARKET,0,48
SUBMIT,879,0,BUY,LIMIT,9993,50
SUBMIT,880,0,BUY,LIMIT,9995,10
CANCEL,686,0,,,0,0
MODIFY,779,0,,,9996,8
SUBMIT,881,1,SELL,LIMIT,10001,8
SUBMIT,882,0,SELL,MARKET,0,42
CANCEL,795,0,,,0,0
SUBMIT,883,0,BUY,LIMIT,9997,40
CANCEL,857,0,,,0,0
SUBMIT,884,0,SELL,LIMIT,10003,14
CANCEL,794,0,,,0,0
SUBMIT,885,0,BUY,LIMIT,9995,5
CANCEL,604,0,,,0,0
SUBMIT,886,0,BUY,LIMIT,9994,39
SUBMIT,887,0,BUY,LIMIT,9996,18
MODIFY,779,0,,,9996,8
MODIFY,881,0,,,9999,8
CANCEL,276,0,,,0,0
CANCEL,880,0,,,0,0
CANCEL,801,0,,,0,0
SUBMIT,888,0,BUY,LIMIT,9998,32
SUBMIT,889,0,SELL,MARKET,0,13
SUBMIT,890,0,BUY,LIMIT,9994,12
SUBMIT,891,0,BUY,LIMIT,9997,6
SUBMIT,892,0,BUY,LIMIT,9996,42
SUBMIT,893,0,SELL,LIMIT,10002,11
SUBMIT,894,0,SELL,LIMIT,9999,31
MODIFY,779,0,,,9997,13
MODIFY,881,0,,,10001,13
SUBMIT,895,0,BUY,LIMIT,9997,46
SUBMIT,896,0,SELL,LIMIT,10003,15
SUBMIT,897,0,BUY,LIMIT,9994,4
SUBMIT,898,0,BUY,LIMIT,9994,7
SUBMIT,899,0,BUY,LIMIT,9994,36
CANCEL,816,0,,,0,0
CANCEL,812,0,,,0,0
SUBMIT,900,0,SELL,LIMIT,10001,21
SUBMIT,901,0,SELL,LIMIT,10002,7
SUBMIT,902,0,BUY,MARKET,0,37
MODIFY,779,0,,,9996,12
MODIFY,881,0,,,10000,12
SUBMIT,903,0,BUY,LIMIT,9996,1
SUBMIT,904,0,SELL,LIMIT,10000,42
SUBMIT,905,0,SELL,LIMIT,10002,8
CANCEL,782,0,,,0,0
SUBMIT,906,0,BUY,LIMIT,9994,35
SUBMIT,907,0,BUY,MARKET,0,29
CANCEL,306,0,,,0,0
SUBMIT,908,0,SELL,LIMIT,9997,27
SUBMIT,909,0,SELL,LIMIT,9998,25
CANCEL,865,0,,,0,0
MODIFY,779,0,,,9994,14
MODIFY,881,0,,,9998,14
SUBMIT,910,0,SELL,LIMIT,10001,9
SUBMIT,911,0,SELL,LIMIT,10002,46
CANCEL,678,0,,,0,0
SUBMIT,912,0,BUY,LIMIT,9995,17
SUBMIT,913,0,SELL,LIMIT,10001,8
SUBMIT,914,0,BUY,LIMIT,9995,35
SUBMIT,915,0,BUY,LIMIT,9995,18
CANCEL,438,0,,,0,0
CANCEL,877,0,,,0,0
SUBMIT,916,0,BUY,MARKET,0,45
MODIFY,779,0,,,9995,18
SUBMIT,917,1,SELL,LIMIT,9999,18
SUBMIT,918,0,SELL,LIMIT,9999,46
CANCEL,751,0,,,0,0
SUBMIT,919,0,BUY,LIMIT,9993,29
SUBMIT,920,0,BUY,LIMIT,9991,43
SUBMIT,921,0,BUY,LIMIT,9991,25
SUBMIT,922,0,BUY,LIMIT,9994,20
SUBMIT,923,0,BUY,LIMIT,9991,35
SUBMIT,924,0,SELL,LIMIT,10001,8
SUBMIT,925,0,SELL,LIMIT,9998,17
SUBMIT,926,0,SELL,LIMIT,10002,47
MODIFY,779,0,,,9996,2
MODIFY,917,0,,,9999,2
CANCEL,598,0,,,0,0
SUBMIT,927,0,BUY,LIMIT,9993,30
SUBMIT,928,0,BUY,MARKET,0,18
SUBMIT,929,0,BUY,LIMIT,9995,41
SUBMIT,930,0,SELL,LIMIT,9999,14
SUBMIT,931,0,SELL,LIMIT,9999,45
CANCEL,790,0,,,0,0
SUBMIT,932,0,SELL,LIMIT,10000,14
CANCEL,519,0,,,0,0
SUBMIT,933,0,SELL,MARKET,0,44
MODIFY,779,0,,,9997,17
MODIFY,917,0,,,10002,17
SUBMIT,934,0,SELL,LIMIT,10002,22
SUBMIT,935,0,BUY,LIMIT,9995,26
SUBMIT,936,0,BUY,MARKET,0,46
SUBMIT,937,0,BUY,LIMIT,9998,48
CANCEL,220,0,,,0,0
SUBMIT,938,0,SELL,LIMIT,10003,32
SUBMIT,939,0,BUY,LIMIT,9996,7
CANCEL,754,0,,,0,0
CANCEL,798,0,,,0,0
SUBMIT,940,0,BUY,LIMIT,9995,7
MODIFY,779,0,,,9996,10
MODIFY,917,0,,,10000,10
CANCEL,242,0,,,0,0
SUBMIT,941,0,BUY,LIMIT,9997,35
SUBMIT,942,0,BUY,LIMIT,9994,45
SUBMIT,943,0,BUY,MARKET,0,26
SUBMIT,944,0,SELL,MARKET,0,21
SUBMIT,945,0,BUY,LIMIT,9994,17
CANCEL,938,0,,,0,0
CANCEL,515,0,,,0,0
SUBMIT,946,0,BUY,LIMIT,9999,25
CANCEL,791,0,,,0,0
MODIFY,779,0,,,9997,16
MODIFY,917,0,,,10001,16
CANCEL,909,0,,,0,0
SUBMIT,947,0,SELL,LIMIT,10004,21
SUBMIT,948,0,SELL,LIMIT,10005,35
CANCEL,924,0,,,0,0
SUBMIT,949,0,BUY,LIMIT,9999,19
SUBMIT,950,0,SELL,LIMIT,10002,42
CANCEL,560,0,,,0,0
SUBMIT,951,0,SELL,LIMIT,10006,42
SUBMIT,952,0,BUY,MARKET,0,48
SUBMIT,953,0,SELL,LIMIT,10003,47
MODIFY,779,0,,,9997,19
MODIFY,917,0,,,10002,19
SUBMIT,954,0,SELL,LIMIT,10002,14
CANCEL,874,0,,,0,0
SUBMIT,955,0,SELL,LIMIT,10004,20
SUBMIT,956,0,SELL,LIMIT,10004,46
SUBMIT,957,0,BUY,MARKET,0,38
SUBMIT,958,0,SELL,LIMIT,10002,49
SUBMIT,959,0,BUY,LIMIT,9998,15
SUBMIT,960,0,SELL,MARKET,0,38
SUBMIT,961,0,SELL,LIMIT,10002,42
SUBMIT,962,0,BUY,LIMIT,10001,34
MODIFY,779,0,,,10001,5
MODIFY,917,0,,,10005,5
CANCEL,690,0,,,0,0
SUBMIT,963,0,BUY,LIMIT,9997,7
SUBMIT,964,0,BUY,LIMIT,9998,4
SUBMIT,965,0,SELL,LIMIT,10004,19
SUBMIT,966,0,SELL,LIMIT,10003,46
SUBMIT,967,0,SELL,LIMIT,10006,39
SUBMIT,968,0,SELL,LIMIT,10003,1
CANCEL,955,0,,,0,0
SUBMIT,969,0,SELL,LIMIT,10007,12
SUBMIT,970,0,BUY,LIMIT,10000,46
SUBMIT,971,1,BUY,LIMIT,10001,2
MODIFY,917,0,,,10004,2
CANCEL,421,0,,,0,0
SUBMIT,972,0,BUY,LIMIT,10000,14
CANCEL,777,0,,,0,0
SUBMIT,973,0,BUY,MARKET,0,3
SUBMIT,974,0,BUY,LIMIT,10002,28
CANCEL,553,0,,,0,0
SUBMIT,975,0,SELL,LIMIT,10010,45
SUBMIT,976,0,SELL,LIMIT,10008,18
SUBMIT,977,0,SELL,MARKET,0,37
CANCEL,715,0,,,0,0
SUBMIT,978,1,BUY,LIMIT,10001,16
MODIFY,917,0,,,10006,16
SUBMIT,979,0,BUY,LIMIT,9999,26
CANCEL,680,0,,,0,0
SUBMIT,980,0,BUY,LIMIT,10001,13
SUBMIT,981,0,SELL,LIMIT,10004,2
SUBMIT,982,0,SELL,LIMIT,10004,1
CANCEL,930,0,,,0,0
SUBMIT,983,0,BUY,LIMIT,9999,20
SUBMIT,984,0,BUY,MARKET,0,35
CANCEL,956,0,,,0,0
SUBMIT,985,0,BUY,LIMIT,9999,18
MODIFY,978,0,,,10000,3
MODIFY,917,0,,,10005,3
SUBMIT,986,0,BUY,LIMIT,9999,36
SUBMIT,987,0,BUY,LIMIT,10000,48
CANCEL,300,0,,,0,0
SUBMIT,988,0,SELL,MARKET,0,48
CANCEL,947,0,,,0,0
SUBMIT,989,0,BUY,MARKET,0,7
SUBMIT,990,0,BUY,LIMIT,9998,34
SUBMIT,991,0,BUY,LIMIT,10001,7
SUBMIT,992,0,BUY,LIMIT,10001,5
SUBMIT,993,0,SELL,MARKET,0,23
SUBMIT,994,1,BUY,LIMIT,10000,15
MODIFY,917,0,,,10006,15
CANCEL,227,0,,,0,0
CANCEL,893,0,,,0,0
SUBMIT,995,0,SELL,LIMIT,10004,15
SUBMIT,996,0,BUY,LIMIT,10000,46
CANCEL,827,0,,,0,0
SUBMIT,997,0,BUY,LIMIT,9998,50
CANCEL,177,0,,,0,0
CANCEL,517,0,,,0,0
CANCEL,763,0,,,0,0
SUBMIT,998,0,SELL,LIMIT,10007,26
MODIFY,994,0,,,9999,16
MODIFY,917,0,,,10005,16
SUBMIT,999,0,BUY,LIMIT,9999,32
CANCEL,835,0,,,0,0
SUBMIT,1000,0,BUY,MARKET,0,37
CANCEL,700,0,,,0,0
SUBMIT,1001,0,BUY,LIMIT,9998,8
SUBMIT,1002,0,BUY,LIMIT,9998,23
CANCEL,925,0,,,0,0
SUBMIT,1003,0,SELL,LIMIT,10007,26
SUBMIT,1004,0,SELL,LIMIT,10004,3
CANCEL,785,0,,,0,0
MODIFY,994,0,,,10001,3
MODIFY,917,0,,,10006,3
SUBMIT,1005,0,SELL,LIMIT,10004,36
SUBMIT,1006,0,SELL,MARKET,0,34
SUBMIT,1007,0,BUY,LIMIT,9999,8
SUBMIT,1008,0,SELL,LIMIT,10003,4
CANCEL,358,0,,,0,0
SUBMIT,1009,0,BUY,LIMIT,10001,41
SUBMIT,1010,0,SELL,MARKET,0,33
CANCEL,631,0,,,0,0
SUBMIT,1011,0,BUY,LIMIT,10001,24
CANCEL,972,0,,,0,0
SUBMIT,1012,1,BUY,LIMIT,10003,16
MODIFY,917,0,,,10007,16
CANCEL,927,0,,,0,0
SUBMIT,1013,0,SELL,MARKET,0,35
CANCEL,535,0,,,0,0
SUBMIT,1014,0,BUY,MARKET,0,38
SUBMIT,1015,0,SELL,LIMIT,10005,15
SUBMIT,1016,0,BUY,MARKET,0,45
CANCEL,194,0,,,0,0
SUBMIT,1017,0,SELL,LIMIT,10009,13
CANCEL,711,0,,,0,0
CANCEL,990,0,,,0,0
SUBMIT,1018,1,BUY,LIMIT,10003,19
MODIFY,917,0,,,10006,19
SUBMIT,1019,0,SELL,LIMIT,10009,30
SUBMIT,1020,0,BUY,LIMIT,10002,3
SUBMIT,1021,0,BUY,LIMIT,10002,46
SUBMIT,1022,0,SELL,LIMIT,10006,12
SUBMIT,1023,0,SELL,LIMIT,10009,30
SUBMIT,1024,0,SELL,LIMIT,10008,41
SUBMIT,1025,0,BUY,LIMIT,10002,45
CANCEL,202,0,,,0,0
CANCEL,1025,0,,,0,0
SUBMIT,1026,0,BUY,LIMIT,10000,46
SUBMIT,1027,1,BUY,LIMIT,10004,13
MODIFY,917,0,,,10007,13
SUBMIT,1028,0,SELL,MARKET,0,19
SUBMIT,1029,0,SELL,LIMIT,10011,27
SUBMIT,1030,0,SELL,LIMIT,10012,25
SUBMIT,1031,0,BUY,LIMIT,10006,30
SUBMIT,1032,0,BUY,MARKET,0,29
SUBMIT,1033,0,SELL,LIMIT,10010,33
SUBMIT,1034,0,SELL,LIMIT,10012,29
CANCEL,949,0,,,0,0
SUBMIT,1035,0,BUY,LIMIT,10003,38
SUBMIT,1036,0,BUY,LIMIT,10004,35
SUBMIT,1037,1,BUY,LIMIT,10005,15
MODIFY,917,0,,,10011,15
CANCEL,991,0,,,0,0
CANCEL,784,0,,,0,0
SUBMIT,1038,0,SELL,LIMIT,10014,24
SUBMIT,1039,0,BUY,LIMIT,10003,41
SUBMIT,1040,0,BUY,MARKET,0,17
SUBMIT,1041,0,SELL,MARKET,0,26
SUBMIT,1042,0,BUY,LIMIT,10005,7
SUBMIT,1043,0,SELL,LIMIT,10010,28
SUBMIT,1044,0,SELL,LIMIT,10011,43
SUBMIT,1045,0,SELL,LIMIT,10011,22
SUBMIT,1046,1,BUY,LIMIT,10006,5
MODIFY,917,0,,,10010,5
SUBMIT,1047,0,BUY,LIMIT,10005,5
SUBMIT,1048,0,SELL,LIMIT,10009,32
CANCEL,749,0,,,0,0
CANCEL,583,0,,,0,0
SUBMIT,1049,0,SELL,LIMIT,10013,10
SUBMIT,1050,0,SELL,LIMIT,10012,38
SUBMIT,1051,0,SELL,MARKET,0,26
SUBMIT,1052,0,SELL,LIMIT,10012,45
SUBMIT,1053,0,BUY,MARKET,0,43
SUBMIT,1054,0,BUY,LIMIT,10005,22
SUBMIT,1055,1,BUY,LIMIT,10004,14
MODIFY,917,0,,,10010,14
CANCEL,932,0,,,0,0
CANCEL,987,0,,,0,0
SUBMIT,1056,0,BUY,MARKET,0,30
SUBMIT,1057,0,SELL,LIMIT,10012,4
SUBMIT,1058,0,SELL,LIMIT,10008,32
SUBMIT,1059,0,SELL,MARKET,0,6
SUBMIT,1060,0,SELL,MARKET,0,38
SUBMIT,1061,0,SELL,LIMIT,10007,34
CANCEL,539,0,,,0,0
SUBMIT,1062,0,SELL,MARKET,0,26
SUBMIT,1063,1,BUY,LIMIT,10004,5
MODIFY,917,0,,,10008,5
CANCEL,856,0,,,0,0
SUBMIT,1064,0,BUY,LIMIT,10003,34
SUBMIT,1065,0,BUY,LIMIT,9999,23
SUBMIT,1066,0,BUY,LIMIT,10004,35
SUBMIT,1067,0,SELL,LIMIT,10010,48
SUBMIT,1068,0,SELL,LIMIT,10010,32
SUBMIT,1069,0,BUY,LIMIT,10001,4
SUBMIT,1070,0,SELL,LIMIT,10011,22
SUBMIT,1071,0,BUY,LIMIT,10003,30
SUBMIT,1072,0,BUY,LIMIT,10003,49
MODIFY,1063,0,,,10005,11
MODIFY,917,0,,,10008,11
SUBMIT,1073,0,BUY,MARKET,0,29
SUBMIT,1074,0,SELL,LIMIT,10010,9
SUBMIT,1075,0,BUY,LIMIT,10004,11
SUBMIT,1076,0,BUY,MARKET,0,48
SUBMIT,1077,0,SELL,LIMIT,10008,18
SUBMIT,1078,0,SELL,MARKET,0,11
SUBMIT,1079,0,BUY,LIMIT,10005,5
SUBMIT,1080,0,SELL,LIMIT,10012,3
CANCEL,454,0,,,0,0
CANCEL,914,0,,,0,0
SUBMIT,1081,1,BUY,LIMIT,10008,3
MODIFY,917,0,,,10010,3
SUBMIT,1082,0,BUY,LIMIT,10006,31
CANCEL,514,0,,,0,0
CANCEL,963,0,,,0,0
SUBMIT,1083,0,BUY,LIMIT,10006,17
CANCEL,789,0,,,0,0
CANCEL,1058,0,,,0,0
CANCEL,738,0,,,0,0
CANCEL,871,0,,,0,0
SUBMIT,1084,0,BUY,LIMIT,10005,41
SUBMIT,1085,0,BUY,LIMIT,10007,20
SUBMIT,1086,1,BUY,LIMIT,10005,10
MODIFY,917,0,,,10011,10
SUBMIT,1087,0,BUY,MARKET,0,35
CANCEL,1039,0,,,0,0
CANCEL,814,0,,,0,0
CANCEL,431,0,,,0,0
CANCEL,995,0,,,0,0
CANCEL,1065,0,,,0,0
CANCEL,636,0,,,0,0
SUBMIT,1088,0,BUY,LIMIT,10005,24
CANCEL,301,0,,,0,0
SUBMIT,1089,0,SELL,LIMIT,10009,4
MODIFY,1086,0,,,10004,4
MODIFY,917,0,,,10008,4
CANCEL,1004,0,,,0,0
SUBMIT,1090,0,SELL,LIMIT,10007,1
CANCEL,323,0,,,0,0
SUBMIT,1091,0,SELL,LIMIT,10010,32
CANCEL,693,0,,,0,0
SUBMIT,1092,0,SELL,LIMIT,10011,1
CANCEL,398,0,,,0,0
CANCEL,364,0,,,0,0
SUBMIT,1093,0,BUY,MARKET,0,4
SUBMIT,1094,0,BUY,MARKET,0,36
MODIFY,1086,0,,,10006,3
MODIFY,917,0,,,10009,3
SUBMIT,1095,0,SELL,LIMIT,10010,23
SUBMIT,1096,0,SELL,LIMIT,10012,7
SUBMIT,1097,0,SELL,LIMIT,10012,12
CANCEL,864,0,,,0,0
CANCEL,265,0,,,0,0
SUBMIT,1098,0,SELL,LIMIT,10007,11
SUBMIT,1099,0,BUY,LIMIT,10005,37
SUBMIT,1100,0,BUY,LIMIT,10005,6
CANCEL,796,0,,,0,0
CANCEL,998,0,,,0,0
SUBMIT,1101,1,BUY,LIMIT,10004,18
MODIFY,917,0,,,10008,18
SUBMIT,1102,0,SELL,LIMIT,10007,15
CANCEL,156,0,,,0,0
CANCEL,461,0,,,0,0
SUBMIT,1103,0,SELL,LIMIT,10009,14
SUBMIT,1104,0,BUY,LIMIT,10002,42
SUBMIT,1105,0,BUY,LIMIT,10003,11
CANCEL,825,0,,,0,0
SUBMIT,1106,0,BUY,LIMIT,10003,16
CANCEL,1022,0,,,0,0
SUBMIT,1107,0,SELL,MARKET,0,17
MODIFY,1101,0,,,10004,11
MODIFY,917,0,,,10009,11
SUBMIT,1108,0,BUY,LIMIT,10003,38
CANCEL,1061,0,,,0,0
SUBMIT,1109,0,BUY,LIMIT,10002,38
SUBMIT,1110,0,SELL,LIMIT,10010,19
SUBMIT,1111,0,BUY,LIMIT,10006,47
CANCEL,1050,0,,,0,0
SUBMIT,1112,0,SELL,LIMIT,10009,10
SUBMIT,1113,0,BUY,LIMIT,10004,48
SUBMIT,1114,0,SELL,LIMIT,10009,25
CANCEL,1067,0,,,0,0
MODIFY,1101,0,,,10003,10
MODIFY,917,0,,,10008,10
SUBMIT,1115,0,SELL,MARKET,0,8
SUBMIT,1116,0,SELL,MARKET,0,20
SUBMIT,1117,0,SELL,LIMIT,10009,3
SUBMIT,1118,0,SELL,MARKET,0,3
SUBMIT,1119,0,BUY,LIMIT,10000,3
CANCEL,682,0,,,0,0
CANCEL,948,0,,,0,0
SUBMIT,1120,0,BUY,LIMIT,10002,34
SUBMIT,1121,0,BUY,LIMIT,10004,11
SUBMIT,1122,0,SELL,LIMIT,10009,2
MODIFY,1101,0,,,10002,20
MODIFY,917,0,,,10007,20
SUBMIT,1123,0,SELL,LIMIT,10008,13
SUBMIT,1124,0,BUY,LIMIT,10002,48
SUBMIT,1125,0,SELL,LIMIT,10007,16
SUBMIT,1126,0,SELL,MARKET,0,23
SUBMIT,1127,0,BUY,LIMIT,10000,31
SUBMIT,1128,0,BUY,LIMIT,10004,23
CANCEL,940,0,,,0,0
CANCEL,868,0,,,0,0
CANCEL,425,0,,,0,0
SUBMIT,1129,0,SELL,LIMIT,10008,33
MODIFY,1101,0,,,10004,2
MODIFY,917,0,,,10007,2
SUBMIT,1130,0,SELL,LIMIT,10008,7
CANCEL,1069,0,,,0,0
CANCEL,229,0,,,0,0
CANCEL,979,0,,,0,0
CANCEL,1114,0,,,0,0
SUBMIT,1131,0,SELL,MARKET,0,10
SUBMIT,1132,0,BUY,MARKET,0,44
CANCEL,985,0,,,0,0
SUBMIT,1133,0,BUY,LIMIT,10005,21
SUBMIT,1134,0,BUY,LIMIT,10006,50
MODIFY,1101,0,,,10005,20
MODIFY,917,0,,,10011,20
SUBMIT,1135,0,BUY,MARKET,0,35
SUBMIT,1136,0,SELL,LIMIT,10010,25
CANCEL,536,0,,,0,0
CANCEL,1002,0,,,0,0
CANCEL,1043,0,,,0,0
SUBMIT,1137,0,BUY,MARKET,0,45
SUBMIT,1138,0,BUY,LIMIT,10003,38
CANCEL,1009,0,,,0,0
SUBMIT,1139,0,BUY,MARKET,0,7
CANCEL,815,0,,,0,0
MODIFY,1101,0,,,10006,14
MODIFY,917,0,,,10009,14
SUBMIT,1140,0,SELL,MARKET,0,11
SUBMIT,1141,0,BUY,LIMIT,10007,41
SUBMIT,1142,0,SELL,LIMIT,10012,49
SUBMIT,1143,0,SELL,LIMIT,10014,31
SUBMIT,1144,0,SELL,MARKET,0,10
CANCEL,891,0,,,0,0
SUBMIT,1145,0,SELL,MARKET,0,30
CANCEL,935,0,,,0,0
CANCEL,1098,0,,,0,0
CANCEL,74,0,,,0,0
SUBMIT,1146,1,BUY,LIMIT,10007,15
MODIFY,917,0,,,10009,15
SUBMIT,1147,0,SELL,LIMIT,10012,12
SUBMIT,1148,0,SELL,LIMIT,10011,6
CANCEL,771,0,,,0,0
CANCEL,708,0,,,0,0
SUBMIT,1149,0,SELL,LIMIT,10011,25
SUBMIT,1150,0,SELL,LIMIT,10011,36
SUBMIT,1151,0,SELL,LIMIT,10013,28
SUBMIT,1152,0,BUY,LIMIT,10009,43
SUBMIT,1153,0,BUY,LIMIT,10010,19
SUBMIT,1154,0,SELL,LIMIT,10013,10
SUBMIT,1155,1,BUY,LIMIT,10009,17
MODIFY,917,0,,,10015,17
SUBMIT,1156,0,SELL,LIMIT,10014,45
SUBMIT,1157,0,SELL,LIMIT,10014,42
SUBMIT,1158,0,BUY,LIMIT,10010,23
SUBMIT,1159,0,BUY,LIMIT,10010,5
SUBMIT,1160,0,BUY,LIMIT,10007,46
SUBMIT,1161,0,SELL,LIMIT,10017,8
SUBMIT,1162,0,BUY,LIMIT,10008,43
CANCEL,992,0,,,0,0
CANCEL,1147,0,,,0,0
SUBMIT,1163,0,SELL,LIMIT,10014,2
SUBMIT,1164,1,BUY,LIMIT,10011,16
MODIFY,917,0,,,10013,16
CANCEL,1105,0,,,0,0
SUBMIT,1165,0,SELL,MARKET,0,10
SUBMIT,1166,0,SELL,LIMIT,10013,49
CANCEL,1080,0,,,0,0
CANCEL,610,0,,,0,0
SUBMIT,1167,0,SELL,MARKET,0,46
SUBMIT,1168,0,SELL,LIMIT,10015,12
SUBMIT,1169,0,BUY,LIMIT,10012,14
SUBMIT,1170,0,BUY,LIMIT,10007,17
SUBMIT,1171,0,BUY,LIMIT,10009,22
SUBMIT,1172,1,BUY,LIMIT,10011,13
MODIFY,917,0,,,10013,13
SUBMIT,1173,0,BUY,LIMIT,10009,42
SUBMIT,1174,0,SELL,LIMIT,10015,23
CANCEL,1072,0,,,0,0
SUBMIT,1175,0,SELL,LIMIT,10015,35
SUBMIT,1176,0,BUY,LIMIT,10010,4
SUBMIT,1177,0,BUY,LIMIT,10009,29
CANCEL,1075,0,,,0,0
CANCEL,1149,0,,,0,0
SUBMIT,1178,0,SELL,LIMIT,10015,37
CANCEL,905,0,,,0,0
SUBMIT,1179,1,BUY,LIMIT,10011,11
MODIFY,917,0,,,10016,11
SUBMIT,1180,0,SELL,LIMIT,10017,48
CANCEL,1106,0,,,0,0
SUBMIT,1181,0,BUY,LIMIT,10010,1
CANCEL,913,0,,,0,0
CANCEL,623,0,,,0,0
SUBMIT,1182,0,SELL,LIMIT,10017,22
SUBMIT,1183,0,SELL,LIMIT,10020,17
SUBMIT,1184,0,SELL,LIMIT,10019,14
CANCEL,463,0,,,0,0
SUBMIT,1185,0,BUY,LIMIT,10010,26
SUBMIT,1186,1,BUY,LIMIT,10014,1
MODIFY,917,0,,,10017,1
CANCEL,196,0,,,0,0
SUBMIT,1187,0,BUY,MARKET,0,30
SUBMIT,1188,0,SELL,LIMIT,10016,19
SUBMIT,1189,0,SELL,LIMIT,10016,40
SUBMIT,1190,0,BUY,LIMIT,10009,18
SUBMIT,1191,0,BUY,LIMIT,10011,38
CANCEL,741,0,,,0,0
CANCEL,983,0,,,0,0
SUBMIT,1192,0,SELL,LIMIT,10017,13
SUBMIT,1193,0,SELL,LIMIT,10018,10
SUBMIT,1194,1,BUY,LIMIT,10012,4
MODIFY,917,0,,,10016,4
SUBMIT,1195,0,SELL,LIMIT,10017,14
SUBMIT,1196,0,BUY,MARKET,0,37
CANCEL,840,0,,,0,0
CANCEL,739,0,,,0,0
CANCEL,1003,0,,,0,0
SUBMIT,1197,0,BUY,LIMIT,10013,33
SUBMIT,1198,0,BUY,LIMIT,10012,40
SUBMIT,1199,0,BUY,LIMIT,10010,5
SUBMIT,1200,0,BUY,MARKET,0,26
SUBMIT,1201,0,SELL,LIMIT,10018,42
SUBMIT,1202,1,BUY,LIMIT,10012,12
MODIFY,917,0,,,10018,12
SUBMIT,1203,0,BUY,LIMIT,10010,45
CANCEL,638,0,,,0,0
SUBMIT,1204,0,SELL,LIMIT,10019,50
CANCEL,508,0,,,0,0
SUBMIT,1205,0,BUY,MARKET,0,2
SUBMIT,1206,0,SELL,LIMIT,10019,50
SUBMIT,1207,0,SELL,LIMIT,10019,19
SUBMIT,1208,0,SELL,LIMIT,10021,16
SUBMIT,1209,0,SELL,LIMIT,10020,5
SUBMIT,1210,0,SELL,LIMIT,10017,46
SUBMIT,1211,1,BUY,LIMIT,10014,7
MODIFY,917,0,,,10019,7
SUBMIT,1212,0,SELL,LIMIT,10020,10
CANCEL,746,0,,,0,0
SUBMIT,1213,0,SELL,LIMIT,10020,41
SUBMIT,1214,0,BUY,LIMIT,10011,48
SUBMIT,1215,0,SELL,LIMIT,10020,45
SUBMIT,1216,0,SELL,LIMIT,10021,10
CANCEL,939,0,,,0,0
SUBMIT,1217,0,BUY,LIMIT,10014,36
CANCEL,1127,0,,,0,0
CANCEL,819,0,,,0,0
SUBMIT,1218,1,BUY,LIMIT,10015,13
MODIFY,917,0,,,10018,13
SUBMIT,1219,0,BUY,LIMIT,10014,31
SUBMIT,1220,0,SELL,LIMIT,10018,10
SUBMIT,1221,0,BUY,LIMIT,10016,3
SUBMIT,1222,0,BUY,LIMIT,10013,48
SUBMIT,1223,0,BUY,MARKET,0,15
SUBMIT,1224,0,BUY,LIMIT,10013,38
CANCEL,666,0,,,0,0
SUBMIT,1225,0,SELL,LIMIT,10020,18
SUBMIT,1226,0,SELL,LIMIT,10019,4
CANCEL,950,0,,,0,0
SUBMIT,1227,1,BUY,LIMIT,10016,13
MODIFY,917,0,,,10020,13
CANCEL,1129,0,,,0,0
SUBMIT,1228,0,SELL,MARKET,0,27
CANCEL,1077,0,,,0,0
CANCEL,1119,0,,,0,0
CANCEL,1143,0,,,0,0
CANCEL,662,0,,,0,0
SUBMIT,1229,0,SELL,LIMIT,10019,32
SUBMIT,1230,0,SELL,LIMIT,10020,8
SUBMIT,1231,0,BUY,LIMIT,10011,28
SUBMIT,1232,0,SELL,LIMIT,10021,12
SUBMIT,1233,1,BUY,LIMIT,10015,6
MODIFY,917,0,,,10017,6
SUBMIT,1234,0,BUY,LIMIT,10014,14
CANCEL,767,0,,,0,0
SUBMIT,1235,0,BUY,LIMIT,10012,40
CANCEL,823,0,,,0,0
CANCEL,903,0,,,0,0
SUBMIT,1236,0,BUY,MARKET,0,21
SUBMIT,1237,0,BUY,LIMIT,10014,27
SUBMIT,1238,0,BUY,LIMIT,10014,14
SUBMIT,1239,0,SELL,LIMIT,10022,14
SUBMIT,1240,0,SELL,LIMIT,10021,38
SUBMIT,1241,1,BUY,LIMIT,10014,6
MODIFY,917,0,,,10020,6
SUBMIT,1242,0,BUY,LIMIT,10014,30
SUBMIT,1243,0,SELL,LIMIT,10019,16
SUBMIT,1244,0,SELL,LIMIT,10021,32
SUBMIT,1245,0,BUY,LIMIT,10013,28
CANCEL,961,0,,,0,0
SUBMIT,1246,0,SELL,MARKET,0,26
CANCEL,159,0,,,0,0
SUBMIT,1247,0,BUY,MARKET,0,25
SUBMIT,1248,0,BUY,MARKET,0,17
SUBMIT,1249,0,BUY,LIMIT,10013,8
SUBMIT,1250,1,BUY,LIMIT,10015,8
MODIFY,917,0,,,10021,8
CANCEL,649,0,,,0,0
CANCEL,915,0,,,0,0
CANCEL,747,0,,,0,0
SUBMIT,1251,0,BUY,LIMIT,10013,2
SUBMIT,1252,0,SELL,LIMIT,10019,41
CANCEL,433,0,,,0,0
CANCEL,912,0,,,0,0
SUBMIT,1253,0,SELL,LIMIT,10020,40
CANCEL,572,0,,,0,0
CANCEL,163,0,,,0,0
SUBMIT,1254,1,BUY,LIMIT,10015,8
MODIFY,917,0,,,10019,8
CANCEL,888,0,,,0,0
SUBMIT,1255,0,SELL,LIMIT,10019,38
SUBMIT,1256,0,SELL,LIMIT,10017,27
SUBMIT,1257,0,SELL,LIMIT,10016,49
SUBMIT,1258,0,SELL,LIMIT,10020,2
CANCEL,612,0,,,0,0
SUBMIT,1259,0,BUY,LIMIT,10013,30
SUBMIT,1260,0,BUY,LIMIT,10012,33
SUBMIT,1261,0,SELL,LIMIT,10019,32
SUBMIT,1262,0,BUY,LIMIT,10010,28
SUBMIT,1263,1,BUY,LIMIT,10014,15
MODIFY,917,0,,,10018,15
SUBMIT,1264,0,SELL,LIMIT,10017,40
SUBMIT,1265,0,SELL,LIMIT,10018,24
CANCEL,1231,0,,,0,0
SUBMIT,1266,0,SELL,LIMIT,10018,7
SUBMIT,1267,0,SELL,LIMIT,10017,3
SUBMIT,1268,0,BUY,LIMIT,10012,35
SUBMIT,1269,0,SELL,LIMIT,10021,48
SUBMIT,1270,0,BUY,MARKET,0,6
CANCEL,668,0,,,0,0
SUBMIT,1271,0,SELL,LIMIT,10018,19
SUBMIT,1272,1,BUY,LIMIT,10016,11
MODIFY,917,0,,,10020,11
SUBMIT,1273,0,SELL,LIMIT,10018,47
CANCEL,1268,0,,,0,0
CANCEL,964,0,,,0,0
SUBMIT,1274,0,SELL,MARKET,0,20
SUBMIT,1275,0,SELL,LIMIT,10021,3
CANCEL,1213,0,,,0,0
SUBMIT,1276,0,SELL,MARKET,0,19
SUBMIT,1277,0,SELL,LIMIT,10017,26
SUBMIT,1278,0,BUY,MARKET,0,30
SUBMIT,1279,0,SELL,LIMIT,10018,17
SUBMIT,1280,1,BUY,LIMIT,10012,4
MODIFY,917,0,,,10017,4
SUBMIT,1281,0,SELL,LIMIT,10020,19
CANCEL,1182,0,,,0,0
SUBMIT,1282,0,SELL,LIMIT,10019,44
SUBMIT,1283,0,BUY,LIMIT,10012,17
SUBMIT,1284,0,BUY,LIMIT,10014,9
SUBMIT,1285,0,SELL,LIMIT,10020,16
SUBMIT,1286,0,SELL,LIMIT,10017,3
SUBMIT,1287,0,BUY,LIMIT,10011,32
CANCEL,1113,0,,,0,0
SUBMIT,1288,0,SELL,LIMIT,10017,20
MODIFY,1280,0,,,10015,11
MODIFY,917,0,,,10018,11
SUBMIT,1289,0,SELL,LIMIT,10020,30
SUBMIT,1290,0,BUY,LIMIT,10014,6
SUBMIT,1291,0,SELL,LIMIT,10018,31
SUBMIT,1292,0,BUY,LIMIT,10016,32
SUBMIT,1293,0,BUY,LIMIT,10014,31
SUBMIT,1294,0,SELL,LIMIT,10017,20
CANCEL,548,0,,,0,0
SUBMIT,1295,0,BUY,LIMIT,10011,39
CANCEL,1225,0,,,0,0
SUBMIT,1296,0,SELL,LIMIT,10018,23
SUBMIT,1297,1,BUY,LIMIT,10014,16
MODIFY,917,0,,,10017,16
SUBMIT,1298,0,BUY,LIMIT,10014,46
SUBMIT,1299,0,SELL,MARKET,0,22
SUBMIT,1300,0,BUY,MARKET,0,41
SUBMIT,1301,0,SELL,LIMIT,10019,19
CANCEL,243,0,,,0,0
SUBMIT,1302,0,BUY,LIMIT,10011,42
SUBMIT,1303,0,BUY,MARKET,0,13
CANCEL,732,0,,,0,0
SUBMIT,1304,0,SELL,MARKET,0,38
SUBMIT,1305,0,SELL,MARKET,0,44
SUBMIT,1306,1,BUY,LIMIT,10014,3
MODIFY,917,0,,,10019,3
SUBMIT,1307,0,BUY,LIMIT,10015,32
CANCEL,1064,0,,,0,0
CANCEL,1204,0,,,0,0
SUBMIT,1308,0,SELL,LIMIT,10020,13
SUBMIT,1309,0,BUY,LIMIT,10012,42
SUBMIT,1310,0,BUY,LIMIT,10012,9
SUBMIT,1311,0,SELL,LIMIT,10022,39
CANCEL,552,0,,,0,0
SUBMIT,1312,0,BUY,LIMIT,10015,26
CANCEL,1212,0,,,0,0
MODIFY,1306,0,,,10015,9
MODIFY,917,0,,,10020,9
SUBMIT,1313,0,SELL,LIMIT,10018,12
SUBMIT,1314,0,SELL,LIMIT,10022,32
SUBMIT,1315,0,SELL,LIMIT,10019,45
SUBMIT,1316,0,SELL,LIMIT,10019,1
CANCEL,655,0,,,0,0
SUBMIT,1317,0,SELL,LIMIT,10022,26
SUBMIT,1318,0,SELL,LIMIT,10021,7
CANCEL,1034,0,,,0,0
SUBMIT,1319,0,SELL,LIMIT,10018,1
SUBMIT,1320,0,SELL,LIMIT,10021,6
MODIFY,1306,0,,,10013,4
MODIFY,917,0,,,10019,4
SUBMIT,1321,0,BUY,LIMIT,10013,14
CANCEL,775,0,,,0,0
SUBMIT,1322,0,BUY,LIMIT,10012,21
SUBMIT,1323,0,BUY,LIMIT,10014,39
SUBMIT,1324,0,SELL,LIMIT,10017,6
CANCEL,1201,0,,,0,0
SUBMIT,1325,0,BUY,LIMIT,10011,12
CANCEL,1084,0,,,0,0
CANCEL,1188,0,,,0,0
SUBMIT,1326,0,BUY,LIMIT,10012,50
MODIFY,1306,0,,,10012,15
MODIFY,917,0,,,10016,15
CANCEL,268,0,,,0,0
SUBMIT,1327,0,BUY,LIMIT,10014,22
CANCEL,1103,0,,,0,0
CANCEL,471,0,,,0,0
SUBMIT,1328,0,BUY,MARKET,0,37
CANCEL,1108,0,,,0,0
SUBMIT,1329,0,BUY,LIMIT,10010,36
CANCEL,745,0,,,0,0
SUBMIT,1330,0,BUY,LIMIT,10011,23
SUBMIT,1331,0,SELL,LIMIT,10016,24
MODIFY,1306,0,,,10010,1
MODIFY,917,0,,,10015,1
SUBMIT,1332,0,SELL,LIMIT,10015,44
SUBMIT,1333,0,SELL,MARKET,0,25
SUBMIT,1334,0,BUY,MARKET,0,10
CANCEL,1154,0,,,0,0
SUBMIT,1335,0,SELL,LIMIT,10020,9
SUBMIT,1336,0,SELL,LIMIT,10017,41
SUBMIT,1337,0,SELL,LIMIT,10019,48
SUBMIT,1338,0,SELL,MARKET,0,50
CANCEL,808,0,,,0,0
SUBMIT,1339,0,SELL,LIMIT,10017,39
MODIFY,1306,0,,,10013,20
SUBMIT,1340,1,SELL,LIMIT,10018,20
SUBMIT,1341,0,BUY,LIMIT,10015,32
SUBMIT,1342,0,SELL,LIMIT,10020,21
SUBMIT,1343,0,SELL,LIMIT,10019,3
CANCEL,836,0,,,0,0
SUBMIT,1344,0,BUY,LIMIT,10016,29
SUBMIT,1345,0,SELL,LIMIT,10018,49
SUBMIT,1346,0,BUY,LIMIT,10016,18
SUBMIT,1347,0,BUY,LIMIT,10016,2
SUBMIT,1348,0,SELL,LIMIT,10020,4
SUBMIT,1349,0,SELL,LIMIT,10023,28
MODIFY,1306,0,,,10017,13
MODIFY,1340,0,,,10020,13
SUBMIT,1350,0,BUY,MARKET,0,25
SUBMIT,1351,0,SELL,LIMIT,10023,23
CANCEL,1232,0,,,0,0
SUBMIT,1352,0,BUY,LIMIT,10015,40
CANCEL,919,0,,,0,0
CANCEL,1257,0,,,0,0
SUBMIT,1353,0,SELL,LIMIT,10020,18
CANCEL,694,0,,,0,0
SUBMIT,1354,0,SELL,LIMIT,10023,1
SUBMIT,1355,0,BUY,LIMIT,10017,21
SUBMIT,1356,1,BUY,LIMIT,10016,13
MODIFY,1340,0,,,10020,13
CANCEL,1294,0,,,0,0
SUBMIT,1357,0,SELL,LIMIT,10019,20
SUBMIT,1358,0,SELL,LIMIT,10023,46
CANCEL,1007,0,,,0,0
SUBMIT,1359,0,SELL,LIMIT,10019,15
SUBMIT,1360,0,SELL,LIMIT,10020,36
CANCEL,669,0,,,0,0
SUBMIT,1361,0,SELL,LIMIT,10023,49
SUBMIT,1362,0,BUY,LIMIT,10014,43
SUBMIT,1363,0,SELL,LIMIT,10024,22
MODIFY,1356,0,,,10018,7
MODIFY,1340,0,,,10022,7
SUBMIT,1364,0,BUY,LIMIT,10018,33
SUBMIT,1365,0,SELL,LIMIT,10024,48
SUBMIT,1366,0,SELL,LIMIT,10025,20
SUBMIT,1367,0,BUY,LIMIT,10014,36
SUBMIT,1368,0,BUY,LIMIT,10018,11
SUBMIT,1369,0,SELL,LIMIT,10023,30
CANCEL,673,0,,,0,0
SUBMIT,1370,0,BUY,MARKET,0,26
SUBMIT,1371,0,BUY,MARKET,0,17
SUBMIT,1372,0,SELL,LIMIT,10022,19
SUBMIT,1373,1,BUY,LIMIT,10016,3
MODIFY,1340,0,,,10020,3
SUBMIT,1374,0,SELL,LIMIT,10020,3
CANCEL,587,0,,,0,0
SUBMIT,1375,0,SELL,LIMIT,10018,24
SUBMIT,1376,0,SELL,LIMIT,10021,25
SUBMIT,1377,0,SELL,LIMIT,10020,11
SUBMIT,1378,0,SELL,LIMIT,10020,9
CANCEL,659,0,,,0,0
SUBMIT,1379,0,BUY,LIMIT,10016,49
SUBMIT,1380,0,SELL,LIMIT,10020,9
SUBMIT,1381,0,SELL,LIMIT,10021,37
MODIFY,1373,0,,,10015,7
MODIFY,1340,0,,,10018,7
SUBMIT,1382,0,SELL,LIMIT,10019,33
SUBMIT,1383,0,SELL,MARKET,0,44
SUBMIT,1384,0,BUY,LIMIT,10012,28
CANCEL,806,0,,,0,0
SUBMIT,1385,0,BUY,LIMIT,10010,43
SUBMIT,1386,0,SELL,LIMIT,10020,8
SUBMIT,1387,0,BUY,LIMIT,10010,44
SUBMIT,1388,0,SELL,LIMIT,10015,4
SUBMIT,1389,0,SELL,LIMIT,10017,42
SUBMIT,1390,0,BUY,LIMIT,10008,14
MODIFY,1373,0,,,10010,3
MODIFY,1340,0,,,10015,3
SUBMIT,1391,0,BUY,LIMIT,10010,30
CANCEL,826,0,,,0,0
SUBMIT,1392,0,SELL,LIMIT,10017,18
SUBMIT,1393,0,BUY,LIMIT,10010,39
SUBMIT,1394,0,BUY,LIMIT,10013,30
SUBMIT,1395,0,BUY,MARKET,0,1
SUBMIT,1396,0,SELL,LIMIT,10016,40
SUBMIT,1397,0,BUY,LIMIT,10011,36
SUBMIT,1398,0,BUY,LIMIT,10009,4
SUBMIT,1399,0,SELL,LIMIT,10016,23
MODIFY,1373,0,,,10011,11
SUBMIT,1400,1,SELL,LIMIT,10016,11
SUBMIT,1401,0,SELL,LIMIT,10018,38
CANCEL,1023,0,,,0,0
SUBMIT,1402,0,SELL,LIMIT,10017,24
CANCEL,1183,0,,,0,0
SUBMIT,1403,0,BUY,LIMIT,10009,7
SUBMIT,1404,0,SELL,LIMIT,10016,32
CANCEL,201,0,,,0,0
SUBMIT,1405,0,SELL,LIMIT,10017,20
SUBMIT,1406,0,SELL,LIMIT,10019,5
SUBMIT,1407,0,SELL,LIMIT,10018,14
MODIFY,1373,0,,,10012,16
MODIFY,1400,0,,,10015,16
SUBMIT,1408,0,SELL,MARKET,0,20
SUBMIT,1409,0,BUY,LIMIT,10009,42
SUBMIT,1410,0,SELL,LIMIT,10018,26
SUBMIT,1411,0,SELL,LIMIT,10014,37
SUBMIT,1412,0,SELL,LIMIT,10015,24
SUBMIT,1413,0,SELL,LIMIT,10019,34
SUBMIT,1414,0,BUY,LIMIT,10009,7
SUBMIT,1415,0,BUY,LIMIT,10009,39
SUBMIT,1416,0,BUY,MARKET,0,33
SUBMIT,1417,0,BUY,LIMIT,10011,34
MODIFY,1373,0,,,10011,3
SUBMIT,1418,1,SELL,LIMIT,10015,3
SUBMIT,1419,0,BUY,LIMIT,10011,1
SUBMIT,1420,0,BUY,LIMIT,10010,6
SUBMIT,1421,0,SELL,LIMIT,10014,41
CANCEL,981,0,,,0,0
CANCEL,211,0,,,0,0
CANCEL,894,0,,,0,0
SUBMIT,1422,0,BUY,LIMIT,10009,3
CANCEL,121,0,,,0,0
SUBMIT,1423,0,BUY,LIMIT,10005,5
SUBMIT,1424,0,SELL,LIMIT,10013,23
MODIFY,1373,0,,,10007,2
MODIFY,1418,0,,,10011,2
SUBMIT,1425,0,BUY,LIMIT,10007,46
SUBMIT,1426,0,SELL,LIMIT,10009,2
SUBMIT,1427,0,SELL,LIMIT,10013,24
SUBMIT,1428,0,SELL,MARKET,0,24
SUBMIT,1429,0,SELL,LIMIT,10013,5
SUBMIT,1430,0,SELL,LIMIT,10009,29
SUBMIT,1431,0,SELL,MARKET,0,34
SUBMIT,1432,0,BUY,LIMIT,10003,13
SUBMIT,1433,0,SELL,LIMIT,10009,30
CANCEL,1123,0,,,0,0
MODIFY,1373,0,,,10006,14
SUBMIT,1434,1,SELL,LIMIT,10010,14
SUBMIT,1435,0,BUY,LIMIT,10003,39
SUBMIT,1436,0,SELL,LIMIT,10011,19
SUBMIT,1437,0,BUY,LIMIT,10002,10
SUBMIT,1438,0,SELL,LIMIT,10010,28
SUBMIT,1439,0,SELL,LIMIT,10008,44
SUBMIT,1440,0,SELL,LIMIT,10011,36
CANCEL,1423,0,,,0,0
SUBMIT,1441,0,BUY,LIMIT,10004,35
SUBMIT,1442,0,BUY,LIMIT,10004,40
SUBMIT,1443,0,BUY,LIMIT,10000,46
MODIFY,1373,0,,,10004,6
SUBMIT,1444,1,SELL,LIMIT,10008,6
SUBMIT,1445,0,SELL,LIMIT,10008,35
CANCEL,1394,0,,,0,0
SUBMIT,1446,0,SELL,LIMIT,10007,5
SUBMIT,1447,0,SELL,LIMIT,10008,30
CANCEL,1354,0,,,0,0
CANCEL,959,0,,,0,0
SUBMIT,1448,0,BUY,LIMIT,10002,1
SUBMIT,1449,0,SELL,LIMIT,10009,42
SUBMIT,1450,0,BUY,LIMIT,9999,10
SUBMIT,1451,0,SELL,LIMIT,10004,47
MODIFY,1373,0,,,10000,16
SUBMIT,1452,1,SELL,LIMIT,10006,16
SUBMIT,1453,0,BUY,LIMIT,10002,22
SUBMIT,1454,0,SELL,LIMIT,10006,42
SUBMIT,1455,0,BUY,LIMIT,10000,6
SUBMIT,1456,0,SELL,LIMIT,10008,17
SUBMIT,1457,0,SELL,MARKET,0,10
SUBMIT,1458,0,SELL,LIMIT,10006,28
SUBMIT,1459,0,SELL,LIMIT,10007,17
SUBMIT,1460,0,BUY,LIMIT,10002,8
SUBMIT,1461,0,BUY,LIMIT,10001,1
CANCEL,594,0,,,0,0
MODIFY,1373,0,,,10000,9
SUBMIT,1462,1,SELL,LIMIT,10006,9
CANCEL,1367,0,,,0,0
SUBMIT,1463,0,BUY,MARKET,0,37
SUBMIT,1464,0,SELL,LIMIT,10007,41
SUBMIT,1465,0,SELL,LIMIT,10003,17
SUBMIT,1466,0,SELL,LIMIT,10005,9
CANCEL,436,0,,,0,0
SUBMIT,1467,0,SELL,LIMIT,10005,15
SUBMIT,1468,0,BUY,LIMIT,9998,6
CANCEL,1275,0,,,0,0
SUBMIT,1469,0,BUY,MARKET,0,23
MODIFY,1373,0,,,10001,8
SUBMIT,1470,1,SELL,LIMIT,10005,8
CANCEL,1362,0,,,0,0
SUBMIT,1471,0,BUY,LIMIT,10002,37
CANCEL,1070,0,,,0,0
SUBMIT,1472,0,BUY,LIMIT,10001,21
SUBMIT,1473,0,SELL,LIMIT,10006,49
CANCEL,1289,0,,,0,0
SUBMIT,1474,0,SELL,LIMIT,10006,4
SUBMIT,1475,0,SELL,LIMIT,10006,9
SUBMIT,1476,0,BUY,MARKET,0,45
SUBMIT,1477,0,SELL,LIMIT,10003,20
MODIFY,1373,0,,,9998,15
SUBMIT,1478,1,SELL,LIMIT,10003,15
CANCEL,1209,0,,,0,0
SUBMIT,1479,0,BUY,LIMIT,9996,45
SUBMIT,1480,0,BUY,LIMIT,9995,40
SUBMIT,1481,0,BUY,LIMIT,9995,50
CANCEL,831,0,,,0,0
SUBMIT,1482,0,SELL,LIMIT,10003,38
CANCEL,701,0,,,0,0
SUBMIT,1483,0,BUY,MARKET,0,9
SUBMIT,1484,0,SELL,LIMIT,10000,48
SUBMIT,1485,0,SELL,LIMIT,10001,13
MODIFY,1373,0,,,9998,5
SUBMIT,1486,1,SELL,LIMIT,10001,5
SUBMIT,1487,0,BUY,MARKET,0,18
SUBMIT,1488,0,SELL,LIMIT,10000,35
SUBMIT,1489,0,BUY,LIMIT,9994,7
SUBMIT,1490,0,BUY,LIMIT,9993,15
SUBMIT,1491,0,SELL,MARKET,0,25
SUBMIT,1492,0,BUY,LIMIT,9993,20
SUBMIT,1493,0,BUY,LIMIT,9995,18
SUBMIT,1494,0,SELL,LIMIT,10000,3
SUBMIT,1495,0,SELL,LIMIT,10002,32
CANCEL,830,0,,,0,0
MODIFY,1373,0,,,9995,13
SUBMIT,1496,1,SELL,LIMIT,9997,13
CANCEL,1100,0,,,0,0
SUBMIT,1497,0,SELL,LIMIT,9997,19
CANCEL,975,0,,,0,0
CANCEL,904,0,,,0,0
SUBMIT,1498,0,BUY,LIMIT,9990,22
SUBMIT,1499,0,BUY,LIMIT,9992,14
CANCEL,910,0,,,0,0
SUBMIT,1500,0,BUY,LIMIT,9992,19
SUBMIT,1501,0,BUY,MARKET,0,37
SUBMIT,1502,0,SELL,LIMIT,9998,16
MODIFY,1373,0,,,9993,10
SUBMIT,1503,1,SELL,LIMIT,9997,10
SUBMIT,1504,0,SELL,LIMIT,9997,45
CANCEL,1404,0,,,0,0
SUBMIT,1505,0,SELL,LIMIT,9998,31
CANCEL,1229,0,,,0,0
SUBMIT,1506,0,BUY,LIMIT,9991,30
CANCEL,304,0,,,0,0
SUBMIT,1507,0,SELL,LIMIT,9994,38
CANCEL,1102,0,,,0,0
CANCEL,1401,0,,,0,0
CANCEL,381,0,,,0,0
MODIFY,1373,0,,,9993,4
SUBMIT,1508,1,SELL,LIMIT,9998,4
SUBMIT,1509,0,SELL,LIMIT,9999,8
SUBMIT,1510,0,BUY,LIMIT,9989,36
SUBMIT,1511,0,BUY,LIMIT,9995,12
SUBMIT,1512,0,BUY,MARKET,0,47
CANCEL,1089,0,,,0,0
CANCEL,980,0,,,0,0
SUBMIT,1513,0,SELL,LIMIT,9997,34
SUBMIT,1514,0,BUY,LIMIT,9995,16
SUBMIT,1515,0,SELL,LIMIT,10000,43
CANCEL,1220,0,,,0,0
MODIFY,1373,0,,,9995,1
SUBMIT,1516,1,SELL,LIMIT,9999,1
SUBMIT,1517,0,SELL,MARKET,0,35
SUBMIT,1518,0,SELL,MARKET,0,44
CANCEL,1324,0,,,0,0
SUBMIT,1519,0,BUY,LIMIT,9994,32
SUBMIT,1520,0,SELL,LIMIT,10004,17
SUBMIT,1521,0,BUY,LIMIT,9994,24
SUBMIT,1522,0,BUY,LIMIT,9998,31
CANCEL,734,0,,,0,0
CANCEL,359,0,,,0,0
SUBMIT,1523,0,SELL,LIMIT,10002,22
MODIFY,1373,0,,,9997,7
SUBMIT,1524,1,SELL,LIMIT,9999,7
CANCEL,1206,0,,,0,0
CANCEL,1335,0,,,0,0
CANCEL,1325,0,,,0,0
SUBMIT,1525,0,BUY,MARKET,0,29
SUBMIT,1526,0,SELL,MARKET,0,20
SUBMIT,1527,0,SELL,LIMIT,9999,32
SUBMIT,1528,0,BUY,LIMIT,9995,21
SUBMIT,1529,0,BUY,LIMIT,9998,12
SUBMIT,1530,0,SELL,LIMIT,10002,36
SUBMIT,1531,0,BUY,LIMIT,9997,50
MODIFY,1373,0,,,9995,20
SUBMIT,1532,1,SELL,LIMIT,9999,20
CANCEL,1216,0,,,0,0
CANCEL,929,0,,,0,0
SUBMIT,1533,0,BUY,MARKET,0,6
SUBMIT,1534,0,BUY,LIMIT,9997,5
SUBMIT,1535,0,BUY,LIMIT,9996,50
SUBMIT,1536,0,SELL,MARKET,0,12
SUBMIT,1537,0,BUY,LIMIT,9996,28
CANCEL,1341,0,,,0,0
SUBMIT,1538,0,BUY,LIMIT,9996,49
CANCEL,510,0,,,0,0
MODIFY,1373,0,,,9997,19
SUBMIT,1539,1,SELL,LIMIT,9999,19
SUBMIT,1540,0,BUY,LIMIT,9995,49
SUBMIT,1541,0,BUY,LIMIT,9994,38
SUBMIT,1542,0,BUY,LIMIT,9995,18
SUBMIT,1543,0,BUY,LIMIT,9992,16
SUBMIT,1544,0,BUY,MARKET,0,20
SUBMIT,1545,0,BUY,LIMIT,9994,39
CANCEL,1138,0,,,0,0
CANCEL,1283,0,,,0,0
CANCEL,1378,0,,,0,0
SUBMIT,1546,0,SELL,LIMIT,10001,45
MODIFY,1373,0,,,9995,5
SUBMIT,1547,1,SELL,LIMIT,10000,5
SUBMIT,1548,0,SELL,LIMIT,10001,42
SUBMIT,1549,0,SELL,LIMIT,10001,29
SUBMIT,1550,0,BUY,MARKET,0,50
CANCEL,1215,0,,,0,0
SUBMIT,1551,0,BUY,MARKET,0,44
CANCEL,1514,0,,,0,0
SUBMIT,1552,0,BUY,LIMIT,9998,29
SUBMIT,1553,0,BUY,MARKET,0,38
SUBMIT,1554,0,BUY,LIMIT,9994,25
SUBMIT,1555,0,SELL,LIMIT,10001,23
MODIFY,1373,0,,,9998,20
SUBMIT,1556,1,SELL,LIMIT,10002,20
SUBMIT,1557,0,BUY,LIMIT,9999,34
SUBMIT,1558,0,SELL,LIMIT,10005,6
SUBMIT,1559,0,BUY,MARKET,0,47
CANCEL,1148,0,,,0,0
CANCEL,679,0,,,0,0
CANCEL,1099,0,,,0,0
SUBMIT,1560,0,BUY,LIMIT,9997,13
SUBMIT,1561,0,BUY,LIMIT,9997,45
SUBMIT,1562,0,BUY,MARKET,0,42
SUBMIT,1563,0,SELL,LIMIT,10002,18
MODIFY,1373,0,,,9999,11
SUBMIT,1564,1,SELL,LIMIT,10003,11
SUBMIT,1565,0,SELL,LIMIT,10005,40
SUBMIT,1566,0,SELL,LIMIT,10005,13
CANCEL,965,0,,,0,0
SUBMIT,1567,0,SELL,LIMIT,10003,47
SUBMIT,1568,0,SELL,LIMIT,10002,6
SUBMIT,1569,0,SELL,MARKET,0,37
SUBMIT,1570,0,SELL,LIMIT,10003,4
CANCEL,1500,0,,,0,0
SUBMIT,1571,0,BUY,LIMIT,9996,37
CANCEL,1554,0,,,0,0
MODIFY,1373,0,,,9997,16
MODIFY,1564,0,,,10002,16
SUBMIT,1572,0,BUY,MARKET,0,16
CANCEL,1311,0,,,0,0
SUBMIT,1573,0,SELL,LIMIT,10005,38
CANCEL,1405,0,,,0,0
SUBMIT,1574,0,BUY,LIMIT,9997,27
SUBMIT,1575,0,BUY,MARKET,0,20
SUBMIT,1576,0,BUY,LIMIT,9998,14
CANCEL,1552,0,,,0,0
SUBMIT,1577,0,SELL,LIMIT,10005,42
SUBMIT,1578,0,BUY,LIMIT,9998,14
MODIFY,1373,0,,,10001,11
MODIFY,1564,0,,,10005,11
CANCEL,1379,0,,,0,0
SUBMIT,1579,0,BUY,LIMIT,10001,33
SUBMIT,1580,0,SELL,LIMIT,10004,16
SUBMIT,1581,0,BUY,LIMIT,9999,15
SUBMIT,1582,0,SELL,LIMIT,10002,11
SUBMIT,1583,0,SELL,LIMIT,10006,7
CANCEL,866,0,,,0,0
SUBMIT,1584,0,BUY,MARKET,0,22
SUBMIT,1585,0,SELL,LIMIT,10005,30
CANCEL,1282,0,,,0,0
MODIFY,1373,0,,,10000,16
MODIFY,1564,0,,,10004,16
SUBMIT,1586,0,SELL,LIMIT,10004,32
SUBMIT,1587,0,BUY,LIMIT,10000,32
SUBMIT,1588,0,SELL,LIMIT,10004,40
SUBMIT,1589,0,BUY,LIMIT,9999,12
SUBMIT,1590,0,SELL,LIMIT,10002,39
SUBMIT,1591,0,SELL,LIMIT,10006,35
SUBMIT,1592,0,BUY,LIMIT,9998,33
SUBMIT,1593,0,BUY,MARKET,0,5
SUBMIT,1594,0,SELL,LIMIT,10004,43
SUBMIT,1595,0,SELL,LIMIT,10004,12
MODIFY,1373,0,,,10000,7
MODIFY,1564,0,,,10006,7
SUBMIT,1596,0,BUY,LIMIT,9998,20
CANCEL,897,0,,,0,0
SUBMIT,1597,0,SELL,LIMIT,10006,7
CANCEL,1510,0,,,0,0
CANCEL,1422,0,,,0,0
SUBMIT,1598,0,SELL,LIMIT,10007,39
CANCEL,820,0,,,0,0
SUBMIT,1599,0,SELL,LIMIT,10004,14
SUBMIT,1600,0,BUY,LIMIT,10001,20
SUBMIT,1601,0,SELL,LIMIT,10004,50
MODIFY,1373,0,,,10002,13
MODIFY,1564,0,,,10005,13
SUBMIT,1602,0,BUY,LIMIT,9998,8
SUBMIT,1603,0,BUY,LIMIT,9999,31
CANCEL,1530,0,,,0,0
SUBMIT,1604,0,SELL,LIMIT,10006,21
SUBMIT,1605,0,BUY,MARKET,0,35
SUBMIT,1606,0,BUY,LIMIT,9997,37
SUBMIT,1607,0,BUY,LIMIT,9998,36
SUBMIT,1608,0,BUY,LIMIT,10000,34
SUBMIT,1609,0,SELL,LIMIT,10003,33
SUBMIT,1610,0,SELL,LIMIT,10006,17
SUBMIT,1611,1,BUY,LIMIT,9999,14
MODIFY,1564,0,,,10002,14
CANCEL,20,0,,,0,0
SUBMIT,1612,0,BUY,LIMIT,9999,10
CANCEL,885,0,,,0,0
SUBMIT,1613,0,BUY,LIMIT,9997,9
CANCEL,1321,0,,,0,0
CANCEL,126,0,,,0,0
SUBMIT,1614,0,BUY,LIMIT,9997,32
SUBMIT,1615,0,BUY,LIMIT,9997,6
SUBMIT,1616,0,BUY,LIMIT,9995,22
SUBMIT,1617,0,BUY,LIMIT,9996,23
MODIFY,1611,0,,,9999,14
MODIFY,1564,0,,,10002,14
CANCEL,1615,0,,,0,0
SUBMIT,1618,0,SELL,LIMIT,10003,11
CANCEL,1271,0,,,0,0
CANCEL,1252,0,,,0,0
CANCEL,1560,0,,,0,0
CANCEL,879,0,,,0,0
SUBMIT,1619,0,SELL,LIMIT,9998,20
SUBMIT,1620,0,BUY,LIMIT,9992,11
SUBMIT,1621,0,BUY,LIMIT,9995,23
CANCEL,1410,0,,,0,0
MODIFY,1611,0,,,9996,8
MODIFY,1564,0,,,9998,8
CANCEL,1617,0,,,0,0
SUBMIT,1622,0,BUY,MARKET,0,6
CANCEL,1208,0,,,0,0
SUBMIT,1623,0,SELL,LIMIT,9998,30
SUBMIT,1624,0,BUY,MARKET,0,21
SUBMIT,1625,0,SELL,LIMIT,9998,8
SUBMIT,1626,0,BUY,MARKET,0,5
CANCEL,1029,0,,,0,0
CANCEL,953,0,,,0,0
CANCEL,1441,0,,,0,0
MODIFY,1611,0,,,9993,8
SUBMIT,1627,1,SELL,LIMIT,9997,8
SUBMIT,1628,0,BUY,MARKET,0,21
CANCEL,844,0,,,0,0
SUBMIT,1629,0,BUY,LIMIT,9993,9
CANCEL,1377,0,,,0,0
SUBMIT,1630,0,SELL,LIMIT,10000,37
SUBMIT,1631,0,BUY,LIMIT,9991,30
CANCEL,1369,0,,,0,0
CANCEL,1443,0,,,0,0
SUBMIT,1632,0,SELL,LIMIT,10000,20
CANCEL,1230,0,,,0,0
MODIFY,1611,0,,,9995,7
SUBMIT,1633,1,SELL,LIMIT,9997,7
CANCEL,1523,0,,,0,0
SUBMIT,1634,0,SELL,LIMIT,9997,45
SUBMIT,1635,0,BUY,LIMIT,9991,38
SUBMIT,1636,0,SELL,LIMIT,9997,31
CANCEL,1519,0,,,0,0
SUBMIT,1637,0,SELL,LIMIT,9997,38
SUBMIT,1638,0,BUY,MARKET,0,46
CANCEL,1192,0,,,0,0
SUBMIT,1639,0,SELL,LIMIT,9997,6
SUBMIT,1640,0,BUY,MARKET,0,12
MODIFY,1611,0,,,9990,14
SUBMIT,1641,1,SELL,LIMIT,9993,14
SUBMIT,1642,0,SELL,LIMIT,9997,6
SUBMIT,1643,0,BUY,MARKET,0,29
CANCEL,1563,0,,,0,0
SUBMIT,1644,0,SELL,LIMIT,9996,3
SUBMIT,1645,0,SELL,LIMIT,9998,29
CANCEL,1038,0,,,0,0
SUBMIT,1646,0,SELL,MARKET,0,9
SUBMIT,1647,0,BUY,LIMIT,9987,42
SUBMIT,1648,0,SELL,LIMIT,9997,35
SUBMIT,1649,0,BUY,MARKET,0,39
MODIFY,1611,0,,,9990,18
SUBMIT,1650,1,SELL,LIMIT,9993,18
CANCEL,1578,0,,,0,0
SUBMIT,1651,0,SELL,LIMIT,9993,32
SUBMIT,1652,0,SELL,LIMIT,9996,7
SUBMIT,1653,0,SELL,LIMIT,9994,5
SUBMIT,1654,0,SELL,LIMIT,9992,37
SUBMIT,1655,0,SELL,MARKET,0,11
SUBMIT,1656,0,SELL,LIMIT,9993,40
SUBMIT,1657,0,SELL,LIMIT,9994,33
SUBMIT,1658,0,BUY,LIMIT,9985,42
SUBMIT,1659,0,BUY,LIMIT,9986,48
MODIFY,1611,0,,,9987,16
SUBMIT,1660,1,SELL,LIMIT,9993,16
CANCEL,982,0,,,0,0
SUBMIT,1661,0,SELL,LIMIT,9991,2
CANCEL,1343,0,,,0,0
SUBMIT,1662,0,SELL,LIMIT,9992,39
SUBMIT,1663,0,SELL,LIMIT,9993,33
SUBMIT,1664,0,BUY,MARKET,0,8
SUBMIT,1665,0,SELL,LIMIT,9992,13
SUBMIT,1666,0,BUY,MARKET,0,19
CANCEL,1537,0,,,0,0
CANCEL,1317,0,,,0,0
MODIFY,1611,0,,,9985,11
SUBMIT,1667,1,SELL,LIMIT,9991,11
SUBMIT,1668,0,BUY,MARKET,0,3
CANCEL,883,0,,,0,0
SUBMIT,1669,0,BUY,LIMIT,9986,43
CANCEL,1285,0,,,0,0
SUBMIT,1670,0,SELL,LIMIT,9991,1
SUBMIT,1671,0,BUY,LIMIT,9989,37
SUBMIT,1672,0,BUY,LIMIT,9985,10
SUBMIT,1673,0,SELL,LIMIT,9993,33
SUBMIT,1674,0,BUY,LIMIT,9989,37
CANCEL,758,0,,,0,0
MODIFY,1611,0,,,9988,1
SUBMIT,1675,1,SELL,LIMIT,9991,1
CANCEL,1026,0,,,0,0
SUBMIT,1676,0,SELL,LIMIT,9994,50
SUBMIT,1677,0,SELL,LIMIT,9994,22
SUBMIT,1678,0,BUY,LIMIT,9989,39
SUBMIT,1679,0,BUY,LIMIT,9988,21
SUBMIT,1680,0,SELL,LIMIT,9992,21
SUBMIT,1681,0,BUY,LIMIT,9987,6
SUBMIT,1682,0,SELL,LIMIT,9995,40
SUBMIT,1683,0,BUY,MARKET,0,25
SUBMIT,1684,0,SELL,LIMIT,9995,30
MODIFY,1611,0,,,9988,9
SUBMIT,1685,1,SELL,LIMIT,9993,9
SUBMIT,1686,0,SELL,LIMIT,9994,14
SUBMIT,1687,0,BUY,MARKET,0,30
SUBMIT,1688,0,SELL,LIMIT,9991,4
SUBMIT,1689,0,BUY,LIMIT,9989,2
SUBMIT,1690,0,BUY,LIMIT,9986,13
SUBMIT,1691,0,BUY,LIMIT,9984,37
SUBMIT,1692,0,BUY,MARKET,0,35
SUBMIT,1693,0,SELL,LIMIT,9994,15
CANCEL,951,0,,,0,0
CANCEL,1380,0,,,0,0
MODIFY,1611,0,,,9987,12
SUBMIT,1694,1,SELL,LIMIT,9991,12
SUBMIT,1695,0,BUY,LIMIT,9983,35
SUBMIT,1696,0,SELL,MARKET,0,9
CANCEL,976,0,,,0,0
CANCEL,527,0,,,0,0
SUBMIT,1697,0,SELL,LIMIT,9990,22
SUBMIT,1698,0,BUY,LIMIT,9986,34
CANCEL,1402,0,,,0,0
SUBMIT,1699,0,SELL,LIMIT,9993,50
CANCEL,61,0,,,0,0
SUBMIT,1700,0,BUY,LIMIT,9984,40
MODIFY,1611,0,,,9985,14
SUBMIT,1701,1,SELL,LIMIT,9990,14
SUBMIT,1702,0,BUY,LIMIT,9982,30
SUBMIT,1703,0,SELL,LIMIT,9987,43
CANCEL,1071,0,,,0,0
SUBMIT,1704,0,BUY,LIMIT,9982,26
SUBMIT,1705,0,SELL,MARKET,0,31
CANCEL,1358,0,,,0,0
SUBMIT,1706,0,SELL,LIMIT,9989,38
SUBMIT,1707,0,BUY,LIMIT,9983,22
SUBMIT,1708,0,BUY,LIMIT,9983,47
SUBMIT,1709,0,SELL,LIMIT,9988,34
MODIFY,1611,0,,,9981,8
SUBMIT,1710,1,SELL,LIMIT,9987,8
CANCEL,449,0,,,0,0
SUBMIT,1711,0,BUY,MARKET,0,47
CANCEL,219,0,,,0,0
SUBMIT,1712,0,SELL,MARKET,0,35
CANCEL,607,0,,,0,0
CANCEL,1359,0,,,0,0
SUBMIT,1713,0,BUY,LIMIT,9981,29
CANCEL,293,0,,,0,0
SUBMIT,1714,0,BUY,LIMIT,9983,17
SUBMIT,1715,0,BUY,LIMIT,9982,49
MODIFY,1611,0,,,9985,19
SUBMIT,1716,1,SELL,LIMIT,9989,19
SUBMIT,1717,0,BUY,LIMIT,9981,32
CANCEL,1120,0,,,0,0
SUBMIT,1718,0,SELL,LIMIT,9992,40
CANCEL,1674,0,,,0,0
SUBMIT,1719,0,SELL,LIMIT,9987,41
CANCEL,855,0,,,0,0
SUBMIT,1720,0,SELL,LIMIT,9986,32
SUBMIT,1721,0,SELL,LIMIT,9988,34
CANCEL,1351,0,,,0,0
SUBMIT,1722,0,SELL,LIMIT,9990,31
MODIFY,1611,0,,,9983,13
SUBMIT,1723,1,SELL,LIMIT,9986,13
SUBMIT,1724,0,BUY,LIMIT,9984,14
SUBMIT,1725,0,BUY,LIMIT,9982,19
SUBMIT,1726,0,SELL,LIMIT,9988,38
SUBMIT,1727,0,BUY,LIMIT,9981,46
SUBMIT,1728,0,BUY,LIMIT,9983,31
SUBMIT,1729,0,BUY,LIMIT,9979,48
CANCEL,966,0,,,0,0
SUBMIT,1730,0,SELL,LIMIT,9985,49
CANCEL,1331,0,,,0,0
SUBMIT,1731,0,SELL,MARKET,0,27
MODIFY,1611,0,,,9981,6
SUBMIT,1732,1,SELL,LIMIT,9986,6
SUBMIT,1733,0,BUY,LIMIT,9978,12
SUBMIT,1734,0,SELL,LIMIT,9983,49
SUBMIT,1735,0,BUY,MARKET,0,41
CANCEL,1024,0,,,0,0
SUBMIT,1736,0,SELL,LIMIT,9985,37
CANCEL,1376,0,,,0,0
SUBMIT,1737,0,SELL,LIMIT,9982,5
SUBMIT,1738,0,BUY,LIMIT,9977,4
SUBMIT,1739,0,BUY,MARKET,0,28
CANCEL,1157,0,,,0,0
MODIFY,1611,0,,,9977,6
SUBMIT,1740,1,SELL,LIMIT,9982,6
SUBMIT,1741,0,BUY,LIMIT,9976,48
SUBMIT,1742,0,BUY,LIMIT,9980,18
CANCEL,996,0,,,0,0
SUBMIT,1743,0,BUY,LIMIT,9978,24
SUBMIT,1744,0,SELL,LIMIT,9985,44
SUBMIT,1745,0,SELL,LIMIT,9985,42
SUBMIT,1746,0,BUY,LIMIT,9977,43
SUBMIT,1747,0,BUY,LIMIT,9975,46
CANCEL,757,0,,,0,0
CANCEL,1425,0,,,0,0
MODIFY,1611,0,,,9978,17
SUBMIT,1748,1,SELL,LIMIT,9982,17
SUBMIT,1749,0,SELL,LIMIT,9984,24
SUBMIT,1750,0,SELL,LIMIT,9981,20
SUBMIT,1751,0,BUY,LIMIT,9976,35
SUBMIT,1752,0,SELL,LIMIT,9982,43
CANCEL,968,0,,,0,0
SUBMIT,1753,0,BUY,LIMIT,9976,38
CANCEL,1357,0,,,0,0
SUBMIT,1754,0,SELL,LIMIT,9982,42
SUBMIT,1755,0,SELL,LIMIT,9983,1
SUBMIT,1756,0,SELL,MARKET,0,49
MODIFY,1611,0,,,9979,14
SUBMIT,1757,1,SELL,LIMIT,9981,14
SUBMIT,1758,0,SELL,LIMIT,9983,25
CANCEL,1585,0,,,0,0
SUBMIT,1759,0,BUY,LIMIT,9981,21
CANCEL,1178,0,,,0,0
CANCEL,1096,0,,,0,0
SUBMIT,1760,0,SELL,LIMIT,9989,27
SUBMIT,1761,0,SELL,MARKET,0,7
SUBMIT,1762,0,BUY,LIMIT,9980,12
CANCEL,1409,0,,,0,0
CANCEL,1479,0,,,0,0
MODIFY,1611,0,,,9981,14
SUBMIT,1763,1,SELL,LIMIT,9987,14
SUBMIT,1764,0,SELL,MARKET,0,29
CANCEL,1342,0,,,0,0
CANCEL,1698,0,,,0,0
CANCEL,1528,0,,,0,0
SUBMIT,1765,0,BUY,LIMIT,9980,46
SUBMIT,1766,0,BUY,LIMIT,9977,26
SUBMIT,1767,0,BUY,MARKET,0,28
CANCEL,1616,0,,,0,0
SUBMIT,1768,0,BUY,LIMIT,9980,36
SUBMIT,1769,0,BUY,LIMIT,9977,8
MODIFY,1611,0,,,9979,1
SUBMIT,1770,1,SELL,LIMIT,9983,1
CANCEL,725,0,,,0,0
CANCEL,1260,0,,,0,0
SUBMIT,1771,0,BUY,LIMIT,9979,26
SUBMIT,1772,0,SELL,LIMIT,9984,46
SUBMIT,1773,0,BUY,MARKET,0,37
CANCEL,1753,0,,,0,0
SUBMIT,1774,0,SELL,LIMIT,9984,48
SUBMIT,1775,0,SELL,LIMIT,9986,17
SUBMIT,1776,0,SELL,LIMIT,9986,15
SUBMIT,1777,0,BUY,MARKET,0,15
MODIFY,1611,0,,,9980,13
SUBMIT,1778,1,SELL,LIMIT,9985,13
SUBMIT,1779,0,BUY,MARKET,0,46
SUBMIT,1780,0,BUY,LIMIT,9978,42
SUBMIT,1781,0,BUY,LIMIT,9977,2
SUBMIT,1782,0,BUY,MARKET,0,8
CANCEL,729,0,,,0,0
CANCEL,1387,0,,,0,0
SUBMIT,1783,0,BUY,LIMIT,9980,48
SUBMIT,1784,0,SELL,LIMIT,9983,26
CANCEL,1286,0,,,0,0
SUBMIT,1785,0,BUY,LIMIT,9979,6
MODIFY,1611,0,,,9982,18
SUBMIT,1786,1,SELL,LIMIT,9984,18
CANCEL,1419,0,,,0,0
SUBMIT,1787,0,SELL,LIMIT,9985,32
SUBMIT,1788,0,BUY,LIMIT,9979,39
CANCEL,892,0,,,0,0
CANCEL,1492,0,,,0,0
SUBMIT,1789,0,BUY,MARKET,0,1
SUBMIT,1790,0,BUY,LIMIT,9979,8
SUBMIT,1791,0,BUY,LIMIT,9978,6
SUBMIT,1792,0,BUY,LIMIT,9978,40
SUBMIT,1793,0,BUY,MARKET,0,21
MODIFY,1611,0,,,9981,16
SUBMIT,1794,1,SELL,LIMIT,9984,16
SUBMIT,1795,0,BUY,LIMIT,9977,42
SUBMIT,1796,0,BUY,LIMIT,9976,2
CANCEL,1557,0,,,0,0
CANCEL,1264,0,,,0,0
SUBMIT,1797,0,SELL,LIMIT,9982,37
SUBMIT,1798,0,SELL,MARKET,0,3
CANCEL,886,0,,,0,0
SUBMIT,1799,0,SELL,LIMIT,9984,35
CANCEL,818,0,,,0,0
SUBMIT,1800,0,SELL,MARKET,0,42
MODIFY,1611,0,,,9982,13
SUBMIT,1801,1,SELL,LIMIT,9986,13
SUBMIT,1802,0,SELL,LIMIT,9986,8
SUBMIT,1803,0,BUY,LIMIT,9982,4
SUBMIT,1804,0,BUY,LIMIT,9980,22
SUBMIT,1805,0,BUY,MARKET,0,45
CANCEL,1269,0,,,0,0
SUBMIT,1806,0,SELL,LIMIT,9987,37
SUBMIT,1807,0,SELL,LIMIT,9986,50
SUBMIT,1808,0,BUY,MARKET,0,50
SUBMIT,1809,0,BUY,LIMIT,9983,19
CANCEL,1110,0,,,0,0
MODIFY,1611,0,,,9984,3
SUBMIT,1810,1,SELL,LIMIT,9986,3
SUBMIT,1811,0,SELL,LIMIT,9985,10
SUBMIT,1812,0,SELL,MARKET,0,45
SUBMIT,1813,0,BUY,LIMIT,9982,9
CANCEL,1133,0,,,0,0
SUBMIT,1814,0,BUY,LIMIT,9979,48
SUBMIT,1815,0,SELL,LIMIT,9989,3
CANCEL,945,0,,,0,0
CANCEL,348,0,,,0,0
SUBMIT,1816,0,SELL,LIMIT,9989,19
SUBMIT,1817,0,SELL,LIMIT,9990,30
MODIFY,1611,0,,,9983,1
SUBMIT,1818,1,SELL,LIMIT,9988,1
SUBMIT,1819,0,SELL,LIMIT,9988,48
SUBMIT,1820,0,SELL,LIMIT,9986,22
SUBMIT,1821,0,BUY,LIMIT,9982,49
CANCEL,1679,0,,,0,0
SUBMIT,1822,0,BUY,LIMIT,9983,23
SUBMIT,1823,0,BUY,MARKET,0,37
SUBMIT,1824,0,SELL,LIMIT,9988,23
SUBMIT,1825,0,SELL,LIMIT,9989,25
SUBMIT,1826,0,BUY,MARKET,0,40
SUBMIT,1827,0,BUY,LIMIT,9984,42
MODIFY,1611,0,,,9984,8
SUBMIT,1828,1,SELL,LIMIT,9990,8
SUBMIT,1829,0,SELL,LIMIT,9992,49
SUBMIT,1830,0,SELL,LIMIT,9992,50
CANCEL,1746,0,,,0,0
SUBMIT,1831,0,BUY,LIMIT,9985,14
CANCEL,1796,0,,,0,0
SUBMIT,1832,0,SELL,LIMIT,9993,35
SUBMIT,1833,0,BUY,LIMIT,9987,23
SUBMIT,1834,0,SELL,LIMIT,9992,11
CANCEL,781,0,,,0,0
SUBMIT,1835,0,BUY,LIMIT,9985,47
MODIFY,1611,0,,,9985,7
MODIFY,1828,0,,,9991,7
SUBMIT,1836,0,BUY,LIMIT,9983,40
SUBMIT,1837,0,SELL,LIMIT,9994,39
CANCEL,448,0,,,0,0
SUBMIT,1838,0,SELL,LIMIT,9993,48
SUBMIT,1839,0,BUY,LIMIT,9986,7
SUBMIT,1840,0,SELL,LIMIT,9995,37
SUBMIT,1841,0,BUY,LIMIT,9989,36
SUBMIT,1842,0,BUY,LIMIT,9988,25
SUBMIT,1843,0,SELL,LIMIT,9994,5
SUBMIT,1844,0,BUY,LIMIT,9989,37
MODIFY,1611,0,,,9987,15
MODIFY,1828,0,,,9993,15
SUBMIT,1845,0,SELL,LIMIT,9994,2
CANCEL,1762,0,,,0,0
CANCEL,1259,0,,,0,0
CANCEL,1049,0,,,0,0
CANCEL,1581,0,,,0,0
CANCEL,1695,0,,,0,0
CANCEL,1168,0,,,0,0
CANCEL,1302,0,,,0,0
SUBMIT,1846,0,BUY,LIMIT,9990,38
SUBMIT,1847,0,SELL,LIMIT,9992,24
MODIFY,1611,0,,,9988,13
MODIFY,1828,0,,,9993,13
SUBMIT,1848,0,BUY,LIMIT,9989,40
SUBMIT,1849,0,BUY,LIMIT,9988,10
SUBMIT,1850,0,BUY,MARKET,0,12
SUBMIT,1851,0,BUY,LIMIT,9987,49
CANCEL,1846,0,,,0,0
SUBMIT,1852,0,SELL,LIMIT,9991,9
SUBMIT,1853,0,SELL,LIMIT,9993,25
SUBMIT,1854,0,BUY,LIMIT,9986,40
SUBMIT,1855,0,SELL,LIMIT,9995,45
SUBMIT,1856,0,BUY,LIMIT,9989,12
MODIFY,1611,0,,,9989,6
MODIFY,1828,0,,,9993,6
CANCEL,1785,0,,,0,0
SUBMIT,1857,0,BUY,LIMIT,9990,49
SUBMIT,1858,0,SELL,LIMIT,9996,6
SUBMIT,1859,0,BUY,LIMIT,9988,21
CANCEL,1565,0,,,0,0
CANCEL,170,0,,,0,0
CANCEL,1309,0,,,0,0
SUBMIT,1860,0,SELL,LIMIT,9992,38
SUBMIT,1861,0,SELL,LIMIT,9995,38
SUBMIT,1862,0,SELL,MARKET,0,33
MODIFY,1611,0,,,9988,20
MODIFY,1828,0,,,9993,20
SUBMIT,1863,0,SELL,LIMIT,9992,12
SUBMIT,1864,0,BUY,MARKET,0,48
CANCEL,1681,0,,,0,0
SUBMIT,1865,0,SELL,LIMIT,9992,24
SUBMIT,1866,0,BUY,LIMIT,9983,46
SUBMIT,1867,0,SELL,MARKET,0,21
SUBMIT,1868,0,SELL,MARKET,0,48
CANCEL,1256,0,,,0,0
SUBMIT,1869,0,SELL,LIMIT,9991,14
SUBMIT,1870,0,SELL,LIMIT,9994,7
MODIFY,1611,0,,,9987,10
MODIFY,1828,0,,,9990,10
SUBMIT,1871,0,SELL,LIMIT,9994,48
SUBMIT,1872,0,BUY,LIMIT,9989,34
SUBMIT,1873,0,BUY,LIMIT,9987,49
SUBMIT,1874,0,BUY,LIMIT,9987,15
SUBMIT,1875,0,BUY,LIMIT,9987,32
SUBMIT,1876,0,BUY,MARKET,0,37
SUBMIT,1877,0,SELL,LIMIT,9995,23
CANCEL,1125,0,,,0,0
SUBMIT,1878,0,SELL,MARKET,0,8
CANCEL,934,0,,,0,0
MODIFY,1611,0,,,9987,19
SUBMIT,1879,1,SELL,LIMIT,9989,19
SUBMIT,1880,0,SELL,LIMIT,9993,35
SUBMIT,1881,0,BUY,LIMIT,9984,19
SUBMIT,1882,0,BUY,LIMIT,9986,27
SUBMIT,1883,0,BUY,LIMIT,9984,16
SUBMIT,1884,0,BUY,LIMIT,9986,10
SUBMIT,1885,0,BUY,LIMIT,9985,41
SUBMIT,1886,0,BUY,LIMIT,9983,19
SUBMIT,1887,0,SELL,LIMIT,9991,34
SUBMIT,1888,0,BUY,LIMIT,9988,12
CANCEL,1273,0,,,0,0
MODIFY,1611,0,,,9988,15
SUBMIT,1889,1,SELL,LIMIT,9992,15
SUBMIT,1890,0,SELL,MARKET,0,27
SUBMIT,1891,0,SELL,MARKET,0,45
SUBMIT,1892,0,BUY,LIMIT,9990,48
CANCEL,1871,0,,,0,0
SUBMIT,1893,0,BUY,LIMIT,9987,26
SUBMIT,1894,0,SELL,MARKET,0,50
SUBMIT,1895,0,SELL,MARKET,0,26
CANCEL,1481,0,,,0,0
SUBMIT,1896,0,SELL,LIMIT,9995,20
SUBMIT,1897,0,SELL,LIMIT,9992,6
MODIFY,1611,0,,,9987,10
MODIFY,1889,0,,,9993,10
SUBMIT,1898,0,BUY,LIMIT,9989,21
SUBMIT,1899,0,BUY,LIMIT,9986,47
SUBMIT,1900,0,SELL,LIMIT,9993,42
SUBMIT,1901,0,SELL,LIMIT,9994,34
SUBMIT,1902,0,BUY,LIMIT,9991,5
SUBMIT,1903,0,SELL,LIMIT,9997,45
CANCEL,931,0,,,0,0
CANCEL,1015,0,,,0,0
CANCEL,1834,0,,,0,0
SUBMIT,1904,0,BUY,LIMIT,9991,18
MODIFY,1611,0,,,9989,5
MODIFY,1889,0,,,9995,5
SUBMIT,1905,0,SELL,LIMIT,9995,22
SUBMIT,1906,0,SELL,LIMIT,9994,37
SUBMIT,1907,0,BUY,LIMIT,9988,48
CANCEL,1265,0,,,0,0
SUBMIT,1908,0,BUY,LIMIT,9990,43
SUBMIT,1909,0,BUY,LIMIT,9990,48
CANCEL,1792,0,,,0,0
SUBMIT,1910,0,BUY,LIMIT,9989,7
SUBMIT,1911,0,BUY,LIMIT,9988,2
CANCEL,1511,0,,,0,0
MODIFY,1611,0,,,9988,9
MODIFY,1889,0,,,9992,9
CANCEL,1386,0,,,0,0
SUBMIT,1912,0,BUY,LIMIT,9990,44
SUBMIT,1913,0,BUY,LIMIT,9986,16
SUBMIT,1914,0,SELL,MARKET,0,4
SUBMIT,1915,0,BUY,LIMIT,9990,39
SUBMIT,1916,0,SELL,LIMIT,9997,14
SUBMIT,1917,0,SELL,LIMIT,9993,26
CANCEL,1048,0,,,0,0
SUBMIT,1918,0,BUY,LIMIT,9987,4
SUBMIT,1919,0,SELL,LIMIT,9995,37
MODIFY,1611,0,,,9990,20
MODIFY,1889,0,,,9992,20
CANCEL,1884,0,,,0,0
CANCEL,1156,0,,,0,0
CANCEL,1011,0,,,0,0
SUBMIT,1920,0,BUY,MARKET,0,34
CANCEL,1296,0,,,0,0
SUBMIT,1921,0,BUY,LIMIT,9986,9
SUBMIT,1922,0,BUY,MARKET,0,50
SUBMIT,1923,0,SELL,LIMIT,9992,44
SUBMIT,1924,0,SELL,LIMIT,9995,48
SUBMIT,1925,0,BUY,LIMIT,9988,47
MODIFY,1611,0,,,9989,20
MODIFY,1889,0,,,9992,20
SUBMIT,1926,0,SELL,MARKET,0,49
SUBMIT,1927,0,BUY,MARKET,0,39
SUBMIT,1928,0,BUY,LIMIT,9991,23
SUBMIT,1929,0,SELL,MARKET,0,3
SUBMIT,1930,0,SELL,LIMIT,9996,34
SUBMIT,1931,0,SELL,LIMIT,9997,3
CANCEL,1910,0,,,0,0
SUBMIT,1932,0,BUY,LIMIT,9989,35
SUBMIT,1933,0,SELL,LIMIT,9996,46
SUBMIT,1934,0,SELL,LIMIT,9994,20
MODIFY,1611,0,,,9992,8
MODIFY,1889,0,,,9996,8
SUBMIT,1935,0,SELL,LIMIT,9998,26
SUBMIT,1936,0,SELL,LIMIT,9994,43
CANCEL,730,0,,,0,0
SUBMIT,1937,0,BUY,LIMIT,9988,22
SUBMIT,1938,0,SELL,LIMIT,9994,36
CANCEL,1671,0,,,0,0
SUBMIT,1939,0,SELL,LIMIT,9994,37
SUBMIT,1940,0,BUY,LIMIT,9992,28
SUBMIT,1941,0,SELL,LIMIT,9994,48
SUBMIT,1942,0,SELL,LIMIT,9994,1
SUBMIT,1943,1,BUY,LIMIT,9989,10
MODIFY,1889,0,,,9994,10
CANCEL,1163,0,,,0,0
CANCEL,459,0,,,0,0
CANCEL,1097,0,,,0,0
SUBMIT,1944,0,BUY,LIMIT,9988,7
SUBMIT,1945,0,BUY,LIMIT,9991,40
SUBMIT,1946,0,BUY,LIMIT,9991,14
CANCEL,848,0,,,0,0
SUBMIT,1947,0,SELL,LIMIT,9993,9
SUBMIT,1948,0,SELL,LIMIT,9996,42
SUBMIT,1949,0,SELL,LIMIT,9994,47
MODIFY,1943,0,,,9991,3
MODIFY,1889,0,,,9994,3
CANCEL,724,0,,,0,0
SUBMIT,1950,0,SELL,LIMIT,9993,22
SUBMIT,1951,0,BUY,MARKET,0,8
SUBMIT,1952,0,BUY,LIMIT,9990,3
SUBMIT,1953,0,BUY,LIMIT,9989,16
CANCEL,1832,0,,,0,0
SUBMIT,1954,0,SELL,LIMIT,9997,5
CANCEL,1620,0,,,0,0
CANCEL,1558,0,,,0,0
CANCEL,563,0,,,0,0
MODIFY,1943,0,,,9989,17
MODIFY,1889,0,,,9992,17
SUBMIT,1955,0,BUY,LIMIT,9988,19
SUBMIT,1956,0,BUY,LIMIT,9986,40
SUBMIT,1957,0,SELL,LIMIT,9997,30
SUBMIT,1958,0,SELL,LIMIT,9995,24
SUBMIT,1959,0,SELL,MARKET,0,28
SUBMIT,1960,0,BUY,MARKET,0,41
CANCEL,1548,0,,,0,0
SUBMIT,1961,0,SELL,LIMIT,9995,40
SUBMIT,1962,0,BUY,LIMIT,9991,47
CANCEL,1865,0,,,0,0
MODIFY,1943,0,,,9992,13
SUBMIT,1963,1,SELL,LIMIT,9996,13
CANCEL,1612,0,,,0,0
CANCEL,1678,0,,,0,0
SUBMIT,1964,0,BUY,LIMIT,9992,48
CANCEL,1281,0,,,0,0
CANCEL,1432,0,,,0,0
CANCEL,1790,0,,,0,0
SUBMIT,1965,0,BUY,LIMIT,9993,5
CANCEL,1837,0,,,0,0
CANCEL,901,0,,,0,0
SUBMIT,1966,0,SELL,LIMIT,9997,20
MODIFY,1943,0,,,9990,15
MODIFY,1963,0,,,9996,15
SUBMIT,1967,0,SELL,MARKET,0,5
SUBMIT,1968,0,SELL,MARKET,0,14
CANCEL,1849,0,,,0,0
SUBMIT,1969,0,BUY,LIMIT,9993,35
SUBMIT,1970,0,SELL,LIMIT,9996,11
SUBMIT,1971,0,BUY,LIMIT,9991,1
SUBMIT,1972,0,BUY,MARKET,0,36
CANCEL,1008,0,,,0,0
CANCEL,1312,0,,,0,0
CANCEL,1587,0,,,0,0
MODIFY,1943,0,,,9992,14
MODIFY,1963,0,,,9996,14
SUBMIT,1973,0,BUY,LIMIT,9991,39
SUBMIT,1974,0,BUY,LIMIT,9990,32
SUBMIT,1975,0,SELL,MARKET,0,17
CANCEL,1326,0,,,0,0
SUBMIT,1976,0,BUY,LIMIT,9989,23
CANCEL,1729,0,,,0,0
SUBMIT,1977,0,SELL,LIMIT,9995,15
CANCEL,1795,0,,,0,0
SUBMIT,1978,0,SELL,MARKET,0,39
SUBMIT,1979,0,SELL,LIMIT,9999,7
SUBMIT,1980,1,BUY,LIMIT,9992,5
MODIFY,1963,0,,,9996,5
CANCEL,898,0,,,0,0
SUBMIT,1981,0,SELL,LIMIT,9997,19
CANCEL,1591,0,,,0,0
CANCEL,1573,0,,,0,0
SUBMIT,1982,0,BUY,LIMIT,9990,3
CANCEL,513,0,,,0,0
CANCEL,1893,0,,,0,0
SUBMIT,1983,0,SELL,MARKET,0,27
CANCEL,1851,0,,,0,0
SUBMIT,1984,0,SELL,LIMIT,9996,10
SUBMIT,1985,1,BUY,LIMIT,9992,12
MODIFY,1963,0,,,9997,12
SUBMIT,1986,0,SELL,LIMIT,9996,31
CANCEL,1543,0,,,0,0
SUBMIT,1987,0,SELL,MARKET,0,9
CANCEL,1420,0,,,0,0
SUBMIT,1988,0,BUY,LIMIT,9989,19
SUBMIT,1989,0,BUY,MARKET,0,16
SUBMIT,1990,0,SELL,MARKET,0,24
CANCEL,1189,0,,,0,0
SUBMIT,1991,0,BUY,MARKET,0,50
SUBMIT,1992,0,BUY,LIMIT,9993,13
SUBMIT,1993,1,BUY,LIMIT,9992,11
MODIFY,1963,0,,,9996,11
SUBMIT,1994,0,BUY,LIMIT,9990,12
SUBMIT,1995,0,BUY,LIMIT,9992,38
SUBMIT,1996,0,SELL,LIMIT,9998,39
SUBMIT,1997,0,SELL,LIMIT,10000,24
SUBMIT,1998,0,SELL,LIMIT,10000,40
SUBMIT,1999,0,SELL,LIMIT,10001,10
CANCEL,1621,0,,,0,0
SUBMIT,2000,0,SELL,MARKET,0,29
SUBMIT,2001,0,BUY,LIMIT,9990,21
SUBMIT,2002,0,SELL,LIMIT,9999,49
SUBMIT,2003,1,BUY,LIMIT,9992,2
MODIFY,1963,0,,,9996,2
SUBMIT,2004,0,SELL,LIMIT,9997,26
CANCEL,1291,0,,,0,0
SUBMIT,2005,0,BUY,LIMIT,9991,48
CANCEL,1901,0,,,0,0
SUBMIT,2006,0,SELL,MARKET,0,35
SUBMIT,2007,0,BUY,LIMIT,9992,41
CANCEL,1919,0,,,0,0
SUBMIT,2008,0,BUY,LIMIT,9995,6
SUBMIT,2009,0,SELL,LIMIT,10000,44
SUBMIT,2010,0,SELL,LIMIT,9999,6
SUBMIT,2011,1,BUY,LIMIT,9993,12
MODIFY,1963,0,,,9996,12
SUBMIT,2012,0,BUY,MARKET,0,50
CANCEL,138,0,,,0,0
CANCEL,215,0,,,0,0
CANCEL,1316,0,,,0,0
CANCEL,1610,0,,,0,0
SUBMIT,2013,0,BUY,LIMIT,9989,33
CANCEL,1596,0,,,0,0
SUBMIT,2014,0,BUY,LIMIT,9991,18
SUBMIT,2015,0,BUY,LIMIT,9990,35
CANCEL,1136,0,,,0,0
SUBMIT,2016,1,BUY,LIMIT,9992,18
MODIFY,1963,0,,,9996,18
SUBMIT,2017,0,BUY,LIMIT,9992,39
SUBMIT,2018,0,BUY,LIMIT,9990,36
SUBMIT,2019,0,BUY,LIMIT,9992,27
SUBMIT,2020,0,SELL,LIMIT,9996,34
SUBMIT,2021,0,SELL,LIMIT,9996,7
CANCEL,1522,0,,,0,0
CANCEL,1707,0,,,0,0
SUBMIT,2022,0,SELL,LIMIT,9999,25
SUBMIT,2023,0,BUY,LIMIT,9991,15
SUBMIT,2024,0,BUY,LIMIT,9991,32
MODIFY,2016,0,,,9990,6
MODIFY,1963,0,,,9996,6
CANCEL,1715,0,,,0,0
SUBMIT,2025,0,SELL,LIMIT,9997,16
SUBMIT,2026,0,SELL,LIMIT,9995,2
SUBMIT,2027,0,BUY,LIMIT,9990,39
SUBMIT,2028,0,BUY,LIMIT,9992,15
SUBMIT,2029,0,BUY,LIMIT,9988,18
SUBMIT,2030,0,BUY,LIMIT,9990,2
SUBMIT,2031,0,SELL,LIMIT,9996,21
SUBMIT,2032,0,SELL,LIMIT,9997,31
SUBMIT,2033,0,SELL,LIMIT,9997,24
MODIFY,2016,0,,,9994,11
MODIFY,1963,0,,,9997,11
SUBMIT,2034,0,SELL,MARKET,0,26
CANCEL,1117,0,,,0,0
SUBMIT,2035,0,BUY,MARKET,0,45
SUBMIT,2036,0,SELL,LIMIT,10000,46
SUBMIT,2037,0,SELL,LIMIT,10000,23
SUBMIT,2038,0,BUY,LIMIT,9994,24
SUBMIT,2039,0,SELL,LIMIT,9998,28
SUBMIT,2040,0,BUY,LIMIT,9993,39
SUBMIT,2041,0,SELL,LIMIT,9998,22
CANCEL,2025,0,,,0,0
SUBMIT,2042,1,BUY,LIMIT,9994,17
MODIFY,1963,0,,,9998,17
CANCEL,1583,0,,,0,0
CANCEL,1529,0,,,0,0
CANCEL,1827,0,,,0,0
SUBMIT,2043,0,BUY,LIMIT,9991,40
CANCEL,1882,0,,,0,0
SUBMIT,2044,0,SELL,MARKET,0,11
SUBMIT,2045,0,BUY,LIMIT,9992,21
SUBMIT,2046,0,BUY,LIMIT,9994,22
SUBMIT,2047,0,SELL,LIMIT,9999,15
SUBMIT,2048,0,BUY,LIMIT,9993,36
SUBMIT,2049,1,BUY,LIMIT,9993,18
MODIFY,1963,0,,,9998,18
SUBMIT,2050,0,BUY,LIMIT,9992,35
SUBMIT,2051,0,SELL,LIMIT,9998,4
SUBMIT,2052,0,BUY,LIMIT,9991,28
SUBMIT,2053,0,SELL,LIMIT,9997,49
SUBMIT,2054,0,SELL,MARKET,0,49
SUBMIT,2055,0,BUY,LIMIT,9991,24
CANCEL,1590,0,,,0,0
SUBMIT,2056,0,BUY,LIMIT,9993,13
SUBMIT,2057,0,BUY,MARKET,0,25
SUBMIT,2058,0,SELL,LIMIT,9997,33
MODIFY,2049,0,,,9994,17
MODIFY,1963,0,,,9996,17
SUBMIT,2059,0,SELL,LIMIT,9999,48
CANCEL,1381,0,,,0,0
SUBMIT,2060,0,SELL,LIMIT,9997,32
SUBMIT,2061,0,BUY,LIMIT,9989,20
SUBMIT,2062,0,SELL,LIMIT,9995,16
CANCEL,1852,0,,,0,0
SUBMIT,2063,0,SELL,LIMIT,9993,47
CANCEL,1542,0,,,0,0
SUBMIT,2064,0,BUY,LIMIT,9988,19
CANCEL,1928,0,,,0,0
SUBMIT,2065,1,BUY,LIMIT,9991,17
MODIFY,1963,0,,,9994,17
SUBMIT,2066,0,BUY,MARKET,0,17
CANCEL,2028,0,,,0,0
SUBMIT,2067,0,SELL,LIMIT,9995,19
SUBMIT,2068,0,BUY,MARKET,0,48
SUBMIT,2069,0,SELL,LIMIT,10001,40
SUBMIT,2070,0,BUY,LIMIT,9994,22
SUBMIT,2071,0,BUY,LIMIT,9991,28
CANCEL,2045,0,,,0,0
SUBMIT,2072,0,SELL,LIMIT,9996,7
CANCEL,1033,0,,,0,0
MODIFY,2065,0,,,9993,19
MODIFY,1963,0,,,9996,19
CANCEL,1571,0,,,0,0
SUBMIT,2073,0,BUY,LIMIT,9991,39
CANCEL,1872,0,,,0,0
SUBMIT,2074,0,SELL,MARKET,0,5
SUBMIT,2075,0,BUY,LIMIT,9992,22
SUBMIT,2076,0,SELL,LIMIT,9997,33
SUBMIT,2077,0,SELL,MARKET,0,8
SUBMIT,2078,0,SELL,LIMIT,9998,47
SUBMIT,2079,0,BUY,LIMIT,9992,1
SUBMIT,2080,0,SELL,MARKET,0,20
SUBMIT,2081,1,BUY,LIMIT,9995,9
MODIFY,1963,0,,,9998,9
SUBMIT,2082,0,BUY,MARKET,0,30
CANCEL,1702,0,,,0,0
SUBMIT,2083,0,BUY,LIMIT,9992,5
CANCEL,720,0,,,0,0
CANCEL,1690,0,,,0,0
SUBMIT,2084,0,SELL,MARKET,0,32
SUBMIT,2085,0,SELL,LIMIT,9998,34
SUBMIT,2086,0,BUY,LIMIT,9988,8
CANCEL,1574,0,,,0,0
SUBMIT,2087,0,BUY,LIMIT,9986,28
SUBMIT,2088,1,BUY,LIMIT,9988,3
MODIFY,1963,0,,,9994,3
SUBMIT,2089,0,SELL,LIMIT,9993,48
SUBMIT,2090,0,SELL,LIMIT,9997,8
CANCEL,1869,0,,,0,0
SUBMIT,2091,0,BUY,LIMIT,9989,44
SUBMIT,2092,0,SELL,LIMIT,9993,50
SUBMIT,2093,0,SELL,LIMIT,9995,14
SUBMIT,2094,0,SELL,LIMIT,9997,2
SUBMIT,2095,0,BUY,LIMIT,9991,23
SUBMIT,2096,0,SELL,LIMIT,9995,11
CANCEL,899,0,,,0,0
MODIFY,2088,0,,,9992,10
MODIFY,1963,0,,,9995,10
CANCEL,681,0,,,0,0
SUBMIT,2097,0,SELL,LIMIT,9997,46
SUBMIT,2098,0,SELL,LIMIT,9996,46
SUBMIT,2099,0,BUY,LIMIT,9993,13
CANCEL,1830,0,,,0,0
SUBMIT,2100,0,SELL,LIMIT,9998,21
CANCEL,1598,0,,,0,0
SUBMIT,2101,0,BUY,LIMIT,9990,50
SUBMIT,2102,0,BUY,LIMIT,9990,1
SUBMIT,2103,0,BUY,LIMIT,9993,6
MODIFY,2088,0,,,9991,7
MODIFY,1963,0,,,9995,7
SUBMIT,2104,0,BUY,MARKET,0,43
SUBMIT,2105,0,BUY,LIMIT,9992,43
SUBMIT,2106,0,SELL,LIMIT,9995,41
SUBMIT,2107,0,BUY,LIMIT,9990,26
SUBMIT,2108,0,SELL,LIMIT,9998,47
CANCEL,2067,0,,,0,0
SUBMIT,2109,0,SELL,MARKET,0,38
CANCEL,2056,0,,,0,0
SUBMIT,2110,0,BUY,LIMIT,9992,5
SUBMIT,2111,0,SELL,LIMIT,9997,36
MODIFY,2088,0,,,9993,8
MODIFY,1963,0,,,9997,8
SUBMIT,2112,0,SELL,LIMIT,9995,16
SUBMIT,2113,0,BUY,MARKET,0,3
SUBMIT,2114,0,BUY,LIMIT,9991,43
SUBMIT,2115,0,SELL,LIMIT,9994,33
SUBMIT,2116,0,BUY,LIMIT,9988,15
SUBMIT,2117,0,BUY,LIMIT,9990,35
CANCEL,1506,0,,,0,0
SUBMIT,2118,0,SELL,MARKET,0,49
SUBMIT,2119,0,SELL,LIMIT,9994,47
SUBMIT,2120,0,SELL,LIMIT,9995,22
SUBMIT,2121,1,BUY,LIMIT,9993,3
MODIFY,1963,0,,,9996,3
SUBMIT,2122,0,SELL,LIMIT,9995,3
CANCEL,1727,0,,,0,0
SUBMIT,2123,0,SELL,LIMIT,9996,18
SUBMIT,2124,0,BUY,LIMIT,9993,12
SUBMIT,2125,0,BUY,LIMIT,9995,24
CANCEL,2039,0,,,0,0
SUBMIT,2126,0,BUY,LIMIT,9995,17
SUBMIT,2127,0,BUY,LIMIT,9995,47
SUBMIT,2128,0,SELL,LIMIT,10000,2
CANCEL,352,0,,,0,0
SUBMIT,2129,1,BUY,LIMIT,9995,6
MODIFY,1963,0,,,10000,6
SUBMIT,2130,0,BUY,LIMIT,9995,28
SUBMIT,2131,0,SELL,LIMIT,10001,42
SUBMIT,2132,0,SELL,LIMIT,9998,8
CANCEL,1193,0,,,0,0
SUBMIT,2133,0,BUY,LIMIT,9994,5
SUBMIT,2134,0,BUY,LIMIT,9993,1
SUBMIT,2135,0,BUY,MARKET,0,8
SUBMIT,2136,0,BUY,LIMIT,9993,32
CANCEL,1984,0,,,0,0
CANCEL,2095,0,,,0,0
SUBMIT,2137,1,BUY,LIMIT,9991,3
MODIFY,1963,0,,,9996,3
SUBMIT,2138,0,BUY,LIMIT,9991,45
SUBMIT,2139,0,BUY,LIMIT,9994,7
SUBMIT,2140,0,BUY,MARKET,0,36
SUBMIT,2141,0,BUY,MARKET,0,4
SUBMIT,2142,0,BUY,MARKET,0,33
SUBMIT,2143,0,SELL,LIMIT,9997,26
SUBMIT,2144,0,BUY,MARKET,0,25
SUBMIT,2145,0,SELL,LIMIT,10000,31
SUBMIT,2146,0,BUY,LIMIT,9993,26
SUBMIT,2147,0,BUY,MARKET,0,40
MODIFY,2137,0,,,9995,15
MODIFY,1963,0,,,9997,15
SUBMIT,2148,0,SELL,LIMIT,9997,10
SUBMIT,2149,0,BUY,LIMIT,9994,44
SUBMIT,2150,0,SELL,MARKET,0,23
CANCEL,906,0,,,0,0
CANCEL,2060,0,,,0,0
SUBMIT,2151,0,BUY,LIMIT,9995,40
CANCEL,1941,0,,,0,0
SUBMIT,2152,0,SELL,LIMIT,9998,20
SUBMIT,2153,0,SELL,LIMIT,9998,21
SUBMIT,2154,0,SELL,LIMIT,10001,9
SUBMIT,2155,1,BUY,LIMIT,9994,19
MODIFY,1963,0,,,9998,19
SUBMIT,2156,0,BUY,LIMIT,9993,30
CANCEL,792,0,,,0,0
SUBMIT,2157,0,BUY,LIMIT,9992,11
CANCEL,1588,0,,,0,0
SUBMIT,2158,0,SELL,LIMIT,9999,16
SUBMIT,2159,0,BUY,LIMIT,9991,2
SUBMIT,2160,0,BUY,LIMIT,9992,10
SUBMIT,2161,0,SELL,LIMIT,9997,34
CANCEL,1279,0,,,0,0
SUBMIT,2162,0,SELL,LIMIT,9999,11
MODIFY,2155,0,,,9993,8
MODIFY,1963,0,,,9996,8
SUBMIT,2163,0,BUY,LIMIT,9994,30
SUBMIT,2164,0,SELL,LIMIT,10000,9
SUBMIT,2165,0,BUY,LIMIT,9990,20
SUBMIT,2166,0,BUY,LIMIT,9990,3
SUBMIT,2167,0,SELL,LIMIT,9997,11
SUBMIT,2168,0,BUY,LIMIT,9990,27
SUBMIT,2169,0,BUY,LIMIT,9992,10
SUBMIT,2170,0,BUY,MARKET,0,44
CANCEL,1327,0,,,0,0
CANCEL,1253,0,,,0,0
MODIFY,2155,0,,,9992,12
MODIFY,1963,0,,,9998,12
CANCEL,2093,0,,,0,0
CANCEL,644,0,,,0,0
CANCEL,800,0,,,0,0
SUBMIT,2171,0,BUY,MARKET,0,43
CANCEL,1392,0,,,0,0
CANCEL,540,0,,,0,0
SUBMIT,2172,0,BUY,LIMIT,9993,12
SUBMIT,2173,0,SELL,LIMIT,9997,34
SUBMIT,2174,0,BUY,LIMIT,9994,20
SUBMIT,2175,0,BUY,LIMIT,9991,40
MODIFY,2155,0,,,9994,14
MODIFY,1963,0,,,9998,14
SUBMIT,2176,0,SELL,LIMIT,10000,1
SUBMIT,2177,0,BUY,MARKET,0,37
CANCEL,1437,0,,,0,0
SUBMIT,2178,0,BUY,LIMIT,9994,9
SUBMIT,2179,0,SELL,LIMIT,9996,32
CANCEL,1493,0,,,0,0
SUBMIT,2180,0,SELL,MARKET,0,36
SUBMIT,2181,0,SELL,LIMIT,9996,12
SUBMIT,2182,0,BUY,LIMIT,9993,22
SUBMIT,2183,0,BUY,LIMIT,9990,28
MODIFY,2155,0,,,9991,13
MODIFY,1963,0,,,9996,13
SUBMIT,2184,0,BUY,MARKET,0,5
SUBMIT,2185,0,BUY,LIMIT,9990,32
SUBMIT,2186,0,SELL,LIMIT,9996,31
SUBMIT,2187,0,BUY,LIMIT,9990,4
SUBMIT,2188,0,BUY,LIMIT,9992,16
CANCEL,1567,0,,,0,0
CANCEL,1613,0,,,0,0
SUBMIT,2189,0,BUY,MARKET,0,32
SUBMIT,2190,0,SELL,LIMIT,9995,2
SUBMIT,2191,0,BUY,LIMIT,9991,23
MODIFY,2155,0,,,9990,4
MODIFY,1963,0,,,9995,4
SUBMIT,2192,0,BUY,LIMIT,9986,35
SUBMIT,2193,0,SELL,LIMIT,9994,16
CANCEL,1843,0,,,0,0
CANCEL,896,0,,,0,0
CANCEL,803,0,,,0,0
SUBMIT,2194,0,BUY,LIMIT,9987,37
SUBMIT,2195,0,SELL,LIMIT,9995,4
SUBMIT,2196,0,SELL,MARKET,0,8
CANCEL,1595,0,,,0,0
SUBMIT,2197,0,SELL,LIMIT,9995,3
MODIFY,2155,0,,,9989,15
MODIFY,1963,0,,,9993,15
SUBMIT,2198,0,BUY,LIMIT,9984,22
CANCEL,1766,0,,,0,0
CANCEL,627,0,,,0,0
SUBMIT,2199,0,BUY,LIMIT,9986,29
SUBMIT,2200,0,SELL,MARKET,0,40
SUBMIT,2201,0,BUY,LIMIT,9986,2
SUBMIT,2202,0,SELL,LIMIT,9993,28
SUBMIT,2203,0,BUY,LIMIT,9989,39
SUBMIT,2204,0,BUY,MARKET,0,49
SUBMIT,2205,0,SELL,LIMIT,9994,22
MODIFY,2155,0,,,9988,9
SUBMIT,2206,1,SELL,LIMIT,9993,9
SUBMIT,2207,0,BUY,LIMIT,9987,8
CANCEL,400,0,,,0,0
SUBMIT,2208,0,SELL,MARKET,0,44
SUBMIT,2209,0,BUY,LIMIT,9988,49
SUBMIT,2210,0,BUY,MARKET,0,47
CANCEL,970,0,,,0,0
SUBMIT,2211,0,BUY,LIMIT,9985,20
SUBMIT,2212,0,SELL,LIMIT,9990,1
SUBMIT,2213,0,BUY,LIMIT,9987,21
CANCEL,797,0,,,0,0
MODIFY,2155,0,,,9985,7
SUBMIT,2214,1,SELL,LIMIT,9991,7
SUBMIT,2215,0,SELL,MARKET,0,37
SUBMIT,2216,0,BUY,LIMIT,9984,40
CANCEL,538,0,,,0,0
SUBMIT,2217,0,BUY,LIMIT,9986,50
SUBMIT,2218,0,SELL,LIMIT,9992,21
SUBMIT,2219,0,SELL,LIMIT,9990,42
SUBMIT,2220,0,BUY,LIMIT,9983,1
SUBMIT,2221,0,BUY,LIMIT,9986,47
SUBMIT,2222,0,BUY,LIMIT,9986,5
SUBMIT,2223,0,SELL,LIMIT,9994,2
MODIFY,2155,0,,,9987,15
SUBMIT,2224,1,SELL,LIMIT,9990,15
CANCEL,1555,0,,,0,0
CANCEL,2031,0,,,0,0
CANCEL,2213,0,,,0,0
CANCEL,1814,0,,,0,0
CANCEL,687,0,,,0,0
SUBMIT,2225,0,SELL,MARKET,0,33
SUBMIT,2226,0,BUY,LIMIT,9991,21
SUBMIT,2227,0,SELL,LIMIT,9994,10
SUBMIT,2228,0,BUY,LIMIT,9991,25
SUBMIT,2229,0,SELL,LIMIT,9993,15
MODIFY,2155,0,,,9989,17
SUBMIT,2230,1,SELL,LIMIT,9993,17
CANCEL,2119,0,,,0,0
SUBMIT,2231,0,BUY,LIMIT,9987,2
CANCEL,1541,0,,,0,0
SUBMIT,2232,0,SELL,LIMIT,9992,46
SUBMIT,2233,0,SELL,LIMIT,9993,23
CANCEL,1599,0,,,0,0
CANCEL,1453,0,,,0,0
SUBMIT,2234,0,SELL,MARKET,0,44
SUBMIT,2235,0,BUY,LIMIT,9985,34
SUBMIT,2236,0,SELL,LIMIT,9991,44
MODIFY,2155,0,,,9988,12
MODIFY,2230,0,,,9991,12
SUBMIT,2237,0,BUY,MARKET,0,25
SUBMIT,2238,0,SELL,LIMIT,9990,25
SUBMIT,2239,0,BUY,LIMIT,9986,6
CANCEL,1647,0,,,0,0
CANCEL,1853,0,,,0,0
SUBMIT,2240,0,BUY,LIMIT,9987,18
SUBMIT,2241,0,BUY,LIMIT,9986,40
SUBMIT,2242,0,SELL,LIMIT,9991,14
SUBMIT,2243,0,SELL,LIMIT,9996,26
SUBMIT,2244,0,SELL,LIMIT,9992,22
MODIFY,2155,0,,,9989,6
SUBMIT,2245,1,SELL,LIMIT,9992,6
SUBMIT,2246,0,SELL,LIMIT,9995,36
CANCEL,1700,0,,,0,0
CANCEL,1353,0,,,0,0
SUBMIT,2247,0,SELL,LIMIT,9995,36
SUBMIT,2248,0,BUY,LIMIT,9985,11
CANCEL,1091,0,,,0,0
SUBMIT,2249,0,SELL,LIMIT,9994,49
SUBMIT,2250,0,SELL,LIMIT,9993,46
CANCEL,1741,0,,,0,0
CANCEL,1629,0,,,0,0
MODIFY,2155,0,,,9987,17
MODIFY,2245,0,,,9993,17
SUBMIT,2251,0,SELL,LIMIT,9991,1
SUBMIT,2252,0,SELL,LIMIT,9996,23
SUBMIT,2253,0,SELL,LIMIT,9995,27
CANCEL,2078,0,,,0,0
SUBMIT,2254,0,SELL,MARKET,0,38
SUBMIT,2255,0,BUY,LIMIT,9990,50
SUBMIT,2256,0,SELL,LIMIT,9996,48
SUBMIT,2257,0,SELL,LIMIT,9994,26
CANCEL,1382,0,,,0,0
SUBMIT,2258,0,BUY,MARKET,0,12
MODIFY,2155,0,,,9990,3
MODIFY,2245,0,,,9993,3
CANCEL,2175,0,,,0,0
SUBMIT,2259,0,BUY,LIMIT,9987,3
SUBMIT,2260,0,SELL,LIMIT,9995,44
SUBMIT,2261,0,SELL,LIMIT,9997,47
SUBMIT,2262,0,SELL,MARKET,0,21
CANCEL,2247,0,,,0,0
CANCEL,1771,0,,,0,0
SUBMIT,2263,0,BUY,LIMIT,9988,44
SUBMIT,2264,0,BUY,LIMIT,9988,36
SUBMIT,2265,0,BUY,MARKET,0,11
MODIFY,2155,0,,,9992,3
MODIFY,2245,0,,,9994,3
CANCEL,2033,0,,,0,0
CANCEL,1733,0,,,0,0
SUBMIT,2266,0,SELL,LIMIT,9999,7
CANCEL,2100,0,,,0,0
CANCEL,1888,0,,,0,0
SUBMIT,2267,0,BUY,LIMIT,9992,34
SUBMIT,2268,0,BUY,LIMIT,9989,20
CANCEL,1945,0,,,0,0
CANCEL,2085,0,,,0,0
SUBMIT,2269,0,BUY,MARKET,0,17
SUBMIT,2270,1,BUY,LIMIT,9989,10
MODIFY,2245,0,,,9993,10
SUBMIT,2271,0,SELL,LIMIT,9995,16
SUBMIT,2272,0,BUY,LIMIT,9986,3
CANCEL,1948,0,,,0,0
CANCEL,2179,0,,,0,0
CANCEL,2223,0,,,0,0
SUBMIT,2273,0,BUY,LIMIT,9992,35
SUBMIT,2274,0,BUY,LIMIT,9988,6
SUBMIT,2275,0,BUY,LIMIT,9990,31
SUBMIT,2276,0,BUY,MARKET,0,37
SUBMIT,2277,0,SELL,LIMIT,9997,26
MODIFY,2270,0,,,9989,15
MODIFY,2245,0,,,9993,15
SUBMIT,2278,0,SELL,LIMIT,9995,47
SUBMIT,2279,0,SELL,LIMIT,9995,30
SUBMIT,2280,0,SELL,LIMIT,9995,8
SUBMIT,2281,0,SELL,LIMIT,9994,36
SUBMIT,2282,0,SELL,LIMIT,9997,39
SUBMIT,2283,0,BUY,MARKET,0,27
SUBMIT,2284,0,BUY,MARKET,0,13
SUBMIT,2285,0,BUY,LIMIT,9987,30
CANCEL,1538,0,,,0,0
SUBMIT,2286,0,BUY,LIMIT,9991,32
MODIFY,2270,0,,,9990,17
MODIFY,2245,0,,,9994,17
SUBMIT,2287,0,SELL,MARKET,0,43
SUBMIT,2288,0,BUY,LIMIT,9990,46
SUBMIT,2289,0,BUY,LIMIT,9991,31
CANCEL,922,0,,,0,0
CANCEL,2019,0,,,0,0
CANCEL,2246,0,,,0,0
SUBMIT,2290,0,BUY,LIMIT,9989,21
CANCEL,1866,0,,,0,0
SUBMIT,2291,0,SELL,LIMIT,9995,29
CANCEL,1345,0,,,0,0
MODIFY,2270,0,,,9990,11
MODIFY,2245,0,,,9993,11
CANCEL,503,0,,,0,0
CANCEL,2168,0,,,0,0
SUBMIT,2292,0,SELL,LIMIT,9996,45
SUBMIT,2293,0,BUY,LIMIT,9986,43
SUBMIT,2294,0,SELL,LIMIT,9993,18
SUBMIT,2295,0,SELL,LIMIT,9996,28
SUBMIT,2296,0,BUY,MARKET,0,46
SUBMIT,2297,0,BUY,MARKET,0,31
SUBMIT,2298,0,BUY,MARKET,0,33
CANCEL,1267,0,,,0,0
MODIFY,2270,0,,,9988,3
SUBMIT,2299,1,SELL,LIMIT,9994,3
SUBMIT,2300,0,SELL,MARKET,0,20
CANCEL,2229,0,,,0,0
CANCEL,1831,0,,,0,0
SUBMIT,2301,0,BUY,LIMIT,9987,31
CANCEL,1804,0,,,0,0
SUBMIT,2302,0,SELL,LIMIT,9992,33
SUBMIT,2303,0,BUY,LIMIT,9989,35
SUBMIT,2304,0,BUY,LIMIT,9987,25
SUBMIT,2305,0,SELL,LIMIT,9994,18
CANCEL,1576,0,,,0,0
MODIFY,2270,0,,,9987,17
MODIFY,2299,0,,,9991,17
CANCEL,2191,0,,,0,0
SUBMIT,2306,0,SELL,LIMIT,9994,47
CANCEL,887,0,,,0,0
SUBMIT,2307,0,SELL,LIMIT,9991,9
SUBMIT,2308,0,SELL,LIMIT,9991,19
CANCEL,2089,0,,,0,0
SUBMIT,2309,0,BUY,LIMIT,9983,39
SUBMIT,2310,0,SELL,LIMIT,9989,46
SUBMIT,2311,0,SELL,LIMIT,9991,30
SUBMIT,2312,0,SELL,LIMIT,9992,39
MODIFY,2270,0,,,9987,15
SUBMIT,2313,1,SELL,LIMIT,9989,15
CANCEL,1315,0,,,0,0
CANCEL,134,0,,,0,0
CANCEL,2274,0,,,0,0
SUBMIT,2314,0,BUY,MARKET,0,28
CANCEL,1614,0,,,0,0
SUBMIT,2315,0,BUY,LIMIT,9987,47
SUBMIT,2316,0,BUY,LIMIT,9986,28
SUBMIT,2317,0,BUY,LIMIT,9987,1
SUBMIT,2318,0,SELL,LIMIT,9992,20
SUBMIT,2319,0,BUY,LIMIT,9989,14
MODIFY,2270,0,,,9987,4
SUBMIT,2320,1,SELL,LIMIT,9993,4
CANCEL,2279,0,,,0,0
SUBMIT,2321,0,BUY,LIMIT,9988,3
CANCEL,2239,0,,,0,0
SUBMIT,2322,0,BUY,LIMIT,9987,33
SUBMIT,2323,0,BUY,MARKET,0,23
SUBMIT,2324,0,SELL,LIMIT,9992,47
SUBMIT,2325,0,BUY,LIMIT,9986,41
SUBMIT,2326,0,BUY,LIMIT,9985,33
CANCEL,1052,0,,,0,0
SUBMIT,2327,0,SELL,LIMIT,9994,46
MODIFY,2270,0,,,9989,9
MODIFY,2320,0,,,9992,9
CANCEL,845,0,,,0,0
SUBMIT,2328,0,BUY,MARKET,0,40
SUBMIT,2329,0,SELL,LIMIT,9993,26
CANCEL,2153,0,,,0,0
CANCEL,1074,0,,,0,0
SUBMIT,2330,0,SELL,LIMIT,9995,38
SUBMIT,2331,0,SELL,MARKET,0,16
CANCEL,861,0,,,0,0
SUBMIT,2332,0,SELL,LIMIT,9996,28
CANCEL,2250,0,,,0,0
MODIFY,2270,0,,,9989,18
MODIFY,2320,0,,,9993,18
SUBMIT,2333,0,SELL,LIMIT,9995,28
SUBMIT,2334,0,SELL,LIMIT,9995,8
CANCEL,884,0,,,0,0
CANCEL,1600,0,,,0,0
CANCEL,2183,0,,,0,0
CANCEL,2023,0,,,0,0
CANCEL,1955,0,,,0,0
SUBMIT,2335,0,BUY,LIMIT,9991,16
CANCEL,1122,0,,,0,0
CANCEL,2004,0,,,0,0
MODIFY,2270,0,,,9993,17
MODIFY,2320,0,,,9999,17
SUBMIT,2336,0,SELL,LIMIT,10000,5
CANCEL,1174,0,,,0,0
CANCEL,1095,0,,,0,0
SUBMIT,2337,0,BUY,LIMIT,9992,17
SUBMIT,2338,0,SELL,LIMIT,9998,48
SUBMIT,2339,0,BUY,LIMIT,9992,45
SUBMIT,2340,0,BUY,LIMIT,9990,38
SUBMIT,2341,0,SELL,MARKET,0,25
SUBMIT,2342,0,BUY,LIMIT,9994,46
SUBMIT,2343,0,SELL,LIMIT,9998,46
SUBMIT,2344,1,BUY,LIMIT,9995,10
MODIFY,2320,0,,,9998,10
SUBMIT,2345,0,SELL,LIMIT,9998,12
SUBMIT,2346,0,SELL,MARKET,0,24
SUBMIT,2347,0,SELL,MARKET,0,9
SUBMIT,2348,0,SELL,LIMIT,10001,49
CANCEL,2235,0,,,0,0
CANCEL,1322,0,,,0,0
SUBMIT,2349,0,SELL,LIMIT,10003,2
CANCEL,1549,0,,,0,0
SUBMIT,2350,0,SELL,LIMIT,10000,7
CANCEL,2167,0,,,0,0
SUBMIT,2351,1,BUY,LIMIT,9996,17
MODIFY,2320,0,,,10001,17
CANCEL,1442,0,,,0,0
CANCEL,2116,0,,,0,0
SUBMIT,2352,0,SELL,LIMIT,10003,36
SUBMIT,2353,0,BUY,LIMIT,9997,38
SUBMIT,2354,0,SELL,MARKET,0,26
SUBMIT,2355,0,BUY,LIMIT,9999,39
SUBMIT,2356,0,SELL,MARKET,0,49
SUBMIT,2357,0,BUY,MARKET,0,48
SUBMIT,2358,0,BUY,LIMIT,9998,16
SUBMIT,2359,0,BUY,LIMIT,10001,17
SUBMIT,2360,1,BUY,LIMIT,10001,20
MODIFY,2320,0,,,10004,20
CANCEL,1717,0,,,0,0
CANCEL,1933,0,,,0,0
CANCEL,2163,0,,,0,0
SUBMIT,2361,0,BUY,LIMIT,9999,29
SUBMIT,2362,0,BUY,LIMIT,9999,7
SUBMIT,2363,0,BUY,LIMIT,10003,17
CANCEL,1580,0,,,0,0
SUBMIT,2364,0,SELL,MARKET,0,7
CANCEL,1854,0,,,0,0
SUBMIT,2365,0,SELL,LIMIT,10006,40
SUBMIT,2366,1,BUY,LIMIT,10001,15
MODIFY,2320,0,,,10005,15
SUBMIT,2367,0,SELL,MARKET,0,32
SUBMIT,2368,0,BUY,LIMIT,10003,10
SUBMIT,2369,0,BUY,LIMIT,10002,40
SUBMIT,2370,0,SELL,LIMIT,10005,23
SUBMIT,2371,0,BUY,MARKET,0,18
SUBMIT,2372,0,SELL,LIMIT,10005,46
CANCEL,2192,0,,,0,0
SUBMIT,2373,0,BUY,MARKET,0,10
SUBMIT,2374,0,BUY,MARKET,0,18
SUBMIT,2375,0,SELL,LIMIT,10003,28
SUBMIT,2376,1,BUY,LIMIT,10001,2
MODIFY,2320,0,,,10005,2
SUBMIT,2377,0,SELL,LIMIT,10004,18
SUBMIT,2378,0,SELL,LIMIT,10006,16
CANCEL,2186,0,,,0,0
SUBMIT,2379,0,SELL,MARKET,0,14
SUBMIT,2380,0,BUY,MARKET,0,27
SUBMIT,2381,0,SELL,MARKET,0,17
SUBMIT,2382,0,BUY,MARKET,0,42
CANCEL,1672,0,,,0,0
SUBMIT,2383,0,BUY,LIMIT,9995,28
CANCEL,2211,0,,,0,0
SUBMIT,2384,1,BUY,LIMIT,9999,2
MODIFY,2320,0,,,10004,2
SUBMIT,2385,0,SELL,LIMIT,10004,33
CANCEL,1816,0,,,0,0
SUBMIT,2386,0,BUY,LIMIT,9995,35
CANCEL,1130,0,,,0,0
CANCEL,1057,0,,,0,0
CANCEL,2069,0,,,0,0
SUBMIT,2387,0,SELL,LIMIT,10002,10
SUBMIT,2388,0,SELL,MARKET,0,14
SUBMIT,2389,0,SELL,LIMIT,10001,30
SUBMIT,2390,0,SELL,LIMIT,10002,17
SUBMIT,2391,1,BUY,LIMIT,9996,1
MODIFY,2320,0,,,10001,1
SUBMIT,2392,0,SELL,MARKET,0,17
CANCEL,1606,0,,,0,0
SUBMIT,2393,0,BUY,LIMIT,9993,34
SUBMIT,2394,0,SELL,LIMIT,10003,33
SUBMIT,2395,0,SELL,LIMIT,10003,17
CANCEL,2248,0,,,0,0
CANCEL,1873,0,,,0,0
CANCEL,2075,0,,,0,0
SUBMIT,2396,0,SELL,LIMIT,10000,45
CANCEL,1314,0,,,0,0
SUBMIT,2397,1,BUY,LIMIT,9994,15
MODIFY,2320,0,,,9997,15
SUBMIT,2398,0,SELL,LIMIT,10000,4
SUBMIT,2399,0,SELL,LIMIT,9998,5
SUBMIT,2400,0,SELL,LIMIT,9998,29
SUBMIT,2401,0,SELL,LIMIT,10001,27
SUBMIT,2402,0,BUY,LIMIT,9994,48
SUBMIT,2403,0,BUY,LIMIT,9992,9
SUBMIT,2404,0,BUY,LIMIT,9994,19
SUBMIT,2405,0,BUY,MARKET,0,44
CANCEL,1724,0,,,0,0
CANCEL,1918,0,,,0,0
MODIFY,2397,0,,,9993,17
MODIFY,2320,0,,,9998,17
CANCEL,1769,0,,,0,0
SUBMIT,2406,0,SELL,LIMIT,9999,19
CANCEL,1239,0,,,0,0
CANCEL,1534,0,,,0,0
CANCEL,1180,0,,,0,0
SUBMIT,2407,0,SELL,LIMIT,9995,32
SUBMIT,2408,0,BUY,LIMIT,9994,32
CANCEL,1845,0,,,0,0
CANCEL,1461,0,,,0,0
SUBMIT,2409,0,SELL,LIMIT,9995,13
MODIFY,2397,0,,,9992,17
MODIFY,2320,0,,,9995,17
CANCEL,1809,0,,,0,0
SUBMIT,2410,0,SELL,MARKET,0,43
SUBMIT,2411,0,SELL,LIMIT,9996,50
SUBMIT,2412,0,SELL,LIMIT,9994,15
SUBMIT,2413,0,SELL,LIMIT,9997,29
CANCEL,2123,0,,,0,0
SUBMIT,2414,0,BUY,LIMIT,9988,20
CANCEL,2273,0,,,0,0
SUBMIT,2415,0,SELL,LIMIT,9998,7
SUBMIT,2416,0,SELL,MARKET,0,11
MODIFY,2397,0,,,9991,2
MODIFY,2320,0,,,9994,2
SUBMIT,2417,0,SELL,LIMIT,9993,46
SUBMIT,2418,0,SELL,LIMIT,9995,6
SUBMIT,2419,0,SELL,LIMIT,9997,6
SUBMIT,2420,0,SELL,LIMIT,9997,11
CANCEL,2009,0,,,0,0
SUBMIT,2421,0,SELL,LIMIT,9995,47
SUBMIT,2422,0,SELL,LIMIT,9996,21
SUBMIT,2423,0,BUY,LIMIT,9989,12
CANCEL,2349,0,,,0,0
SUBMIT,2424,0,BUY,LIMIT,9991,1
MODIFY,2397,0,,,9991,20
SUBMIT,2425,1,SELL,LIMIT,9994,20
SUBMIT,2426,0,SELL,LIMIT,9996,27
CANCEL,1586,0,,,0,0
SUBMIT,2427,0,BUY,LIMIT,9988,29
SUBMIT,2428,0,BUY,MARKET,0,30
SUBMIT,2429,0,BUY,LIMIT,9991,32
SUBMIT,2430,0,BUY,LIMIT,9990,27
CANCEL,2041,0,,,0,0
SUBMIT,2431,0,BUY,MARKET,0,23
SUBMIT,2432,0,SELL,LIMIT,9994,35
CANCEL,528,0,,,0,0
MODIFY,2397,0,,,9989,6
SUBMIT,2433,1,SELL,LIMIT,9995,6
CANCEL,2266,0,,,0,0
SUBMIT,2434,0,SELL,LIMIT,9993,18
SUBMIT,2435,0,SELL,LIMIT,9995,38
SUBMIT,2436,0,SELL,LIMIT,9992,19
CANCEL,895,0,,,0,0
SUBMIT,2437,0,BUY,LIMIT,9988,37
CANCEL,2051,0,,,0,0
SUBMIT,2438,0,SELL,LIMIT,9992,42
SUBMIT,2439,0,BUY,MARKET,0,8
CANCEL,1480,0,,,0,0
MODIFY,2397,0,,,9990,10
MODIFY,2433,0,,,9992,10
CANCEL,2232,0,,,0,0
CANCEL,2032,0,,,0,0
SUBMIT,2440,0,SELL,LIMIT,9996,2
SUBMIT,2441,0,SELL,LIMIT,9994,25
SUBMIT,2442,0,BUY,LIMIT,9986,15
SUBMIT,2443,0,BUY,LIMIT,9987,48
SUBMIT,2444,0,SELL,LIMIT,9994,19
SUBMIT,2445,0,SELL,LIMIT,9991,43
SUBMIT,2446,0,BUY,MARKET,0,26
SUBMIT,2447,0,SELL,LIMIT,9993,2
MODIFY,2397,0,,,9988,19
MODIFY,2433,0,,,9991,19
SUBMIT,2448,0,BUY,LIMIT,9986,1
SUBMIT,2449,0,BUY,MARKET,0,50
CANCEL,2301,0,,,0,0
SUBMIT,2450,0,SELL,LIMIT,9993,9
SUBMIT,2451,0,SELL,MARKET,0,4
SUBMIT,2452,0,BUY,LIMIT,9987,15
SUBMIT,2453,0,SELL,LIMIT,9994,2
SUBMIT,2454,0,SELL,LIMIT,9993,9
CANCEL,1261,0,,,0,0
SUBMIT,2455,0,BUY,MARKET,0,12
MODIFY,2397,0,,,9988,14
SUBMIT,2456,1,SELL,LIMIT,9992,14
SUBMIT,2457,0,SELL,MARKET,0,49
SUBMIT,2458,0,SELL,LIMIT,9996,13
CANCEL,2128,0,,,0,0
CANCEL,2317,0,,,0,0
CANCEL,2014,0,,,0,0
SUBMIT,2459,0,SELL,LIMIT,9992,10
SUBMIT,2460,0,SELL,LIMIT,9994,8
CANCEL,1207,0,,,0,0
CANCEL,1389,0,,,0,0
SUBMIT,2461,0,BUY,LIMIT,9988,37
MODIFY,2397,0,,,9989,13
MODIFY,2456,0,,,9992,13
CANCEL,405,0,,,0,0
CANCEL,2429,0,,,0,0
SUBMIT,2462,0,BUY,LIMIT,9989,20
SUBMIT,2463,0,BUY,MARKET,0,40
CANCEL,1287,0,,,0,0
SUBMIT,2464,0,SELL,LIMIT,9990,15
CANCEL,2430,0,,,0,0
CANCEL,2403,0,,,0,0
SUBMIT,2465,0,BUY,LIMIT,9986,34
CANCEL,1855,0,,,0,0
MODIFY,2397,0,,,9986,16
SUBMIT,2466,1,SELL,LIMIT,9990,16
SUBMIT,2467,0,SELL,LIMIT,9990,31
SUBMIT,2468,0,BUY,LIMIT,9985,15
CANCEL,764,0,,,0,0
CANCEL,1546,0,,,0,0
SUBMIT,2469,0,BUY,MARKET,0,50
SUBMIT,2470,0,BUY,MARKET,0,33
SUBMIT,2471,0,SELL,MARKET,0,30
CANCEL,748,0,,,0,0
CANCEL,2315,0,,,0,0
SUBMIT,2472,0,SELL,LIMIT,9991,48
MODIFY,2397,0,,,9985,20
SUBMIT,2473,1,SELL,LIMIT,9990,20
SUBMIT,2474,0,SELL,LIMIT,9990,4
SUBMIT,2475,0,BUY,LIMIT,9987,49
CANCEL,2411,0,,,0,0
SUBMIT,2476,0,SELL,LIMIT,9992,14
SUBMIT,2477,0,BUY,LIMIT,9985,40
CANCEL,1393,0,,,0,0
SUBMIT,2478,0,SELL,LIMIT,9991,48
CANCEL,1577,0,,,0,0
SUBMIT,2479,0,BUY,LIMIT,9985,33
SUBMIT,2480,0,SELL,LIMIT,9991,16
MODIFY,2397,0,,,9986,14
SUBMIT,2481,1,SELL,LIMIT,9989,14
SUBMIT,2482,0,BUY,MARKET,0,19
CANCEL,2059,0,,,0,0
CANCEL,2318,0,,,0,0
CANCEL,2326,0,,,0,0
SUBMIT,2483,0,BUY,LIMIT,9982,18
SUBMIT,2484,0,BUY,LIMIT,9984,42
SUBMIT,2485,0,SELL,LIMIT,9988,39
CANCEL,2030,0,,,0,0
CANCEL,1520,0,,,0,0
SUBMIT,2486,0,SELL,LIMIT,9988,2
MODIFY,2397,0,,,9983,15
SUBMIT,2487,1,SELL,LIMIT,9987,15
CANCEL,1935,0,,,0,0
SUBMIT,2488,0,BUY,MARKET,0,12
CANCEL,1765,0,,,0,0
CANCEL,2413,0,,,0,0
SUBMIT,2489,0,SELL,LIMIT,9991,21
CANCEL,1725,0,,,0,0
CANCEL,1019,0,,,0,0
SUBMIT,2490,0,BUY,MARKET,0,40
CANCEL,1997,0,,,0,0
SUBMIT,2491,0,BUY,LIMIT,9981,22
MODIFY,2397,0,,,9983,10
SUBMIT,2492,1,SELL,LIMIT,9986,10
CANCEL,1953,0,,,0,0
SUBMIT,2493,0,BUY,LIMIT,9983,7
SUBMIT,2494,0,SELL,LIMIT,9989,13
SUBMIT,2495,0,SELL,LIMIT,9987,13
SUBMIT,2496,0,BUY,LIMIT,9980,19
SUBMIT,2497,0,SELL,LIMIT,9991,14
SUBMIT,2498,0,BUY,LIMIT,9984,33
SUBMIT,2499,0,BUY,LIMIT,9983,41
SUBMIT,2500,0,SELL,MARKET,0,2
SUBMIT,2501,0,SELL,LIMIT,9989,4
MODIFY,2397,0,,,9982,13
SUBMIT,2502,1,SELL,LIMIT,9987,13
SUBMIT,2503,0,BUY,LIMIT,9985,9
CANCEL,2484,0,,,0,0
SUBMIT,2504,0,BUY,LIMIT,9983,16
CANCEL,1001,0,,,0,0
CANCEL,2393,0,,,0,0
CANCEL,2294,0,,,0,0
CANCEL,1435,0,,,0,0
CANCEL,1839,0,,,0,0
CANCEL,1170,0,,,0,0
CANCEL,1535,0,,,0,0
MODIFY,2397,0,,,9983,8
SUBMIT,2505,1,SELL,LIMIT,9987,8
CANCEL,2390,0,,,0,0
SUBMIT,2506,0,BUY,LIMIT,9984,2
CANCEL,2292,0,,,0,0
SUBMIT,2507,0,SELL,LIMIT,9988,26
SUBMIT,2508,0,SELL,LIMIT,9989,9
SUBMIT,2509,0,SELL,LIMIT,9992,46
CANCEL,2378,0,,,0,0
SUBMIT,2510,0,SELL,LIMIT,9988,2
SUBMIT,2511,0,BUY,LIMIT,9983,31
SUBMIT,2512,0,SELL,MARKET,0,31
MODIFY,2397,0,,,9986,20
SUBMIT,2513,1,SELL,LIMIT,9990,20
SUBMIT,2514,0,BUY,LIMIT,9985,34
CANCEL,2055,0,,,0,0
SUBMIT,2515,0,BUY,LIMIT,9982,14
SUBMIT,2516,0,SELL,LIMIT,9987,39
SUBMIT,2517,0,BUY,LIMIT,9982,11
SUBMIT,2518,0,BUY,LIMIT,9982,32
SUBMIT,2519,0,SELL,LIMIT,9987,38
SUBMIT,2520,0,SELL,LIMIT,9989,50
CANCEL,2414,0,,,0,0
SUBMIT,2521,0,SELL,LIMIT,9986,29
MODIFY,2397,0,,,9982,15
SUBMIT,2522,1,SELL,LIMIT,9987,15
CANCEL,2450,0,,,0,0
SUBMIT,2523,0,SELL,LIMIT,9987,17
SUBMIT,2524,0,SELL,LIMIT,9986,27
SUBMIT,2525,0,BUY,LIMIT,9984,8
CANCEL,2132,0,,,0,0
CANCEL,2289,0,,,0,0
SUBMIT,2526,0,BUY,LIMIT,9982,48
SUBMIT,2527,0,SELL,LIMIT,9991,22
SUBMIT,2528,0,BUY,LIMIT,9981,17
CANCEL,1892,0,,,0,0
MODIFY,2397,0,,,9983,16
SUBMIT,2529,1,SELL,LIMIT,9986,16
SUBMIT,2530,0,BUY,MARKET,0,29
CANCEL,1582,0,,,0,0
SUBMIT,2531,0,SELL,LIMIT,9989,7
SUBMIT,2532,0,SELL,LIMIT,9990,31
SUBMIT,2533,0,SELL,LIMIT,9987,5
SUBMIT,2534,0,BUY,LIMIT,9981,46
SUBMIT,2535,0,BUY,LIMIT,9981,33
SUBMIT,2536,0,SELL,LIMIT,9990,31
SUBMIT,2537,0,BUY,LIMIT,9984,50
SUBMIT,2538,0,SELL,LIMIT,9988,25
MODIFY,2397,0,,,9984,6
SUBMIT,2539,1,SELL,LIMIT,9987,6
SUBMIT,2540,0,SELL,LIMIT,9988,20
SUBMIT,2541,0,BUY,LIMIT,9983,6
CANCEL,1607,0,,,0,0
SUBMIT,2542,0,BUY,LIMIT,9986,42
CANCEL,2252,0,,,0,0
SUBMIT,2543,0,BUY,LIMIT,9983,28
CANCEL,2195,0,,,0,0
SUBMIT,2544,0,SELL,LIMIT,9990,44
SUBMIT,2545,0,BUY,LIMIT,9984,20
SUBMIT,2546,0,SELL,MARKET,0,13
MODIFY,2397,0,,,9985,13
SUBMIT,2547,1,SELL,LIMIT,9987,13
SUBMIT,2548,0,BUY,LIMIT,9983,5
SUBMIT,2549,0,SELL,LIMIT,9988,48
SUBMIT,2550,0,SELL,LIMIT,9987,1
SUBMIT,2551,0,SELL,LIMIT,9987,6
SUBMIT,2552,0,SELL,LIMIT,9990,8
SUBMIT,2553,0,BUY,LIMIT,9981,25
SUBMIT,2554,0,SELL,LIMIT,9989,18
SUBMIT,2555,0,SELL,MARKET,0,13
CANCEL,2058,0,,,0,0
SUBMIT,2556,0,BUY,MARKET,0,34
MODIFY,2397,0,,,9982,10
SUBMIT,2557,1,SELL,LIMIT,9987,10
SUBMIT,2558,0,SELL,LIMIT,9986,6
SUBMIT,2559,0,BUY,LIMIT,9980,39
SUBMIT,2560,0,BUY,LIMIT,9982,36
SUBMIT,2561,0,SELL,LIMIT,9985,41
SUBMIT,2562,0,BUY,LIMIT,9978,39
CANCEL,525,0,,,0,0
CANCEL,1883,0,,,0,0
SUBMIT,2563,0,SELL,LIMIT,9985,12
SUBMIT,2564,0,SELL,LIMIT,9987,18
SUBMIT,2565,0,SELL,LIMIT,9988,10
MODIFY,2397,0,,,9982,11
SUBMIT,2566,1,SELL,LIMIT,9984,11
SUBMIT,2567,0,SELL,MARKET,0,18
SUBMIT,2568,0,SELL,LIMIT,9987,37
SUBMIT,2569,0,BUY,LIMIT,9980,42
SUBMIT,2570,0,SELL,MARKET,0,12
SUBMIT,2571,0,SELL,LIMIT,9988,40
SUBMIT,2572,0,BUY,LIMIT,9980,22
CANCEL,1468,0,,,0,0
SUBMIT,2573,0,SELL,LIMIT,9987,48
CANCEL,1406,0,,,0,0
SUBMIT,2574,0,BUY,LIMIT,9980,15
MODIFY,2397,0,,,9982,18
SUBMIT,2575,1,SELL,LIMIT,9987,18
SUBMIT,2576,0,SELL,LIMIT,9987,42
SUBMIT,2577,0,BUY,LIMIT,9983,6
SUBMIT,2578,0,BUY,MARKET,0,41
SUBMIT,2579,0,BUY,LIMIT,9985,31
CANCEL,1412,0,,,0,0
SUBMIT,2580,0,SELL,LIMIT,9991,46
SUBMIT,2581,0,BUY,LIMIT,9984,19
SUBMIT,2582,0,BUY,LIMIT,9983,2
SUBMIT,2583,0,SELL,MARKET,0,10
CANCEL,2476,0,,,0,0
MODIFY,2397,0,,,9985,11
SUBMIT,2584,1,SELL,LIMIT,9991,11
SUBMIT,2585,0,BUY,LIMIT,9984,23
CANCEL,900,0,,,0,0
SUBMIT,2586,0,SELL,LIMIT,9993,31
SUBMIT,2587,0,SELL,LIMIT,9994,13
SUBMIT,2588,0,SELL,LIMIT,9991,48
SUBMIT,2589,0,SELL,LIMIT,9989,9
SUBMIT,2590,0,SELL,LIMIT,9989,23
SUBMIT,2591,0,BUY,LIMIT,9984,30
SUBMIT,2592,0,BUY,LIMIT,9982,25
SUBMIT,2593,0,BUY,MARKET,0,17
MODIFY,2397,0,,,9986,20
MODIFY,2584,0,,,9988,20
SUBMIT,2594,0,BUY,LIMIT,9984,10
SUBMIT,2595,0,BUY,LIMIT,9984,29
SUBMIT,2596,0,SELL,MARKET,0,18
SUBMIT,2597,0,BUY,LIMIT,9984,36
CANCEL,1979,0,,,0,0
CANCEL,1875,0,,,0,0
SUBMIT,2598,0,BUY,LIMIT,9982,48
SUBMIT,2599,0,BUY,MARKET,0,49
SUBMIT,2600,0,BUY,MARKET,0,23
SUBMIT,2601,0,SELL,LIMIT,9989,13
MODIFY,2397,0,,,9983,1
SUBMIT,2602,1,SELL,LIMIT,9989,1
SUBMIT,2603,0,SELL,LIMIT,9987,35
SUBMIT,2604,0,BUY,LIMIT,9982,50
SUBMIT,2605,0,BUY,MARKET,0,26
SUBMIT,2606,0,BUY,LIMIT,9982,37
CANCEL,2185,0,,,0,0
SUBMIT,2607,0,SELL,LIMIT,9992,3
SUBMIT,2608,0,SELL,LIMIT,9988,25
SUBMIT,2609,0,SELL,LIMIT,9991,20
SUBMIT,2610,0,BUY,MARKET,0,34
CANCEL,2585,0,,,0,0
MODIFY,2397,0,,,9984,1
SUBMIT,2611,1,SELL,LIMIT,9988,1
SUBMIT,2612,0,SELL,LIMIT,9990,23
SUBMIT,2613,0,SELL,LIMIT,9988,21
CANCEL,2595,0,,,0,0
SUBMIT,2614,0,BUY,LIMIT,9984,44
CANCEL,1385,0,,,0,0
SUBMIT,2615,0,BUY,LIMIT,9983,12
SUBMIT,2616,0,BUY,MARKET,0,24
CANCEL,1743,0,,,0,0
CANCEL,2365,0,,,0,0
SUBMIT,2617,0,SELL,MARKET,0,42
MODIFY,2397,0,,,9984,17
SUBMIT,2618,1,SELL,LIMIT,9988,17
CANCEL,2460,0,,,0,0
SUBMIT,2619,0,SELL,LIMIT,9987,44
SUBMIT,2620,0,BUY,MARKET,0,4
SUBMIT,2621,0,BUY,LIMIT,9984,5
SUBMIT,2622,0,SELL,LIMIT,9986,4
SUBMIT,2623,0,BUY,MARKET,0,9
SUBMIT,2624,0,BUY,MARKET,0,29
SUBMIT,2625,0,BUY,LIMIT,9985,39
CANCEL,2560,0,,,0,0
SUBMIT,2626,0,SELL,LIMIT,9990,36
MODIFY,2397,0,,,9984,13
SUBMIT,2627,1,SELL,LIMIT,9989,13
SUBMIT,2628,0,BUY,LIMIT,9982,39
CANCEL,1602,0,,,0,0
CANCEL,2086,0,,,0,0
CANCEL,2377,0,,,0,0
SUBMIT,2629,0,BUY,LIMIT,9985,24
SUBMIT,2630,0,BUY,LIMIT,9986,12
CANCEL,2244,0,,,0,0
SUBMIT,2631,0,SELL,LIMIT,9990,2
SUBMIT,2632,0,SELL,LIMIT,9991,25
SUBMIT,2633,0,BUY,LIMIT,9986,34
MODIFY,2397,0,,,9985,3
MODIFY,2627,0,,,9991,3
CANCEL,2227,0,,,0,0
CANCEL,2256,0,,,0,0
SUBMIT,2634,0,SELL,LIMIT,9991,36
SUBMIT,2635,0,BUY,MARKET,0,12
SUBMIT,2636,0,BUY,LIMIT,9985,26
CANCEL,391,0,,,0,0
SUBMIT,2637,0,SELL,MARKET,0,43
CANCEL,2327,0,,,0,0
SUBMIT,2638,0,SELL,LIMIT,9992,16
SUBMIT,2639,0,BUY,LIMIT,9984,16
MODIFY,2397,0,,,9985,15
MODIFY,2627,0,,,9991,15
SUBMIT,2640,0,BUY,MARKET,0,28
SUBMIT,2641,0,BUY,LIMIT,9984,6
SUBMIT,2642,0,SELL,LIMIT,9990,30
SUBMIT,2643,0,BUY,LIMIT,9985,18
SUBMIT,2644,0,SELL,LIMIT,9995,2
CANCEL,780,0,,,0,0
SUBMIT,2645,0,SELL,MARKET,0,40
SUBMIT,2646,0,BUY,MARKET,0,41
CANCEL,1999,0,,,0,0
CANCEL,1936,0,,,0,0
MODIFY,2397,0,,,9991,10
MODIFY,2627,0,,,9996,10
SUBMIT,2647,0,BUY,LIMIT,9990,14
CANCEL,2322,0,,,0,0
SUBMIT,2648,0,BUY,MARKET,0,46
SUBMIT,2649,0,SELL,LIMIT,9996,12
CANCEL,2319,0,,,0,0
SUBMIT,2650,0,BUY,LIMIT,9989,4
SUBMIT,2651,0,SELL,MARKET,0,9
SUBMIT,2652,0,SELL,LIMIT,9993,32
CANCEL,2615,0,,,0,0
SUBMIT,2653,0,BUY,LIMIT,9992,17
SUBMIT,2654,1,BUY,LIMIT,9991,12
MODIFY,2627,0,,,9995,12
CANCEL,742,0,,,0,0
CANCEL,2541,0,,,0,0
CANCEL,2295,0,,,0,0
CANCEL,2091,0,,,0,0
SUBMIT,2655,0,SELL,LIMIT,9995,49
SUBMIT,2656,0,SELL,MARKET,0,25
CANCEL,2638,0,,,0,0
SUBMIT,2657,0,SELL,LIMIT,9994,15
SUBMIT,2658,0,BUY,LIMIT,9992,21
SUBMIT,2659,0,BUY,LIMIT,9993,24
SUBMIT,2660,1,BUY,LIMIT,9992,5
MODIFY,2627,0,,,9995,5
SUBMIT,2661,0,SELL,LIMIT,9995,23
CANCEL,2544,0,,,0,0
CANCEL,1363,0,,,0,0
SUBMIT,2662,0,BUY,MARKET,0,3
CANCEL,1151,0,,,0,0
CANCEL,1915,0,,,0,0
SUBMIT,2663,0,BUY,LIMIT,9989,7
SUBMIT,2664,0,BUY,LIMIT,9989,30
CANCEL,2537,0,,,0,0
SUBMIT,2665,0,BUY,LIMIT,9989,1
SUBMIT,2666,1,BUY,LIMIT,9988,8
MODIFY,2627,0,,,9993,8
SUBMIT,2667,0,SELL,LIMIT,9994,17
CANCEL,918,0,,,0,0
SUBMIT,2668,0,BUY,LIMIT,9988,42
SUBMIT,2669,0,BUY,LIMIT,9990,36
CANCEL,1976,0,,,0,0
CANCEL,2629,0,,,0,0
CANCEL,2222,0,,,0,0
SUBMIT,2670,0,SELL,MARKET,0,18
SUBMIT,2671,0,BUY,LIMIT,9985,48
SUBMIT,2672,0,SELL,LIMIT,9992,14
MODIFY,2666,0,,,9989,16
MODIFY,2627,0,,,9993,16
SUBMIT,2673,0,SELL,LIMIT,9993,17
SUBMIT,2674,0,BUY,LIMIT,9987,4
SUBMIT,2675,0,BUY,LIMIT,9986,30
SUBMIT,2676,0,SELL,LIMIT,9995,20
SUBMIT,2677,0,BUY,LIMIT,9987,12
SUBMIT,2678,0,BUY,LIMIT,9988,31
SUBMIT,2679,0,SELL,LIMIT,9998,27
CANCEL,554,0,,,0,0
SUBMIT,2680,0,SELL,MARKET,0,6
SUBMIT,2681,0,SELL,LIMIT,9997,30
MODIFY,2666,0,,,9990,4
MODIFY,2627,0,,,9996,4
SUBMIT,2682,0,BUY,LIMIT,9992,30
SUBMIT,2683,0,BUY,LIMIT,9992,42
SUBMIT,2684,0,SELL,LIMIT,9998,37
SUBMIT,2685,0,BUY,LIMIT,9989,20
CANCEL,1240,0,,,0,0
CANCEL,1121,0,,,0,0
SUBMIT,2686,0,SELL,MARKET,0,45
SUBMIT,2687,0,SELL,LIMIT,9996,40
SUBMIT,2688,0,BUY,LIMIT,9993,32
CANCEL,1124,0,,,0,0
SUBMIT,2689,1,BUY,LIMIT,9992,15
MODIFY,2627,0,,,9995,15
CANCEL,2389,0,,,0,0
CANCEL,2528,0,,,0,0
CANCEL,2409,0,,,0,0
SUBMIT,2690,0,SELL,LIMIT,9997,36
CANCEL,2606,0,,,0,0
CANCEL,2083,0,,,0,0
CANCEL,2545,0,,,0,0
CANCEL,1301,0,,,0,0
SUBMIT,2691,0,BUY,MARKET,0,45
SUBMIT,2692,0,SELL,LIMIT,10000,8
MODIFY,2689,0,,,9994,6
MODIFY,2627,0,,,9997,6
SUBMIT,2693,0,BUY,MARKET,0,46
SUBMIT,2694,0,SELL,LIMIT,9999,3
SUBMIT,2695,0,SELL,MARKET,0,32
SUBMIT,2696,0,SELL,LIMIT,9999,11
SUBMIT,2697,0,SELL,LIMIT,9999,50
SUBMIT,2698,0,SELL,LIMIT,9999,48
CANCEL,2668,0,,,0,0
SUBMIT,2699,0,BUY,LIMIT,9992,28
CANCEL,2636,0,,,0,0
SUBMIT,2700,0,SELL,LIMIT,9999,14
SUBMIT,2701,1,BUY,LIMIT,9992,15
MODIFY,2627,0,,,9997,15
SUBMIT,2702,0,BUY,LIMIT,9994,50
SUBMIT,2703,0,SELL,LIMIT,9996,18
SUBMIT,2704,0,SELL,LIMIT,10000,19
SUBMIT,2705,0,BUY,LIMIT,9990,12
SUBMIT,2706,0,BUY,LIMIT,9989,10
SUBMIT,2707,0,BUY,LIMIT,9990,12
SUBMIT,2708,0,SELL,LIMIT,9995,11
SUBMIT,2709,0,BUY,LIMIT,9991,41
SUBMIT,2710,0,SELL,LIMIT,9997,10
CANCEL,2432,0,,,0,0
MODIFY,2701,0,,,9994,9
MODIFY,2627,0,,,9996,9
SUBMIT,2711,0,BUY,LIMIT,9990,17
SUBMIT,2712,0,SELL,LIMIT,9999,5
CANCEL,2700,0,,,0,0
SUBMIT,2713,0,BUY,LIMIT,9990,48
SUBMIT,2714,0,BUY,LIMIT,9995,8
CANCEL,2444,0,,,0,0
SUBMIT,2715,0,SELL,MARKET,0,37
CANCEL,2402,0,,,0,0
CANCEL,2649,0,,,0,0
SUBMIT,2716,0,BUY,LIMIT,9996,7
MODIFY,2701,0,,,9995,4
MODIFY,2627,0,,,9998,4
SUBMIT,2717,0,SELL,LIMIT,10002,40
SUBMIT,2718,0,BUY,MARKET,0,46
SUBMIT,2719,0,SELL,LIMIT,9998,46
SUBMIT,2720,0,BUY,LIMIT,9996,36
SUBMIT,2721,0,SELL,LIMIT,10004,25
CANCEL,2278,0,,,0,0
SUBMIT,2722,0,BUY,LIMIT,9994,34
SUBMIT,2723,0,SELL,LIMIT,10002,47
SUBMIT,2724,0,BUY,LIMIT,9995,33
SUBMIT,2725,0,SELL,LIMIT,10001,40
SUBMIT,2726,1,BUY,LIMIT,9998,9
MODIFY,2627,0,,,10003,9
SUBMIT,2727,0,BUY,LIMIT,9998,28
SUBMIT,2728,0,BUY,LIMIT,9996,12
CANCEL,2454,0,,,0,0
CANCEL,2639,0,,,0,0
SUBMIT,2729,0,SELL,LIMIT,10003,8
CANCEL,2221,0,,,0,0
SUBMIT,2730,0,SELL,LIMIT,10005,15
CANCEL,2496,0,,,0,0
SUBMIT,2731,0,BUY,LIMIT,9996,12
SUBMIT,2732,0,SELL,MARKET,0,29
SUBMIT,2733,1,BUY,LIMIT,9996,9
MODIFY,2627,0,,,10002,9
SUBMIT,2734,0,SELL,MARKET,0,37
SUBMIT,2735,0,SELL,MARKET,0,22
CANCEL,2260,0,,,0,0
SUBMIT,2736,0,BUY,LIMIT,9997,44
SUBMIT,2737,0,SELL,LIMIT,9999,29
CANCEL,2097,0,,,0,0
SUBMIT,2738,0,SELL,LIMIT,10000,13
SUBMIT,2739,0,BUY,MARKET,0,15
SUBMIT,2740,0,SELL,LIMIT,10005,33
SUBMIT,2741,0,BUY,LIMIT,9996,20
SUBMIT,2742,1,BUY,LIMIT,9997,2
MODIFY,2627,0,,,10001,2
SUBMIT,2743,0,BUY,MARKET,0,26
CANCEL,2489,0,,,0,0
SUBMIT,2744,0,SELL,LIMIT,10001,50
SUBMIT,2745,0,SELL,LIMIT,10002,41
CANCEL,2614,0,,,0,0
CANCEL,2434,0,,,0,0
SUBMIT,2746,0,BUY,MARKET,0,7
CANCEL,1391,0,,,0,0
CANCEL,2169,0,,,0,0
SUBMIT,2747,0,SELL,LIMIT,10001,9
SUBMIT,2748,1,BUY,LIMIT,9997,6
MODIFY,2627,0,,,10001,6
SUBMIT,2749,0,SELL,LIMIT,10001,11
SUBMIT,2750,0,SELL,LIMIT,10002,31
SUBMIT,2751,0,SELL,MARKET,0,18
SUBMIT,2752,0,BUY,MARKET,0,25
CANCEL,2188,0,,,0,0
SUBMIT,2753,0,BUY,MARKET,0,27
SUBMIT,2754,0,BUY,MARKET,0,30
CANCEL,1964,0,,,0,0
SUBMIT,2755,0,BUY,LIMIT,9997,31
SUBMIT,2756,0,SELL,LIMIT,10004,1
SUBMIT,2757,1,BUY,LIMIT,9999,16
MODIFY,2627,0,,,10002,16
SUBMIT,2758,0,SELL,LIMIT,10004,10
CANCEL,388,0,,,0,0
SUBMIT,2759,0,BUY,MARKET,0,46
SUBMIT,2760,0,BUY,LIMIT,9996,21
SUBMIT,2761,0,BUY,LIMIT,9998,42
SUBMIT,2762,0,BUY,MARKET,0,13
CANCEL,999,0,,,0,0
SUBMIT,2763,0,BUY,LIMIT,9995,40
SUBMIT,2764,0,BUY,MARKET,0,47
SUBMIT,2765,0,SELL,LIMIT,10005,34
SUBMIT,2766,1,BUY,LIMIT,9997,8
MODIFY,2627,0,,,10003,8
CANCEL,2515,0,,,0,0
SUBMIT,2767,0,BUY,LIMIT,9996,40
SUBMIT,2768,0,BUY,LIMIT,9996,10
SUBMIT,2769,0,SELL,LIMIT,10004,26
SUBMIT,2770,0,SELL,LIMIT,10003,45
SUBMIT,2771,0,SELL,LIMIT,10003,33
SUBMIT,2772,0,BUY,LIMIT,9996,14
SUBMIT,2773,0,BUY,LIMIT,9995,2
CANCEL,2491,0,,,0,0
SUBMIT,2774,0,SELL,MARKET,0,9
SUBMIT,2775,1,BUY,LIMIT,9997,9
MODIFY,2627,0,,,10001,9
SUBMIT,2776,0,SELL,LIMIT,10000,15
SUBMIT,2777,0,BUY,MARKET,0,45
SUBMIT,2778,0,BUY,LIMIT,9997,30
CANCEL,2408,0,,,0,0
SUBMIT,2779,0,BUY,LIMIT,9996,46
SUBMIT,2780,0,SELL,MARKET,0,2
SUBMIT,2781,0,SELL,LIMIT,10003,40
SUBMIT,2782,0,SELL,LIMIT,9999,32
CANCEL,2259,0,,,0,0
SUBMIT,2783,0,BUY,LIMIT,9991,28
SUBMIT,2784,1,BUY,LIMIT,9994,14
MODIFY,2627,0,,,9997,14
SUBMIT,2785,0,SELL,LIMIT,10000,50
SUBMIT,2786,0,SELL,MARKET,0,6
SUBMIT,2787,0,SELL,LIMIT,10001,33
SUBMIT,2788,0,BUY,LIMIT,9992,17
SUBMIT,2789,0,SELL,LIMIT,9997,41
SUBMIT,2790,0,SELL,LIMIT,9997,38
SUBMIT,2791,0,SELL,LIMIT,10000,15
SUBMIT,2792,0,SELL,LIMIT,9997,2
SUBMIT,2793,0,BUY,LIMIT,9992,23
SUBMIT,2794,0,SELL,LIMIT,9999,8
MODIFY,2784,0,,,9992,12
MODIFY,2627,0,,,9997,12
SUBMIT,2795,0,SELL,MARKET,0,4
SUBMIT,2796,0,SELL,LIMIT,9998,40
CANCEL,2443,0,,,0,0
SUBMIT,2797,0,SELL,LIMIT,10000,48
SUBMIT,2798,0,BUY,LIMIT,9993,40
SUBMIT,2799,0,BUY,LIMIT,9993,36
SUBMIT,2800,0,SELL,MARKET,0,15
SUBMIT,2801,0,SELL,MARKET,0,8
SUBMIT,2802,0,BUY,LIMIT,9989,41
CANCEL,652,0,,,0,0
MODIFY,2784,0,,,9991,16
MODIFY,2627,0,,,9995,16
SUBMIT,2803,0,SELL,LIMIT,9994,27
CANCEL,1859,0,,,0,0
CANCEL,1332,0,,,0,0
SUBMIT,2804,0,BUY,MARKET,0,42
SUBMIT,2805,0,BUY,LIMIT,9988,23
CANCEL,2243,0,,,0,0
CANCEL,2423,0,,,0,0
CANCEL,2071,0,,,0,0
SUBMIT,2806,0,BUY,LIMIT,9991,38
SUBMIT,2807,0,BUY,LIMIT,9990,28
MODIFY,2784,0,,,9990,3
SUBMIT,2808,1,SELL,LIMIT,9994,3
CANCEL,1974,0,,,0,0
SUBMIT,2809,0,SELL,LIMIT,9995,5
SUBMIT,2810,0,BUY,LIMIT,9992,30
SUBMIT,2811,0,SELL,MARKET,0,50
SUBMIT,2812,0,BUY,LIMIT,9987,25
SUBMIT,2813,0,BUY,LIMIT,9991,45
SUBMIT,2814,0,BUY,LIMIT,9987,36
SUBMIT,2815,0,BUY,MARKET,0,37
SUBMIT,2816,0,SELL,LIMIT,9997,50
CANCEL,1900,0,,,0,0
MODIFY,2784,0,,,9993,15
SUBMIT,2817,1,SELL,LIMIT,9995,15
CANCEL,2750,0,,,0,0
SUBMIT,2818,0,BUY,LIMIT,9992,36
CANCEL,2511,0,,,0,0
SUBMIT,2819,0,SELL,LIMIT,9996,22
SUBMIT,2820,0,SELL,LIMIT,9999,15
SUBMIT,2821,0,BUY,LIMIT,9988,21
SUBMIT,2822,0,SELL,LIMIT,9997,46
SUBMIT,2823,0,BUY,LIMIT,9992,50
SUBMIT,2824,0,BUY,MARKET,0,26
SUBMIT,2825,0,BUY,LIMIT,9990,44
MODIFY,2784,0,,,9991,6
SUBMIT,2826,1,SELL,LIMIT,9995,6
CANCEL,2303,0,,,0,0
CANCEL,1907,0,,,0,0
SUBMIT,2827,0,SELL,LIMIT,9994,9
SUBMIT,2828,0,BUY,LIMIT,9992,44
SUBMIT,2829,0,BUY,LIMIT,9993,41
SUBMIT,2830,0,BUY,LIMIT,9990,30
CANCEL,1365,0,,,0,0
SUBMIT,2831,0,SELL,LIMIT,10000,21
SUBMIT,2832,0,BUY,MARKET,0,13
SUBMIT,2833,0,SELL,LIMIT,9997,32
MODIFY,2784,0,,,9992,17
SUBMIT,2834,1,SELL,LIMIT,9997,17
SUBMIT,2835,0,BUY,LIMIT,9992,5
SUBMIT,2836,0,SELL,LIMIT,9995,23
SUBMIT,2837,0,BUY,LIMIT,9992,15
SUBMIT,2838,0,SELL,LIMIT,10000,13
SUBMIT,2839,0,BUY,LIMIT,9993,17
SUBMIT,2840,0,BUY,MARKET,0,34
CANCEL,2758,0,,,0,0
SUBMIT,2841,0,BUY,LIMIT,9991,28
SUBMIT,2842,0,BUY,MARKET,0,13
SUBMIT,2843,0,BUY,MARKET,0,27
MODIFY,2784,0,,,9993,19
MODIFY,2834,0,,,9995,19
SUBMIT,2844,0,BUY,LIMIT,9993,16
CANCEL,1781,0,,,0,0
SUBMIT,2845,0,SELL,LIMIT,9994,3
CANCEL,1521,0,,,0,0
SUBMIT,2846,0,SELL,LIMIT,9997,8
SUBMIT,2847,0,SELL,LIMIT,9996,16
SUBMIT,2848,0,BUY,LIMIT,9992,12
SUBMIT,2849,0,BUY,MARKET,0,18
SUBMIT,2850,0,SELL,LIMIT,9995,32
SUBMIT,2851,0,SELL,LIMIT,9995,7
MODIFY,2784,0,,,9989,16
MODIFY,2834,0,,,9993,16
SUBMIT,2852,0,BUY,LIMIT,9991,33
CANCEL,2630,0,,,0,0
CANCEL,458,0,,,0,0
CANCEL,1262,0,,,0,0
SUBMIT,2853,0,SELL,LIMIT,9996,27
SUBMIT,2854,0,BUY,LIMIT,9989,46
SUBMIT,2855,0,SELL,LIMIT,9992,32
SUBMIT,2856,0,SELL,LIMIT,9997,46
SUBMIT,2857,0,BUY,LIMIT,9988,34
SUBMIT,2858,0,SELL,LIMIT,9996,20
MODIFY,2784,0,,,9990,16
SUBMIT,2859,1,SELL,LIMIT,9994,16
SUBMIT,2860,0,SELL,LIMIT,9994,19
SUBMIT,2861,0,SELL,MARKET,0,46
CANCEL,2263,0,,,0,0
SUBMIT,2862,0,BUY,LIMIT,9986,12
CANCEL,1017,0,,,0,0
SUBMIT,2863,0,BUY,LIMIT,9991,1
CANCEL,1243,0,,,0,0
SUBMIT,2864,0,BUY,LIMIT,9988,16
CANCEL,2810,0,,,0,0
SUBMIT,2865,0,BUY,LIMIT,9987,32
MODIFY,2784,0,,,9989,2
MODIFY,2859,0,,,9993,2
SUBMIT,2866,0,BUY,MARKET,0,25
CANCEL,2850,0,,,0,0
SUBMIT,2867,0,BUY,LIMIT,9988,12
SUBMIT,2868,0,BUY,LIMIT,9987,5
SUBMIT,2869,0,BUY,LIMIT,9986,19
SUBMIT,2870,0,BUY,LIMIT,9987,22
CANCEL,2395,0,,,0,0
SUBMIT,2871,0,SELL,LIMIT,9994,45
SUBMIT,2872,0,SELL,MARKET,0,11
CANCEL,2647,0,,,0,0
MODIFY,2784,0,,,9988,12
SUBMIT,2873,1,SELL,LIMIT,9992,12
SUBMIT,2874,0,SELL,MARKET,0,42
SUBMIT,2875,0,BUY,MARKET,0,11
SUBMIT,2876,0,SELL,LIMIT,9997,32
CANCEL,1066,0,,,0,0
CANCEL,2674,0,,,0,0
SUBMIT,2877,0,BUY,LIMIT,9991,21
SUBMIT,2878,0,SELL,LIMIT,9994,14
SUBMIT,2879,0,BUY,MARKET,0,19
SUBMIT,2880,0,BUY,LIMIT,9987,15
SUBMIT,2881,0,BUY,LIMIT,9989,48
MODIFY,2784,0,,,9990,16
SUBMIT,2882,1,SELL,LIMIT,9994,16
CANCEL,1323,0,,,0,0
SUBMIT,2883,0,BUY,LIMIT,9991,28
CANCEL,1833,0,,,0,0
SUBMIT,2884,0,BUY,LIMIT,9989,24
SUBMIT,2885,0,BUY,MARKET,0,16
CANCEL,2277,0,,,0,0
SUBMIT,2886,0,SELL,LIMIT,9995,4
SUBMIT,2887,0,SELL,MARKET,0,50
SUBMIT,2888,0,BUY,LIMIT,9986,39
SUBMIT,2889,0,BUY,LIMIT,9985,33
MODIFY,2784,0,,,9989,3
MODIFY,2882,0,,,9993,3
CANCEL,1783,0,,,0,0
CANCEL,2791,0,,,0,0
SUBMIT,2890,0,BUY,LIMIT,9986,49
SUBMIT,2891,0,BUY,LIMIT,9986,12
SUBMIT,2892,0,SELL,LIMIT,9994,19
CANCEL,2040,0,,,0,0
SUBMIT,2893,0,BUY,LIMIT,9986,34
SUBMIT,2894,0,BUY,LIMIT,9989,17
SUBMIT,2895,0,SELL,LIMIT,9990,13
SUBMIT,2896,0,BUY,LIMIT,9988,43
MODIFY,2784,0,,,9986,5
MODIFY,2882,0,,,9990,5
CANCEL,1288,0,,,0,0
SUBMIT,2897,0,BUY,LIMIT,9990,26
SUBMIT,2898,0,SELL,LIMIT,9992,40
SUBMIT,2899,0,BUY,LIMIT,9986,49
SUBMIT,2900,0,BUY,LIMIT,9986,4
CANCEL,1691,0,,,0,0
SUBMIT,2901,0,BUY,LIMIT,9987,26
SUBMIT,2902,0,BUY,LIMIT,9988,16
SUBMIT,2903,0,BUY,MARKET,0,26
SUBMIT,2904,0,SELL,LIMIT,9992,2
MODIFY,2784,0,,,9990,5
SUBMIT,2905,1,SELL,LIMIT,9992,5
CANCEL,2631,0,,,0,0
SUBMIT,2906,0,SELL,LIMIT,9991,10
SUBMIT,2907,0,SELL,LIMIT,9994,41
SUBMIT,2908,0,SELL,LIMIT,9993,22
SUBMIT,2909,0,SELL,LIMIT,9993,22
SUBMIT,2910,0,SELL,LIMIT,9994,6
CANCEL,2021,0,,,0,0
SUBMIT,2911,0,BUY,LIMIT,9988,21
SUBMIT,2912,0,BUY,LIMIT,9985,11
SUBMIT,2913,0,SELL,LIMIT,9993,34
MODIFY,2784,0,,,9988,7
SUBMIT,2914,1,SELL,LIMIT,9990,7
CANCEL,2334,0,,,0,0
SUBMIT,2915,0,SELL,LIMIT,9994,12
CANCEL,1489,0,,,0,0
SUBMIT,2916,0,BUY,LIMIT,9987,4
SUBMIT,2917,0,BUY,LIMIT,9987,30
SUBMIT,2918,0,SELL,LIMIT,9993,11
SUBMIT,2919,0,SELL,MARKET,0,10
SUBMIT,2920,0,BUY,LIMIT,9987,49
SUBMIT,2921,0,BUY,LIMIT,9986,39
SUBMIT,2922,0,SELL,LIMIT,9995,48
MODIFY,2784,0,,,9988,11
SUBMIT,2923,1,SELL,LIMIT,9994,11
CANCEL,2345,0,,,0,0
SUBMIT,2924,0,BUY,LIMIT,9987,35
CANCEL,2076,0,,,0,0
SUBMIT,2925,0,BUY,LIMIT,9988,24
SUBMIT,2926,0,BUY,MARKET,0,30
CANCEL,1899,0,,,0,0
SUBMIT,2927,0,SELL,LIMIT,9997,12
SUBMIT,2928,0,SELL,LIMIT,9996,41
SUBMIT,2929,0,SELL,LIMIT,9996,21
SUBMIT,2930,0,BUY,LIMIT,9991,45
MODIFY,2784,0,,,9993,8
MODIFY,2923,0,,,9997,8
SUBMIT,2931,0,SELL,MARKET,0,18
CANCEL,1318,0,,,0,0
SUBMIT,2932,0,SELL,MARKET,0,13
SUBMIT,2933,0,SELL,LIMIT,9998,6
SUBMIT,2934,0,BUY,LIMIT,9991,9
SUBMIT,2935,0,BUY,LIMIT,9989,36
SUBMIT,2936,0,SELL,MARKET,0,28
SUBMIT,2937,0,BUY,LIMIT,9994,17
CANCEL,2643,0,,,0,0
SUBMIT,2938,0,BUY,LIMIT,9993,2
SUBMIT,2939,1,BUY,LIMIT,9994,16
MODIFY,2923,0,,,9997,16
CANCEL,1631,0,,,0,0
CANCEL,2257,0,,,0,0
SUBMIT,2940,0,SELL,LIMIT,9995,21
SUBMIT,2941,0,SELL,LIMIT,9998,3
CANCEL,2924,0,,,0,0
CANCEL,1349,0,,,0,0
SUBMIT,2942,0,SELL,LIMIT,9997,37
SUBMIT,2943,0,BUY,MARKET,0,17
CANCEL,1160,0,,,0,0
SUBMIT,2944,0,BUY,LIMIT,9992,30
SUBMIT,2945,1,BUY,LIMIT,9992,19
MODIFY,2923,0,,,9995,19
SUBMIT,2946,0,SELL,LIMIT,9998,3
SUBMIT,2947,0,BUY,LIMIT,9990,1
SUBMIT,2948,0,BUY,LIMIT,9989,9
CANCEL,2930,0,,,0,0
SUBMIT,2949,0,SELL,LIMIT,9995,7
SUBMIT,2950,0,SELL,LIMIT,9996,37
SUBMIT,2951,0,SELL,MARKET,0,32
CANCEL,890,0,,,0,0
SUBMIT,2952,0,SELL,LIMIT,9995,40
SUBMIT,2953,0,BUY,LIMIT,9992,24
MODIFY,2945,0,,,9990,4
MODIFY,2923,0,,,9995,4
CANCEL,2504,0,,,0,0
SUBMIT,2954,0,BUY,LIMIT,9989,19
SUBMIT,2955,0,BUY,MARKET,0,45
CANCEL,1374,0,,,0,0
SUBMIT,2956,0,SELL,LIMIT,9996,42
SUBMIT,2957,0,BUY,MARKET,0,16
CANCEL,1932,0,,,0,0
SUBMIT,2958,0,BUY,LIMIT,9991,50
SUBMIT,2959,0,SELL,LIMIT,9993,10
CANCEL,1361,0,,,0,0
MODIFY,2945,0,,,9989,11
MODIFY,2923,0,,,9994,11
SUBMIT,2960,0,SELL,LIMIT,9993,20
SUBMIT,2961,0,SELL,LIMIT,9996,48
CANCEL,1429,0,,,0,0
SUBMIT,2962,0,SELL,LIMIT,9993,17
SUBMIT,2963,0,BUY,LIMIT,9991,26
SUBMIT,2964,0,BUY,LIMIT,9988,45
SUBMIT,2965,0,BUY,LIMIT,9992,4
SUBMIT,2966,0,BUY,MARKET,0,11
SUBMIT,2967,0,SELL,LIMIT,9996,33
SUBMIT,2968,0,BUY,LIMIT,9991,4
MODIFY,2945,0,,,9991,17
MODIFY,2923,0,,,9993,17
SUBMIT,2969,0,BUY,LIMIT,9989,41
SUBMIT,2970,0,SELL,MARKET,0,11
SUBMIT,2971,0,SELL,LIMIT,9997,30
CANCEL,1608,0,,,0,0
SUBMIT,2972,0,SELL,LIMIT,9994,41
SUBMIT,2973,0,SELL,LIMIT,9997,33
SUBMIT,2974,0,BUY,LIMIT,9991,10
SUBMIT,2975,0,BUY,LIMIT,9991,43
SUBMIT,2976,0,SELL,LIMIT,9998,38
SUBMIT,2977,0,SELL,LIMIT,9996,35
MODIFY,2945,0,,,9991,18
MODIFY,2923,0,,,9994,18
SUBMIT,2978,0,SELL,LIMIT,9997,30
SUBMIT,2979,0,SELL,LIMIT,9997,39
SUBMIT,2980,0,BUY,LIMIT,9990,31
SUBMIT,2981,0,BUY,LIMIT,9990,5
SUBMIT,2982,0,BUY,LIMIT,9989,41
SUBMIT,2983,0,SELL,LIMIT,9994,25
SUBMIT,2984,0,SELL,MARKET,0,30
SUBMIT,2985,0,BUY,LIMIT,9990,42
SUBMIT,2986,0,BUY,LIMIT,9987,40
CANCEL,1934,0,,,0,0
MODIFY,2945,0,,,9989,9
MODIFY,2923,0,,,9993,9
SUBMIT,2987,0,BUY,LIMIT,9987,25
SUBMIT,2988,0,SELL,LIMIT,9995,45
SUBMIT,2989,0,BUY,LIMIT,9992,20
SUBMIT,2990,0,SELL,LIMIT,9996,21
CANCEL,2285,0,,,0,0
SUBMIT,2991,0,BUY,LIMIT,9988,32
CANCEL,2961,0,,,0,0
SUBMIT,2992,0,BUY,MARKET,0,46
SUBMIT,2993,0,SELL,LIMIT,9994,31
SUBMIT,2994,0,SELL,LIMIT,9996,18
MODIFY,2945,0,,,9991,1
SUBMIT,2995,1,SELL,LIMIT,9996,1
SUBMIT,2996,0,SELL,LIMIT,9998,12
SUBMIT,2997,0,BUY,LIMIT,9990,31
SUBMIT,2998,0,SELL,MARKET,0,12
SUBMIT,2999,0,BUY,LIMIT,9990,3
SUBMIT,3000,0,BUY,MARKET,0,44
SUBMIT,3001,0,BUY,LIMIT,9993,37
CANCEL,1618,0,,,0,0
SUBMIT,3002,0,BUY,LIMIT,9993,27
SUBMIT,3003,0,BUY,LIMIT,9988,49
SUBMIT,3004,0,BUY,LIMIT,9988,14
MODIFY,2945,0,,,9991,20
MODIFY,2995,0,,,9993,20
CANCEL,2822,0,,,0,0
SUBMIT,3005,0,BUY,LIMIT,9988,44
SUBMIT,3006,0,SELL,LIMIT,9996,48
SUBMIT,3007,0,SELL,LIMIT,9994,37
SUBMIT,3008,0,BUY,MARKET,0,39
CANCEL,419,0,,,0,0
SUBMIT,3009,0,SELL,LIMIT,9997,45
SUBMIT,3010,0,BUY,MARKET,0,12
CANCEL,2911,0,,,0,0
SUBMIT,3011,0,BUY,LIMIT,9987,24
MODIFY,2945,0,,,9988,19
SUBMIT,3012,1,SELL,LIMIT,9991,19
SUBMIT,3013,0,BUY,LIMIT,9988,8
SUBMIT,3014,0,BUY,MARKET,0,7
SUBMIT,3015,0,BUY,LIMIT,9986,37
SUBMIT,3016,0,BUY,LIMIT,9987,47
SUBMIT,3017,0,BUY,LIMIT,9986,36
SUBMIT,3018,0,SELL,LIMIT,9992,16
CANCEL,2001,0,,,0,0
SUBMIT,3019,0,SELL,LIMIT,9990,30
SUBMIT,3020,0,BUY,LIMIT,9985,20
SUBMIT,3021,0,SELL,LIMIT,9994,15
MODIFY,2945,0,,,9988,16
SUBMIT,3022,1,SELL,LIMIT,9990,16
CANCEL,2797,0,,,0,0
SUBMIT,3023,0,BUY,LIMIT,9988,17
CANCEL,1689,0,,,0,0
SUBMIT,3024,0,BUY,LIMIT,9988,37
SUBMIT,3025,0,BUY,LIMIT,9986,29
CANCEL,2909,0,,,0,0
CANCEL,2916,0,,,0,0
SUBMIT,3026,0,SELL,MARKET,0,38
SUBMIT,3027,0,SELL,MARKET,0,26
SUBMIT,3028,0,BUY,LIMIT,9987,23
MODIFY,2945,0,,,9988,14
SUBMIT,3029,1,SELL,LIMIT,9993,14
CANCEL,2267,0,,,0,0
SUBMIT,3030,0,BUY,MARKET,0,38
CANCEL,2644,0,,,0,0
SUBMIT,3031,0,SELL,LIMIT,9994,11
SUBMIT,3032,0,SELL,LIMIT,9996,1
CANCEL,1863,0,,,0,0
SUBMIT,3033,0,SELL,LIMIT,9994,23
CANCEL,2569,0,,,0,0
SUBMIT,3034,0,SELL,MARKET,0,2
CANCEL,1840,0,,,0,0
MODIFY,2945,0,,,9988,12
SUBMIT,3035,1,SELL,LIMIT,9991,12
SUBMIT,3036,0,SELL,LIMIT,9991,1
CANCEL,2216,0,,,0,0
SUBMIT,3037,0,SELL,LIMIT,9995,3
SUBMIT,3038,0,SELL,LIMIT,9992,47
SUBMIT,3039,0,SELL,LIMIT,9993,16
SUBMIT,3040,0,BUY,LIMIT,9986,44
CANCEL,2884,0,,,0,0
CANCEL,2652,0,,,0,0
SUBMIT,3041,0,SELL,LIMIT,9988,22
SUBMIT,3042,0,BUY,LIMIT,9987,7
MODIFY,2945,0,,,9986,1
SUBMIT,3043,1,SELL,LIMIT,9991,1
SUBMIT,3044,0,BUY,LIMIT,9987,33
SUBMIT,3045,0,BUY,MARKET,0,4
SUBMIT,3046,0,BUY,LIMIT,9984,16
CANCEL,180,0,,,0,0
SUBMIT,3047,0,BUY,MARKET,0,20
SUBMIT,3048,0,SELL,LIMIT,9988,47
CANCEL,1825,0,,,0,0
CANCEL,755,0,,,0,0
CANCEL,2969,0,,,0,0
SUBMIT,3049,0,BUY,LIMIT,9980,1
MODIFY,2945,0,,,9982,10
SUBMIT,3050,1,SELL,LIMIT,9986,10
SUBMIT,3051,0,SELL,LIMIT,9986,33
CANCEL,2479,0,,,0,0
SUBMIT,3052,0,SELL,LIMIT,9988,22
CANCEL,2199,0,,,0,0
CANCEL,2480,0,,,0,0
CANCEL,1768,0,,,0,0
SUBMIT,3053,0,BUY,LIMIT,9979,19
SUBMIT,3054,0,SELL,MARKET,0,10
CANCEL,2782,0,,,0,0
SUBMIT,3055,0,SELL,LIMIT,9988,17
MODIFY,2945,0,,,9984,14
SUBMIT,3056,1,SELL,LIMIT,9988,14
SUBMIT,3057,0,BUY,LIMIT,9982,40
SUBMIT,3058,0,SELL,LIMIT,9986,43
SUBMIT,3059,0,BUY,LIMIT,9982,26
SUBMIT,3060,0,BUY,LIMIT,9980,49
SUBMIT,3061,0,SELL,LIMIT,9989,3
SUBMIT,3062,0,BUY,LIMIT,9981,18
SUBMIT,3063,0,BUY,MARKET,0,14
SUBMIT,3064,0,BUY,LIMIT,9982,28
SUBMIT,3065,0,BUY,LIMIT,9979,41
SUBMIT,3066,0,BUY,LIMIT,9980,42
MODIFY,2945,0,,,9982,18
SUBMIT,3067,1,SELL,LIMIT,9985,18
CANCEL,3037,0,,,0,0
SUBMIT,3068,0,SELL,MARKET,0,28
SUBMIT,3069,0,BUY,LIMIT,9980,33
SUBMIT,3070,0,SELL,LIMIT,9985,42
SUBMIT,3071,0,SELL,LIMIT,9990,23
CANCEL,2445,0,,,0,0
SUBMIT,3072,0,SELL,LIMIT,9986,10
SUBMIT,3073,0,SELL,LIMIT,9990,41
SUBMIT,3074,0,BUY,LIMIT,9983,24
SUBMIT,3075,0,BUY,LIMIT,9980,30
MODIFY,2945,0,,,9981,13
SUBMIT,3076,1,SELL,LIMIT,9986,13
SUBMIT,3077,0,BUY,LIMIT,9979,21
SUBMIT,3078,0,BUY,LIMIT,9983,41
SUBMIT,3079,0,BUY,LIMIT,9983,19
SUBMIT,3080,0,BUY,LIMIT,9983,39
SUBMIT,3081,0,SELL,LIMIT,9985,4
CANCEL,1938,0,,,0,0
SUBMIT,3082,0,BUY,LIMIT,9980,29
CANCEL,2626,0,,,0,0
CANCEL,2856,0,,,0,0
CANCEL,2514,0,,,0,0
MODIFY,2945,0,,,9982,12
SUBMIT,3083,1,SELL,LIMIT,9987,12
CANCEL,923,0,,,0,0
SUBMIT,3084,0,BUY,LIMIT,9983,34
CANCEL,2375,0,,,0,0
SUBMIT,3085,0,BUY,LIMIT,9984,47
SUBMIT,3086,0,SELL,LIMIT,9987,33
CANCEL,1597,0,,,0,0
CANCEL,2921,0,,,0,0
SUBMIT,3087,0,SELL,LIMIT,9986,34
SUBMIT,3088,0,SELL,MARKET,0,4
SUBMIT,3089,0,BUY,LIMIT,9979,37
MODIFY,2945,0,,,9983,4
SUBMIT,3090,1,SELL,LIMIT,9986,4
CANCEL,2158,0,,,0,0
SUBMIT,3091,0,BUY,LIMIT,9983,6
SUBMIT,3092,0,SELL,MARKET,0,9
SUBMIT,3093,0,SELL,LIMIT,9986,25
SUBMIT,3094,0,SELL,LIMIT,9985,45
SUBMIT,3095,0,BUY,MARKET,0,8
SUBMIT,3096,0,SELL,MARKET,0,9
SUBMIT,3097,0,BUY,LIMIT,9980,29
SUBMIT,3098,0,BUY,LIMIT,9979,31
CANCEL,2699,0,,,0,0
MODIFY,2945,0,,,9981,1
SUBMIT,3099,1,SELL,LIMIT,9983,1
SUBMIT,3100,0,BUY,LIMIT,9981,19
SUBMIT,3101,0,BUY,LIMIT,9979,19
SUBMIT,3102,0,BUY,LIMIT,9979,40
SUBMIT,3103,0,SELL,LIMIT,9986,41
SUBMIT,3104,0,BUY,LIMIT,9979,50
CANCEL,2836,0,,,0,0
SUBMIT,3105,0,SELL,LIMIT,9986,29
CANCEL,2953,0,,,0,0
CANCEL,2532,0,,,0,0
CANCEL,2018,0,,,0,0
MODIFY,2945,0,,,9981,6
SUBMIT,3106,1,SELL,LIMIT,9986,6
SUBMIT,3107,0,BUY,LIMIT,9981,13
SUBMIT,3108,0,BUY,LIMIT,9980,43
CANCEL,2165,0,,,0,0
SUBMIT,3109,0,BUY,LIMIT,9980,43
SUBMIT,3110,0,SELL,LIMIT,9986,46
CANCEL,3107,0,,,0,0
SUBMIT,3111,0,SELL,MARKET,0,31
SUBMIT,3112,0,SELL,LIMIT,9982,5
SUBMIT,3113,0,BUY,LIMIT,9977,32
SUBMIT,3114,0,SELL,LIMIT,9984,4
MODIFY,2945,0,,,9981,17
SUBMIT,3115,1,SELL,LIMIT,9984,17
SUBMIT,3116,0,SELL,LIMIT,9986,37
CANCEL,1898,0,,,0,0
SUBMIT,3117,0,SELL,LIMIT,9986,29
SUBMIT,3118,0,SELL,LIMIT,9986,5
SUBMIT,3119,0,BUY,LIMIT,9980,31
SUBMIT,3120,0,BUY,LIMIT,9981,15
CANCEL,2783,0,,,0,0
CANCEL,2050,0,,,0,0
SUBMIT,3121,0,BUY,LIMIT,9980,2
CANCEL,2833,0,,,0,0
MODIFY,2945,0,,,9984,8
SUBMIT,3122,1,SELL,LIMIT,9988,8
SUBMIT,3123,0,SELL,LIMIT,9987,25
SUBMIT,3124,0,SELL,MARKET,0,38
SUBMIT,3125,0,BUY,LIMIT,9983,5
SUBMIT,3126,0,SELL,MARKET,0,3
SUBMIT,3127,0,SELL,LIMIT,9989,41
CANCEL,3064,0,,,0,0
SUBMIT,3128,0,SELL,LIMIT,9987,30
SUBMIT,3129,0,BUY,MARKET,0,2
SUBMIT,3130,0,SELL,MARKET,0,48
SUBMIT,3131,0,BUY,MARKET,0,43
MODIFY,2945,0,,,9984,12
SUBMIT,3132,1,SELL,LIMIT,9986,12
SUBMIT,3133,0,SELL,LIMIT,9988,19
SUBMIT,3134,0,SELL,LIMIT,9986,5
SUBMIT,3135,0,SELL,LIMIT,9988,15
CANCEL,2173,0,,,0,0
SUBMIT,3136,0,BUY,LIMIT,9982,34
SUBMIT,3137,0,SELL,LIMIT,9989,15
SUBMIT,3138,0,BUY,LIMIT,9982,10
CANCEL,2164,0,,,0,0
CANCEL,3005,0,,,0,0
SUBMIT,3139,0,BUY,MARKET,0,48
MODIFY,2945,0,,,9980,10
SUBMIT,3140,1,SELL,LIMIT,9986,10
SUBMIT,3141,0,BUY,LIMIT,9981,1
SUBMIT,3142,0,BUY,MARKET,0,8
SUBMIT,3143,0,BUY,LIMIT,9982,8
CANCEL,3074,0,,,0,0
SUBMIT,3144,0,SELL,LIMIT,9991,38
CANCEL,1829,0,,,0,0
SUBMIT,3145,0,SELL,LIMIT,9987,49
CANCEL,1903,0,,,0,0
CANCEL,2667,0,,,0,0
SUBMIT,3146,0,BUY,LIMIT,9982,8
MODIFY,2945,0,,,9984,2
SUBMIT,3147,1,SELL,LIMIT,9988,2
SUBMIT,3148,0,SELL,LIMIT,9987,7
SUBMIT,3149,0,SELL,LIMIT,9989,8
SUBMIT,3150,0,SELL,LIMIT,9990,40
CANCEL,3149,0,,,0,0
CANCEL,2588,0,,,0,0
SUBMIT,3151,0,SELL,LIMIT,9991,48
SUBMIT,3152,0,BUY,LIMIT,9981,44
SUBMIT,3153,0,SELL,MARKET,0,35
SUBMIT,3154,0,SELL,MARKET,0,32
SUBMIT,3155,0,BUY,MARKET,0,11
MODIFY,2945,0,,,9983,3
SUBMIT,3156,1,SELL,LIMIT,9989,3
SUBMIT,3157,0,SELL,MARKET,0,14
CANCEL,484,0,,,0,0
SUBMIT,3158,0,SELL,LIMIT,9986,25
SUBMIT,3159,0,BUY,MARKET,0,9
SUBMIT,3160,0,SELL,LIMIT,9985,28
SUBMIT,3161,0,SELL,LIMIT,9984,38
CANCEL,1417,0,,,0,0
CANCEL,2146,0,,,0,0
SUBMIT,3162,0,SELL,LIMIT,9987,16
SUBMIT,3163,0,BUY,LIMIT,9980,26
MODIFY,2945,0,,,9980,3
SUBMIT,3164,1,SELL,LIMIT,9986,3
SUBMIT,3165,0,BUY,LIMIT,9982,8
CANCEL,2209,0,,,0,0
CANCEL,1803,0,,,0,0
SUBMIT,3166,0,SELL,LIMIT,9984,3
SUBMIT,3167,0,BUY,LIMIT,9981,10
SUBMIT,3168,0,BUY,LIMIT,9979,2
SUBMIT,3169,0,SELL,MARKET,0,42
SUBMIT,3170,0,SELL,LIMIT,9989,1
CANCEL,2892,0,,,0,0
SUBMIT,3171,0,SELL,LIMIT,9986,47
MODIFY,2945,0,,,9983,8
SUBMIT,3172,1,SELL,LIMIT,9987,8
SUBMIT,3173,0,BUY,LIMIT,9982,21
SUBMIT,3174,0,BUY,LIMIT,9981,29
SUBMIT,3175,0,BUY,LIMIT,9983,47
SUBMIT,3176,0,SELL,LIMIT,9988,27
SUBMIT,3177,0,SELL,LIMIT,9991,36
CANCEL,2447,0,,,0,0
SUBMIT,3178,0,SELL,LIMIT,9990,1
SUBMIT,3179,0,BUY,MARKET,0,16
SUBMIT,3180,0,SELL,LIMIT,9987,23
SUBMIT,3181,0,BUY,MARKET,0,1
MODIFY,2945,0,,,9984,10
SUBMIT,3182,1,SELL,LIMIT,9988,10
SUBMIT,3183,0,SELL,LIMIT,9991,8
SUBMIT,3184,0,BUY,LIMIT,9982,27
SUBMIT,3185,0,BUY,MARKET,0,32
SUBMIT,3186,0,BUY,MARKET,0,11
CANCEL,2802,0,,,0,0
CANCEL,1815,0,,,0,0
SUBMIT,3187,0,BUY,LIMIT,9982,27
SUBMIT,3188,0,BUY,LIMIT,9985,14
SUBMIT,3189,0,SELL,LIMIT,9988,21
CANCEL,3189,0,,,0,0
MODIFY,2945,0,,,9986,13
SUBMIT,3190,1,SELL,LIMIT,9989,13
SUBMIT,3191,0,BUY,LIMIT,9986,45
CANCEL,3097,0,,,0,0
CANCEL,2760,0,,,0,0
SUBMIT,3192,0,SELL,LIMIT,9989,38
SUBMIT,3193,0,BUY,MARKET,0,10
SUBMIT,3194,0,SELL,LIMIT,9989,21
CANCEL,2105,0,,,0,0
CANCEL,3021,0,,,0,0
SUBMIT,3195,0,SELL,LIMIT,9988,49
SUBMIT,3196,0,BUY,MARKET,0,24
MODIFY,2945,0,,,9983,7
MODIFY,3190,0,,,9987,7
SUBMIT,3197,0,SELL,LIMIT,9988,48
CANCEL,1897,0,,,0,0
SUBMIT,3198,0,SELL,LIMIT,9987,38
SUBMIT,3199,0,BUY,MARKET,0,25
SUBMIT,3200,0,SELL,LIMIT,9988,42
SUBMIT,3201,0,SELL,MARKET,0,40
SUBMIT,3202,0,BUY,LIMIT,9981,4
SUBMIT,3203,0,SELL,LIMIT,9990,4
SUBMIT,3204,0,SELL,LIMIT,9991,39
CANCEL,2825,0,,,0,0
MODIFY,2945,0,,,9985,19
SUBMIT,3205,1,SELL,LIMIT,9989,19
SUBMIT,3206,0,SELL,MARKET,0,35
SUBMIT,3207,0,BUY,LIMIT,9983,49
SUBMIT,3208,0,BUY,LIMIT,9983,41
SUBMIT,3209,0,BUY,LIMIT,9979,39
SUBMIT,3210,0,SELL,LIMIT,9987,4
CANCEL,3089,0,,,0,0
SUBMIT,3211,0,SELL,LIMIT,9986,14
CANCEL,2958,0,,,0,0
SUBMIT,3212,0,BUY,LIMIT,9981,41
SUBMIT,3213,0,BUY,LIMIT,9981,25
MODIFY,2945,0,,,9982,16
MODIFY,3205,0,,,9987,16
CANCEL,1905,0,,,0,0
CANCEL,817,0,,,0,0
CANCEL,1175,0,,,0,0
SUBMIT,3214,0,SELL,LIMIT,9986,43
SUBMIT,3215,0,BUY,LIMIT,9979,10
SUBMIT,3216,0,SELL,MARKET,0,5
SUBMIT,3217,0,SELL,LIMIT,9988,46
CANCEL,1407,0,,,0,0
SUBMIT,3218,0,BUY,LIMIT,9982,31
SUBMIT,3219,0,SELL,LIMIT,9986,12
MODIFY,2945,0,,,9982,16
SUBMIT,3220,1,SELL,LIMIT,9986,16
SUBMIT,3221,0,BUY,LIMIT,9982,24
SUBMIT,3222,0,SELL,LIMIT,9987,32
SUBMIT,3223,0,BUY,LIMIT,9981,3
SUBMIT,3224,0,BUY,LIMIT,9981,34
SUBMIT,3225,0,BUY,LIMIT,9979,47
SUBMIT,3226,0,BUY,LIMIT,9980,9
CANCEL,1813,0,,,0,0
SUBMIT,3227,0,BUY,LIMIT,9982,49
CANCEL,1847,0,,,0,0
CANCEL,2005,0,,,0,0
MODIFY,2945,0,,,9982,4
SUBMIT,3228,1,SELL,LIMIT,9984,4
SUBMIT,3229,0,BUY,LIMIT,9982,13
CANCEL,1226,0,,,0,0
CANCEL,2527,0,,,0,0
SUBMIT,3230,0,BUY,LIMIT,9982,48
SUBMIT,3231,0,SELL,MARKET,0,4
CANCEL,3221,0,,,0,0
CANCEL,2676,0,,,0,0
SUBMIT,3232,0,SELL,LIMIT,9986,37
SUBMIT,3233,0,SELL,LIMIT,9984,19
SUBMIT,3234,0,BUY,LIMIT,9980,19
MODIFY,2945,0,,,9981,16
SUBMIT,3235,1,SELL,LIMIT,9985,16
CANCEL,518,0,,,0,0
SUBMIT,3236,0,SELL,MARKET,0,1
CANCEL,1210,0,,,0,0
SUBMIT,3237,0,BUY,LIMIT,9979,11
SUBMIT,3238,0,BUY,MARKET,0,38
SUBMIT,3239,0,BUY,LIMIT,9979,17
SUBMIT,3240,0,BUY,LIMIT,9980,46
SUBMIT,3241,0,SELL,LIMIT,9982,5
SUBMIT,3242,0,SELL,MARKET,0,17
SUBMIT,3243,0,BUY,MARKET,0,28
MODIFY,2945,0,,,9979,1
SUBMIT,3244,1,SELL,LIMIT,9985,1
SUBMIT,3245,0,BUY,LIMIT,9977,7
SUBMIT,3246,0,BUY,MARKET,0,31
CANCEL,2709,0,,,0,0
SUBMIT,3247,0,SELL,MARKET,0,30
SUBMIT,3248,0,SELL,LIMIT,9985,6
SUBMIT,3249,0,BUY,LIMIT,9980,38
SUBMIT,3250,0,SELL,LIMIT,9985,9
CANCEL,2696,0,,,0,0
SUBMIT,3251,0,SELL,LIMIT,9983,10
SUBMIT,3252,0,BUY,LIMIT,9976,18
MODIFY,2945,0,,,9980,4
SUBMIT,3253,1,SELL,LIMIT,9983,4
SUBMIT,3254,0,SELL,LIMIT,9985,11
SUBMIT,3255,0,BUY,LIMIT,9979,24
SUBMIT,3256,0,BUY,MARKET,0,16
SUBMIT,3257,0,SELL,LIMIT,9982,25
SUBMIT,3258,0,SELL,LIMIT,9984,7
SUBMIT,3259,0,SELL,MARKET,0,35
CANCEL,3121,0,,,0,0
SUBMIT,3260,0,BUY,LIMIT,9979,5
SUBMIT,3261,0,SELL,LIMIT,9981,19
CANCEL,2960,0,,,0,0
MODIFY,2945,0,,,9978,14
SUBMIT,3262,1,SELL,LIMIT,9981,14
SUBMIT,3263,0,BUY,LIMIT,9975,38
CANCEL,2548,0,,,0,0
SUBMIT,3264,0,BUY,MARKET,0,25
SUBMIT,3265,0,BUY,MARKET,0,8
SUBMIT,3266,0,BUY,LIMIT,9979,46
SUBMIT,3267,0,BUY,LIMIT,9976,11
CANCEL,3084,0,,,0,0
SUBMIT,3268,0,SELL,LIMIT,9985,22
SUBMIT,3269,0,SELL,MARKET,0,2
CANCEL,2706,0,,,0,0
MODIFY,2945,0,,,9980,9
SUBMIT,3270,1,SELL,LIMIT,9985,9
CANCEL,2664,0,,,0,0
SUBMIT,3271,0,BUY,LIMIT,9978,16
CANCEL,2781,0,,,0,0
SUBMIT,3272,0,SELL,LIMIT,9983,36
SUBMIT,3273,0,SELL,MARKET,0,7
SUBMIT,3274,0,SELL,MARKET,0,33
SUBMIT,3275,0,BUY,LIMIT,9979,30
SUBMIT,3276,0,SELL,LIMIT,9983,46
SUBMIT,3277,0,BUY,LIMIT,9975,39
CANCEL,1308,0,,,0,0
MODIFY,2945,0,,,9977,7
SUBMIT,3278,1,SELL,LIMIT,9982,7
CANCEL,3188,0,,,0,0
SUBMIT,3279,0,SELL,LIMIT,9979,7
SUBMIT,3280,0,BUY,LIMIT,9975,17
CANCEL,967,0,,,0,0
SUBMIT,3281,0,SELL,LIMIT,9984,48
CANCEL,1949,0,,,0,0
CANCEL,3167,0,,,0,0
SUBMIT,3282,0,BUY,LIMIT,9974,48
SUBMIT,3283,0,SELL,LIMIT,9979,5
CANCEL,321,0,,,0,0
MODIFY,2945,0,,,9978,13
SUBMIT,3284,1,SELL,LIMIT,9982,13
SUBMIT,3285,0,BUY,LIMIT,9976,19
SUBMIT,3286,0,BUY,LIMIT,9978,29
CANCEL,2094,0,,,0,0
SUBMIT,3287,0,SELL,LIMIT,9983,19
SUBMIT,3288,0,SELL,LIMIT,9985,6
SUBMIT,3289,0,SELL,LIMIT,9981,4
CANCEL,2841,0,,,0,0
CANCEL,1498,0,,,0,0
CANCEL,1589,0,,,0,0
SUBMIT,3290,0,BUY,MARKET,0,28
MODIFY,2945,0,,,9979,16
SUBMIT,3291,1,SELL,LIMIT,9982,16
SUBMIT,3292,0,BUY,LIMIT,9979,37
SUBMIT,3293,0,SELL,LIMIT,9983,1
SUBMIT,3294,0,BUY,LIMIT,9978,32
SUBMIT,3295,0,SELL,LIMIT,9983,21
SUBMIT,3296,0,BUY,LIMIT,9979,11
SUBMIT,3297,0,SELL,LIMIT,9986,41
SUBMIT,3298,0,SELL,LIMIT,9985,12
SUBMIT,3299,0,BUY,LIMIT,9975,49
SUBMIT,3300,0,BUY,LIMIT,9975,20
SUBMIT,3301,0,BUY,MARKET,0,35
MODIFY,2945,0,,,9977,10
SUBMIT,3302,1,SELL,LIMIT,9982,10
SUBMIT,3303,0,SELL,LIMIT,9983,43
CANCEL,3013,0,,,0,0
SUBMIT,3304,0,SELL,MARKET,0,32
SUBMIT,3305,0,SELL,MARKET,0,9
SUBMIT,3306,0,BUY,MARKET,0,19
CANCEL,430,0,,,0,0
SUBMIT,3307,0,SELL,LIMIT,9980,2
SUBMIT,3308,0,SELL,LIMIT,9984,13
SUBMIT,3309,0,SELL,LIMIT,9981,17
SUBMIT,3310,0,BUY,LIMIT,9978,28
MODIFY,2945,0,,,9979,11
SUBMIT,3311,1,SELL,LIMIT,9982,11
SUBMIT,3312,0,SELL,LIMIT,9985,8
SUBMIT,3313,0,SELL,LIMIT,9981,43
SUBMIT,3314,0,SELL,LIMIT,9980,11
CANCEL,2901,0,,,0,0
SUBMIT,3315,0,BUY,MARKET,0,42
CANCEL,2889,0,,,0,0
CANCEL,2880,0,,,0,0
CANCEL,3209,0,,,0,0
CANCEL,3200,0,,,0,0
CANCEL,3174,0,,,0,0
MODIFY,2945,0,,,9977,4
SUBMIT,3316,1,SELL,LIMIT,9982,4
SUBMIT,3317,0,SELL,LIMIT,9982,16
CANCEL,2149,0,,,0,0
SUBMIT,3318,0,SELL,LIMIT,9980,50
CANCEL,1780,0,,,0,0
SUBMIT,3319,0,SELL,LIMIT,9982,32
SUBMIT,3320,0,BUY,LIMIT,9973,45
CANCEL,2737,0,,,0,0
SUBMIT,3321,0,BUY,MARKET,0,16
CANCEL,3080,0,,,0,0
CANCEL,1860,0,,,0,0
MODIFY,2945,0,,,9974,19
SUBMIT,3322,1,SELL,LIMIT,9978,19
CANCEL,1450,0,,,0,0
SUBMIT,3323,0,SELL,LIMIT,9978,6
SUBMIT,3324,0,BUY,MARKET,0,39
SUBMIT,3325,0,SELL,LIMIT,9977,39
SUBMIT,3326,0,SELL,LIMIT,9976,35
SUBMIT,3327,0,BUY,MARKET,0,28
SUBMIT,3328,0,SELL,LIMIT,9978,10
CANCEL,2641,0,,,0,0
CANCEL,3213,0,,,0,0
SUBMIT,3329,0,SELL,LIMIT,9979,43
MODIFY,2945,0,,,9976,16
SUBMIT,3330,1,SELL,LIMIT,9979,16
SUBMIT,3331,0,BUY,LIMIT,9975,23
SUBMIT,3332,0,BUY,LIMIT,9976,44
CANCEL,3249,0,,,0,0
SUBMIT,3333,0,BUY,LIMIT,9973,21
SUBMIT,3334,0,SELL,LIMIT,9979,3
SUBMIT,3335,0,BUY,LIMIT,9976,5
CANCEL,3141,0,,,0,0
CANCEL,2534,0,,,0,0
SUBMIT,3336,0,BUY,LIMIT,9973,1
CANCEL,3197,0,,,0,0
MODIFY,2945,0,,,9975,8
SUBMIT,3337,1,SELL,LIMIT,9977,8
SUBMIT,3338,0,SELL,LIMIT,9981,11
CANCEL,1372,0,,,0,0
SUBMIT,3339,0,SELL,LIMIT,9977,18
CANCEL,824,0,,,0,0
SUBMIT,3340,0,BUY,LIMIT,9970,39
SUBMIT,3341,0,BUY,LIMIT,9974,29
SUBMIT,3342,0,BUY,LIMIT,9974,27
SUBMIT,3343,0,SELL,LIMIT,9977,33
SUBMIT,3344,0,BUY,LIMIT,9972,39
CANCEL,1360,0,,,0,0
MODIFY,2945,0,,,9973,12
SUBMIT,3345,1,SELL,LIMIT,9977,12
SUBMIT,3346,0,BUY,LIMIT,9974,50
SUBMIT,3347,0,BUY,LIMIT,9971,27
SUBMIT,3348,0,BUY,LIMIT,9974,42
CANCEL,2947,0,,,0,0
SUBMIT,3349,0,SELL,LIMIT,9981,30
SUBMIT,3350,0,BUY,MARKET,0,46
CANCEL,3280,0,,,0,0
SUBMIT,3351,0,SELL,LIMIT,9977,13
CANCEL,2015,0,,,0,0
CANCEL,1738,0,,,0,0
MODIFY,2945,0,,,9973,14
SUBMIT,3352,1,SELL,LIMIT,9977,14
SUBMIT,3353,0,BUY,LIMIT,9974,20
CANCEL,926,0,,,0,0
SUBMIT,3354,0,SELL,LIMIT,9980,48
SUBMIT,3355,0,SELL,LIMIT,9980,37
CANCEL,2944,0,,,0,0
SUBMIT,3356,0,BUY,MARKET,0,25
SUBMIT,3357,0,SELL,LIMIT,9977,7
CANCEL,1909,0,,,0,0
SUBMIT,3358,0,SELL,LIMIT,9976,19
CANCEL,2857,0,,,0,0
MODIFY,2945,0,,,9972,4
SUBMIT,3359,1,SELL,LIMIT,9975,4
SUBMIT,3360,0,SELL,LIMIT,9977,32
SUBMIT,3361,0,BUY,LIMIT,9969,11
SUBMIT,3362,0,SELL,LIMIT,9975,34
SUBMIT,3363,0,BUY,MARKET,0,16
SUBMIT,3364,0,BUY,MARKET,0,27
SUBMIT,3365,0,BUY,LIMIT,9971,9
SUBMIT,3366,0,BUY,LIMIT,9968,30
SUBMIT,3367,0,BUY,LIMIT,9973,2
SUBMIT,3368,0,SELL,LIMIT,9976,19
SUBMIT,3369,0,SELL,LIMIT,9976,18
MODIFY,2945,0,,,9971,9
SUBMIT,3370,1,SELL,LIMIT,9976,9
SUBMIT,3371,0,BUY,LIMIT,9971,23
CANCEL,3300,0,,,0,0
CANCEL,2729,0,,,0,0
SUBMIT,3372,0,SELL,LIMIT,9976,4
SUBMIT,3373,0,BUY,LIMIT,9972,41
CANCEL,658,0,,,0,0
SUBMIT,3374,0,BUY,LIMIT,9972,9
SUBMIT,3375,0,BUY,MARKET,0,40
CANCEL,2579,0,,,0,0
CANCEL,2383,0,,,0,0
MODIFY,2945,0,,,9970,1
SUBMIT,3376,1,SELL,LIMIT,9974,1
SUBMIT,3377,0,SELL,MARKET,0,23
SUBMIT,3378,0,BUY,MARKET,0,16
CANCEL,2902,0,,,0,0
SUBMIT,3379,0,SELL,LIMIT,9975,48
SUBMIT,3380,0,SELL,LIMIT,9972,40
CANCEL,2625,0,,,0,0
SUBMIT,3381,0,BUY,LIMIT,9969,19
SUBMIT,3382,0,SELL,LIMIT,9975,10
SUBMIT,3383,0,SELL,LIMIT,9972,35
SUBMIT,3384,0,BUY,LIMIT,9967,15
MODIFY,2945,0,,,9967,6
SUBMIT,3385,1,SELL,LIMIT,9972,6
SUBMIT,3386,0,BUY,LIMIT,9965,5
SUBMIT,3387,0,BUY,LIMIT,9966,35
CANCEL,2139,0,,,0,0
SUBMIT,3388,0,SELL,LIMIT,9970,15
SUBMIT,3389,0,BUY,LIMIT,9968,27
SUBMIT,3390,0,BUY,LIMIT,9968,18
SUBMIT,3391,0,BUY,LIMIT,9964,7
CANCEL,3079,0,,,0,0
SUBMIT,3392,0,BUY,LIMIT,9969,22
SUBMIT,3393,0,BUY,MARKET,0,28
MODIFY,2945,0,,,9969,6
SUBMIT,3394,1,SELL,LIMIT,9971,6
SUBMIT,3395,0,SELL,LIMIT,9972,35
SUBMIT,3396,0,BUY,LIMIT,9968,26
SUBMIT,3397,0,SELL,LIMIT,9971,40
SUBMIT,3398,0,SELL,LIMIT,9969,47
CANCEL,2835,0,,,0,0
SUBMIT,3399,0,BUY,LIMIT,9964,17
SUBMIT,3400,0,SELL,MARKET,0,15
SUBMIT,3401,0,SELL,MARKET,0,41
CANCEL,2073,0,,,0,0
CANCEL,2710,0,,,0,0
MODIFY,2945,0,,,9967,6
SUBMIT,3402,1,SELL,LIMIT,9969,6
SUBMIT,3403,0,SELL,LIMIT,9969,9
SUBMIT,3404,0,SELL,LIMIT,9973,37
SUBMIT,3405,0,SELL,MARKET,0,23
SUBMIT,3406,0,SELL,LIMIT,9973,42
SUBMIT,3407,0,BUY,LIMIT,9963,27
SUBMIT,3408,0,BUY,LIMIT,9968,15
SUBMIT,3409,0,BUY,LIMIT,9964,35
SUBMIT,3410,0,BUY,MARKET,0,23
SUBMIT,3411,0,BUY,MARKET,0,39
CANCEL,1255,0,,,0,0
MODIFY,2945,0,,,9965,6
SUBMIT,3412,1,SELL,LIMIT,9968,6
SUBMIT,3413,0,SELL,MARKET,0,47
SUBMIT,3414,0,SELL,MARKET,0,37
CANCEL,2419,0,,,0,0
CANCEL,1874,0,,,0,0
SUBMIT,3415,0,SELL,LIMIT,9972,8
CANCEL,2143,0,,,0,0
SUBMIT,3416,0,SELL,LIMIT,9970,26
SUBMIT,3417,0,BUY,MARKET,0,11
SUBMIT,3418,0,SELL,LIMIT,9968,31
SUBMIT,3419,0,SELL,LIMIT,9970,26
MODIFY,2945,0,,,9965,2
SUBMIT,3420,1,SELL,LIMIT,9969,2
SUBMIT,3421,0,SELL,LIMIT,9969,41
CANCEL,3078,0,,,0,0
CANCEL,3409,0,,,0,0
SUBMIT,3422,0,SELL,LIMIT,9971,49
SUBMIT,3423,0,BUY,LIMIT,9966,7
SUBMIT,3424,0,SELL,LIMIT,9971,38
CANCEL,1844,0,,,0,0
SUBMIT,3425,0,BUY,MARKET,0,49
CANCEL,3163,0,,,0,0
CANCEL,2891,0,,,0,0
MODIFY,2945,0,,,9961,17
SUBMIT,3426,1,SELL,LIMIT,9967,17
SUBMIT,3427,0,BUY,LIMIT,9959,28
SUBMIT,3428,0,BUY,MARKET,0,20
CANCEL,3292,0,,,0,0
CANCEL,2275,0,,,0,0
SUBMIT,3429,0,BUY,LIMIT,9957,19
SUBMIT,3430,0,BUY,MARKET,0,20
SUBMIT,3431,0,BUY,MARKET,0,44
SUBMIT,3432,0,SELL,MARKET,0,11
SUBMIT,3433,0,SELL,MARKET,0,11
CANCEL,2799,0,,,0,0
MODIFY,2945,0,,,9961,8
SUBMIT,3434,1,SELL,LIMIT,9964,8
SUBMIT,3435,0,BUY,LIMIT,9958,19
CANCEL,3353,0,,,0,0
SUBMIT,3436,0,SELL,MARKET,0,30
CANCEL,3299,0,,,0,0
SUBMIT,3437,0,BUY,MARKET,0,27
SUBMIT,3438,0,SELL,LIMIT,9967,25
SUBMIT,3439,0,SELL,LIMIT,9967,20
SUBMIT,3440,0,SELL,LIMIT,9966,23
SUBMIT,3441,0,SELL,LIMIT,9966,29
SUBMIT,3442,0,BUY,LIMIT,9962,19
MODIFY,2945,0,,,9962,15
SUBMIT,3443,1,SELL,LIMIT,9968,15
SUBMIT,3444,0,SELL,LIMIT,9970,4
SUBMIT,3445,0,BUY,LIMIT,9959,7
SUBMIT,3446,0,BUY,LIMIT,9964,42
SUBMIT,3447,0,SELL,LIMIT,9969,6
CANCEL,2985,0,,,0,0
SUBMIT,3448,0,BUY,LIMIT,9961,22
SUBMIT,3449,0,BUY,LIMIT,9964,30
SUBMIT,3450,0,SELL,LIMIT,9968,44
CANCEL,1877,0,,,0,0
SUBMIT,3451,0,SELL,MARKET,0,29
MODIFY,2945,0,,,9962,1
SUBMIT,3452,1,SELL,LIMIT,9967,1
SUBMIT,3453,0,SELL,MARKET,0,28
SUBMIT,3454,0,BUY,LIMIT,9960,29
CANCEL,3384,0,,,0,0
SUBMIT,3455,0,SELL,LIMIT,9965,27
SUBMIT,3456,0,SELL,LIMIT,9969,46
SUBMIT,3457,0,SELL,MARKET,0,5
SUBMIT,3458,0,BUY,LIMIT,9963,32
SUBMIT,3459,0,SELL,MARKET,0,45
SUBMIT,3460,0,BUY,MARKET,0,31
SUBMIT,3461,0,BUY,LIMIT,9962,33
MODIFY,2945,0,,,9962,12
SUBMIT,3462,1,SELL,LIMIT,9967,12
SUBMIT,3463,0,SELL,LIMIT,9970,10
CANCEL,3225,0,,,0,0
SUBMIT,3464,0,SELL,LIMIT,9966,24
SUBMIT,3465,0,SELL,LIMIT,9970,49
SUBMIT,3466,0,BUY,MARKET,0,31
CANCEL,2845,0,,,0,0
CANCEL,2398,0,,,0,0
SUBMIT,3467,0,BUY,MARKET,0,41
SUBMIT,3468,0,BUY,LIMIT,9961,21
CANCEL,3119,0,,,0,0
MODIFY,2945,0,,,9961,17
SUBMIT,3469,1,SELL,LIMIT,9965,17
SUBMIT,3470,0,SELL,LIMIT,9969,1
SUBMIT,3471,0,SELL,MARKET,0,43
CANCEL,2993,0,,,0,0
SUBMIT,3472,0,BUY,MARKET,0,35
SUBMIT,3473,0,SELL,LIMIT,9968,21
SUBMIT,3474,0,BUY,LIMIT,9964,34
SUBMIT,3475,0,BUY,LIMIT,9962,16
SUBMIT,3476,0,SELL,LIMIT,9969,35
CANCEL,2590,0,,,0,0
SUBMIT,3477,0,SELL,LIMIT,9970,5
MODIFY,2945,0,,,9964,10
SUBMIT,3478,1,SELL,LIMIT,9966,10
SUBMIT,3479,0,SELL,LIMIT,9971,39
SUBMIT,3480,0,SELL,LIMIT,9968,48
SUBMIT,3481,0,BUY,LIMIT,9962,35
CANCEL,2518,0,,,0,0
SUBMIT,3482,0,SELL,LIMIT,9968,3
SUBMIT,3483,0,BUY,LIMIT,9964,46
SUBMIT,3484,0,BUY,LIMIT,9961,11
SUBMIT,3485,0,SELL,MARKET,0,4
SUBMIT,3486,0,BUY,LIMIT,9964,18
CANCEL,2942,0,,,0,0
MODIFY,2945,0,,,9963,19
SUBMIT,3487,1,SELL,LIMIT,9966,19
CANCEL,2846,0,,,0,0
CANCEL,2785,0,,,0,0
SUBMIT,3488,0,BUY,MARKET,0,20
SUBMIT,3489,0,SELL,LIMIT,9968,24
SUBMIT,3490,0,BUY,LIMIT,9960,22
SUBMIT,3491,0,SELL,LIMIT,9965,29
SUBMIT,3492,0,BUY,LIMIT,9963,19
SUBMIT,3493,0,SELL,LIMIT,9966,22
CANCEL,2971,0,,,0,0
SUBMIT,3494,0,SELL,LIMIT,9971,43
MODIFY,2945,0,,,9963,15
SUBMIT,3495,1,SELL,LIMIT,9969,15
SUBMIT,3496,0,BUY,LIMIT,9964,11
SUBMIT,3497,0,BUY,LIMIT,9963,24
SUBMIT,3498,0,SELL,LIMIT,9969,22
SUBMIT,3499,0,SELL,MARKET,0,14
SUBMIT,3500,0,BUY,LIMIT,9961,28
CANCEL,2790,0,,,0,0
SUBMIT,3501,0,SELL,LIMIT,9970,37
SUBMIT,3502,0,SELL,LIMIT,9970,37
CANCEL,2711,0,,,0,0
CANCEL,2994,0,,,0,0
MODIFY,2945,0,,,9967,6
SUBMIT,3503,1,SELL,LIMIT,9969,6
CANCEL,2987,0,,,0,0
SUBMIT,3504,0,SELL,LIMIT,9971,35
SUBMIT,3505,0,BUY,LIMIT,9967,46
SUBMIT,3506,0,BUY,LIMIT,9964,12
SUBMIT,3507,0,SELL,LIMIT,9968,32
SUBMIT,3508,0,SELL,MARKET,0,28
SUBMIT,3509,0,SELL,MARKET,0,16
SUBMIT,3510,0,BUY,LIMIT,9965,26
SUBMIT,3511,0,BUY,LIMIT,9965,32
SUBMIT,3512,0,SELL,LIMIT,9969,22
MODIFY,2945,0,,,9965,4
SUBMIT,3513,1,SELL,LIMIT,9971,4
CANCEL,3031,0,,,0,0
SUBMIT,3514,0,SELL,LIMIT,9971,44
SUBMIT,3515,0,BUY,LIMIT,9964,8
CANCEL,2893,0,,,0,0
CANCEL,2671,0,,,0,0
CANCEL,113,0,,,0,0
CANCEL,2498,0,,,0,0
SUBMIT,3516,0,SELL,LIMIT,9973,35
CANCEL,1005,0,,,0,0
CANCEL,2986,0,,,0,0
MODIFY,2945,0,,,9966,14
SUBMIT,3517,1,SELL,LIMIT,9972,14
CANCEL,2687,0,,,0,0
SUBMIT,3518,0,BUY,LIMIT,9967,24
SUBMIT,3519,0,BUY,LIMIT,9967,46
SUBMIT,3520,0,BUY,MARKET,0,17
SUBMIT,3521,0,SELL,LIMIT,9970,21
SUBMIT,3522,0,BUY,LIMIT,9964,17
CANCEL,1917,0,,,0,0
CANCEL,1742,0,,,0,0
SUBMIT,3523,0,SELL,LIMIT,9969,4
SUBMIT,3524,0,SELL,LIMIT,9970,7
MODIFY,2945,0,,,9964,11
SUBMIT,3525,1,SELL,LIMIT,9967,11
SUBMIT,3526,0,SELL,LIMIT,9970,30
SUBMIT,3527,0,BUY,LIMIT,9965,15
SUBMIT,3528,0,SELL,LIMIT,9972,41
SUBMIT,3529,0,BUY,LIMIT,9966,30
CANCEL,2197,0,,,0,0
CANCEL,3294,0,,,0,0
SUBMIT,3530,0,SELL,LIMIT,9969,44
SUBMIT,3531,0,SELL,MARKET,0,30
SUBMIT,3532,0,SELL,MARKET,0,38
SUBMIT,3533,0,SELL,LIMIT,9970,15
MODIFY,2945,0,,,9965,13
SUBMIT,3534,1,SELL,LIMIT,9969,13
SUBMIT,3535,0,BUY,LIMIT,9966,48
SUBMIT,3536,0,BUY,LIMIT,9962,33
SUBMIT,3537,0,BUY,LIMIT,9964,15
CANCEL,2681,0,,,0,0
SUBMIT,3538,0,SELL,LIMIT,9969,3
SUBMIT,3539,0,BUY,LIMIT,9966,7
CANCEL,2108,0,,,0,0
SUBMIT,3540,0,BUY,LIMIT,9966,10
SUBMIT,3541,0,BUY,LIMIT,9965,31
SUBMIT,3542,0,SELL,LIMIT,9969,36
MODIFY,2945,0,,,9966,19
SUBMIT,3543,1,SELL,LIMIT,9970,19
SUBMIT,3544,0,SELL,LIMIT,9970,33
SUBMIT,3545,0,BUY,LIMIT,9966,8
SUBMIT,3546,0,BUY,LIMIT,9967,49
SUBMIT,3547,0,SELL,LIMIT,9971,9
SUBMIT,3548,0,BUY,MARKET,0,25
SUBMIT,3549,0,BUY,LIMIT,9963,50
SUBMIT,3550,0,SELL,MARKET,0,23
SUBMIT,3551,0,SELL,LIMIT,9970,8
SUBMIT,3552,0,BUY,LIMIT,9968,40
CANCEL,3137,0,,,0,0
MODIFY,2945,0,,,9968,10
SUBMIT,3553,1,SELL,LIMIT,9972,10
SUBMIT,3554,0,SELL,LIMIT,9974,22
SUBMIT,3555,0,SELL,MARKET,0,30
SUBMIT,3556,0,BUY,LIMIT,9964,28
SUBMIT,3557,0,SELL,LIMIT,9968,1
SUBMIT,3558,0,BUY,LIMIT,9965,40
SUBMIT,3559,0,BUY,LIMIT,9965,17
CANCEL,2665,0,,,0,0
SUBMIT,3560,0,SELL,LIMIT,9972,31
CANCEL,2698,0,,,0,0
SUBMIT,3561,0,BUY,LIMIT,9964,33
MODIFY,2945,0,,,9967,19
SUBMIT,3562,1,SELL,LIMIT,9971,19
SUBMIT,3563,0,BUY,LIMIT,9967,20
SUBMIT,3564,0,SELL,LIMIT,9968,42
SUBMIT,3565,0,SELL,LIMIT,9970,10
SUBMIT,3566,0,SELL,MARKET,0,5
SUBMIT,3567,0,BUY,LIMIT,9966,17
SUBMIT,3568,0,SELL,LIMIT,9969,34
SUBMIT,3569,0,SELL,LIMIT,9969,40
SUBMIT,3570,0,SELL,LIMIT,9969,9
SUBMIT,3571,0,SELL,LIMIT,9970,23
SUBMIT,3572,0,BUY,LIMIT,9963,34
MODIFY,2945,0,,,9963,4
SUBMIT,3573,1,SELL,LIMIT,9967,4
CANCEL,2309,0,,,0,0
CANCEL,2657,0,,,0,0
SUBMIT,3574,0,BUY,LIMIT,9966,48
SUBMIT,3575,0,BUY,LIMIT,9964,50
SUBMIT,3576,0,BUY,LIMIT,9963,2
SUBMIT,3577,0,BUY,LIMIT,9962,41
CANCEL,1244,0,,,0,0
SUBMIT,3578,0,BUY,LIMIT,9966,36
CANCEL,3224,0,,,0,0
SUBMIT,3579,0,SELL,LIMIT,9972,34
MODIFY,2945,0,,,9967,15
SUBMIT,3580,1,SELL,LIMIT,9972,15
SUBMIT,3581,0,BUY,LIMIT,9968,44
SUBMIT,3582,0,SELL,LIMIT,9971,22
SUBMIT,3583,0,BUY,MARKET,0,26
SUBMIT,3584,0,SELL,LIMIT,9973,28
SUBMIT,3585,0,SELL,LIMIT,9970,1
SUBMIT,3586,0,BUY,LIMIT,9968,16
SUBMIT,3587,0,BUY,LIMIT,9966,43
SUBMIT,3588,0,BUY,LIMIT,9965,6
SUBMIT,3589,0,SELL,LIMIT,9973,32
SUBMIT,3590,0,SELL,LIMIT,9975,8
MODIFY,2945,0,,,9970,9
SUBMIT,3591,1,SELL,LIMIT,9972,9
CANCEL,1471,0,,,0,0
SUBMIT,3592,0,SELL,LIMIT,9973,31
SUBMIT,3593,0,BUY,LIMIT,9966,39
CANCEL,1348,0,,,0,0
SUBMIT,3594,0,BUY,MARKET,0,5
SUBMIT,3595,0,BUY,LIMIT,9970,39
CANCEL,2756,0,,,0,0
CANCEL,2589,0,,,0,0
CANCEL,2424,0,,,0,0
SUBMIT,3596,0,BUY,LIMIT,9970,1
MODIFY,2945,0,,,9968,10
SUBMIT,3597,1,SELL,LIMIT,9973,10
CANCEL,1339,0,,,0,0
SUBMIT,3598,0,SELL,LIMIT,9973,50
SUBMIT,3599,0,SELL,LIMIT,9976,36
SUBMIT,3600,0,SELL,LIMIT,9975,28
SUBMIT,3601,0,SELL,LIMIT,9973,17
SUBMIT,3602,0,SELL,LIMIT,9976,47
SUBMIT,3603,0,SELL,LIMIT,9976,2
SUBMIT,3604,0,SELL,LIMIT,9974,43
CANCEL,2594,0,,,0,0
SUBMIT,3605,0,SELL,MARKET,0,20
MODIFY,2945,0,,,9970,13
SUBMIT,3606,1,SELL,LIMIT,9973,13
SUBMIT,3607,0,BUY,LIMIT,9971,39
SUBMIT,3608,0,SELL,LIMIT,9976,4
SUBMIT,3609,0,BUY,LIMIT,9969,25
SUBMIT,3610,0,SELL,MARKET,0,15
CANCEL,2925,0,,,0,0
SUBMIT,3611,0,SELL,LIMIT,9976,46
SUBMIT,3612,0,BUY,LIMIT,9968,42
CANCEL,3497,0,,,0,0
CANCEL,1916,0,,,0,0
CANCEL,2980,0,,,0,0
MODIFY,2945,0,,,9967,8
SUBMIT,3613,1,SELL,LIMIT,9970,8
SUBMIT,3614,0,SELL,LIMIT,9974,1
SUBMIT,3615,0,SELL,LIMIT,9970,33
SUBMIT,3616,0,SELL,LIMIT,9970,4
CANCEL,2582,0,,,0,0
SUBMIT,3617,0,SELL,LIMIT,9973,3
SUBMIT,3618,0,SELL,LIMIT,9973,38
SUBMIT,3619,0,SELL,LIMIT,9974,47
SUBMIT,3620,0,SELL,LIMIT,9972,19
CANCEL,3255,0,,,0,0
SUBMIT,3621,0,SELL,LIMIT,9974,7
MODIFY,2945,0,,,9969,5
SUBMIT,3622,1,SELL,LIMIT,9973,5
CANCEL,3545,0,,,0,0
SUBMIT,3623,0,BUY,LIMIT,9970,36
SUBMIT,3624,0,BUY,LIMIT,9966,24
SUBMIT,3625,0,SELL,MARKET,0,24
CANCEL,778,0,,,0,0
CANCEL,3515,0,,,0,0
SUBMIT,3626,0,BUY,LIMIT,9967,12
SUBMIT,3627,0,BUY,MARKET,0,34
SUBMIT,3628,0,BUY,LIMIT,9971,30
CANCEL,1455,0,,,0,0
MODIFY,2945,0,,,9971,5
SUBMIT,3629,1,SELL,LIMIT,9974,5
SUBMIT,3630,0,SELL,LIMIT,9972,47
CANCEL,3152,0,,,0,0
SUBMIT,3631,0,SELL,MARKET,0,1
CANCEL,543,0,,,0,0
CANCEL,3016,0,,,0,0
SUBMIT,3632,0,BUY,MARKET,0,25
SUBMIT,3633,0,BUY,MARKET,0,28
SUBMIT,3634,0,BUY,LIMIT,9970,37
SUBMIT,3635,0,BUY,LIMIT,9967,13
CANCEL,3285,0,,,0,0
MODIFY,2945,0,,,9968,4
SUBMIT,3636,1,SELL,LIMIT,9973,4
SUBMIT,3637,0,SELL,LIMIT,9974,24
SUBMIT,3638,0,BUY,LIMIT,9967,34
CANCEL,3033,0,,,0,0
SUBMIT,3639,0,BUY,LIMIT,9972,49
SUBMIT,3640,0,BUY,LIMIT,9973,44
SUBMIT,3641,0,BUY,LIMIT,9972,5
SUBMIT,3642,0,SELL,LIMIT,9978,42
SUBMIT,3643,0,BUY,LIMIT,9971,30
SUBMIT,3644,0,SELL,LIMIT,9978,8
SUBMIT,3645,0,BUY,LIMIT,9972,29
MODIFY,2945,0,,,9972,3
SUBMIT,3646,1,SELL,LIMIT,9975,3
CANCEL,2650,0,,,0,0
SUBMIT,3647,0,SELL,LIMIT,9977,2
SUBMIT,3648,0,BUY,LIMIT,9971,18
CANCEL,2061,0,,,0,0
CANCEL,2678,0,,,0,0
SUBMIT,3649,0,BUY,LIMIT,9973,35
SUBMIT,3650,0,SELL,LIMIT,9976,48
CANCEL,3529,0,,,0,0
CANCEL,3481,0,,,0,0
SUBMIT,3651,0,BUY,LIMIT,9970,25
MODIFY,2945,0,,,9969,16
MODIFY,3646,0,,,9975,16
CANCEL,3446,0,,,0,0
SUBMIT,3652,0,SELL,LIMIT,9977,7
SUBMIT,3653,0,BUY,LIMIT,9970,3
SUBMIT,3654,0,BUY,LIMIT,9970,39
CANCEL,2002,0,,,0,0
SUBMIT,3655,0,SELL,LIMIT,9975,43
CANCEL,2827,0,,,0,0
SUBMIT,3656,0,SELL,LIMIT,9973,49
SUBMIT,3657,0,SELL,MARKET,0,42
SUBMIT,3658,0,SELL,LIMIT,9976,11
MODIFY,2945,0,,,9970,14
MODIFY,3646,0,,,9975,14
SUBMIT,3659,0,SELL,LIMIT,9978,12
SUBMIT,3660,0,SELL,LIMIT,9978,42
SUBMIT,3661,0,BUY,LIMIT,9969,47
SUBMIT,3662,0,BUY,LIMIT,9972,19
CANCEL,1995,0,,,0,0
CANCEL,2136,0,,,0,0
SUBMIT,3663,0,BUY,LIMIT,9972,45
SUBMIT,3664,0,BUY,LIMIT,9972,45
CANCEL,2552,0,,,0,0
SUBMIT,3665,0,BUY,LIMIT,9969,13
MODIFY,2945,0,,,9973,7
MODIFY,3646,0,,,9976,7
SUBMIT,3666,0,BUY,LIMIT,9971,3
CANCEL,2475,0,,,0,0
SUBMIT,3667,0,SELL,LIMIT,9978,50
SUBMIT,3668,0,BUY,LIMIT,9969,12
SUBMIT,3669,0,SELL,MARKET,0,38
SUBMIT,3670,0,SELL,LIMIT,9979,29
CANCEL,3049,0,,,0,0
CANCEL,2675,0,,,0,0
SUBMIT,3671,0,SELL,LIMIT,9980,35
CANCEL,3245,0,,,0,0
SUBMIT,3672,1,BUY,LIMIT,9974,5
MODIFY,3646,0,,,9978,5
SUBMIT,3673,0,BUY,LIMIT,9971,3
CANCEL,2883,0,,,0,0
CANCEL,3296,0,,,0,0
SUBMIT,3674,0,BUY,LIMIT,9972,23
SUBMIT,3675,0,BUY,LIMIT,9972,1
CANCEL,2062,0,,,0,0
CANCEL,2120,0,,,0,0
SUBMIT,3676,0,BUY,LIMIT,9971,28
SUBMIT,3677,0,SELL,LIMIT,9976,1
SUBMIT,3678,0,SELL,LIMIT,9979,27
SUBMIT,3679,1,BUY,LIMIT,9972,17
MODIFY,3646,0,,,9977,17
SUBMIT,3680,0,SELL,LIMIT,9978,23
CANCEL,2771,0,,,0,0
SUBMIT,3681,0,SELL,MARKET,0,19
SUBMIT,3682,0,BUY,MARKET,0,25
CANCEL,3607,0,,,0,0
CANCEL,3559,0,,,0,0
CANCEL,3602,0,,,0,0
CANCEL,3634,0,,,0,0
CANCEL,2535,0,,,0,0
SUBMIT,3683,0,SELL,LIMIT,9980,10
MODIFY,3679,0,,,9975,20
MODIFY,3646,0,,,9978,20
CANCEL,3612,0,,,0,0
SUBMIT,3684,0,SELL,MARKET,0,45
SUBMIT,3685,0,BUY,LIMIT,9974,47
CANCEL,1258,0,,,0,0
CANCEL,2145,0,,,0,0
SUBMIT,3686,0,BUY,LIMIT,9975,31
CANCEL,1604,0,,,0,0
CANCEL,2871,0,,,0,0
CANCEL,3468,0,,,0,0
CANCEL,1822,0,,,0,0
SUBMIT,3687,1,BUY,LIMIT,9977,12
MODIFY,3646,0,,,9980,12
SUBMIT,3688,0,SELL,LIMIT,9982,29
SUBMIT,3689,0,SELL,LIMIT,9978,49
CANCEL,2559,0,,,0,0
CANCEL,2370,0,,,0,0
SUBMIT,3690,0,SELL,MARKET,0,20
CANCEL,2838,0,,,0,0
SUBMIT,3691,0,BUY,LIMIT,9976,48
SUBMIT,3692,0,BUY,LIMIT,9974,37
CANCEL,2818,0,,,0,0
CANCEL,3611,0,,,0,0
SUBMIT,3693,1,BUY,LIMIT,9975,14
MODIFY,3646,0,,,9980,14
SUBMIT,3694,0,BUY,LIMIT,9973,47
SUBMIT,3695,0,SELL,LIMIT,9977,35
SUBMIT,3696,0,SELL,LIMIT,9977,21
CANCEL,1499,0,,,0,0
SUBMIT,3697,0,BUY,LIMIT,9974,3
SUBMIT,3698,0,BUY,LIMIT,9972,28
CANCEL,2744,0,,,0,0
CANCEL,2176,0,,,0,0
CANCEL,2387,0,,,0,0
SUBMIT,3699,0,BUY,LIMIT,9973,20
MODIFY,3693,0,,,9974,1
MODIFY,3646,0,,,9978,1
CANCEL,2187,0,,,0,0
CANCEL,3449,0,,,0,0
SUBMIT,3700,0,BUY,LIMIT,9975,27
CANCEL,3389,0,,,0,0
CANCEL,2020,0,,,0,0
CANCEL,3698,0,,,0,0
SUBMIT,3701,0,BUY,LIMIT,9972,16
SUBMIT,3702,0,SELL,LIMIT,9979,24
SUBMIT,3703,0,BUY,MARKET,0,14
CANCEL,3344,0,,,0,0
MODIFY,3693,0,,,9971,14
MODIFY,3646,0,,,9977,14
SUBMIT,3704,0,SELL,LIMIT,9977,8
SUBMIT,3705,0,BUY,MARKET,0,46
SUBMIT,3706,0,SELL,LIMIT,9974,21
SUBMIT,3707,0,SELL,LIMIT,9973,38
CANCEL,1375,0,,,0,0
SUBMIT,3708,0,BUY,LIMIT,9969,4
CANCEL,1298,0,,,0,0
SUBMIT,3709,0,SELL,LIMIT,9977,13
SUBMIT,3710,0,SELL,LIMIT,9976,13
SUBMIT,3711,0,SELL,LIMIT,9978,25
MODIFY,3693,0,,,9970,6
MODIFY,3646,0,,,9974,6
SUBMIT,3712,0,SELL,LIMIT,9978,31
SUBMIT,3713,0,BUY,MARKET,0,18
SUBMIT,3714,0,SELL,LIMIT,9973,37
SUBMIT,3715,0,BUY,MARKET,0,18
CANCEL,1295,0,,,0,0
CANCEL,2812,0,,,0,0
CANCEL,1988,0,,,0,0
SUBMIT,3716,0,BUY,LIMIT,9971,11
CANCEL,3603,0,,,0,0
CANCEL,1911,0,,,0,0
MODIFY,3693,0,,,9970,12
SUBMIT,3717,1,SELL,LIMIT,9976,12
CANCEL,3673,0,,,0,0
SUBMIT,3718,0,BUY,LIMIT,9969,2
SUBMIT,3719,0,BUY,LIMIT,9968,33
CANCEL,2106,0,,,0,0
CANCEL,3577,0,,,0,0
SUBMIT,3720,0,SELL,LIMIT,9976,26
SUBMIT,3721,0,SELL,MARKET,0,50
SUBMIT,3722,0,BUY,LIMIT,9971,50
SUBMIT,3723,0,SELL,LIMIT,9979,10
SUBMIT,3724,0,BUY,LIMIT,9972,26
MODIFY,3693,0,,,9971,11
MODIFY,3717,0,,,9975,11
SUBMIT,3725,0,SELL,LIMIT,9976,2
CANCEL,2024,0,,,0,0
SUBMIT,3726,0,BUY,LIMIT,9973,1
SUBMIT,3727,0,SELL,LIMIT,9977,27
CANCEL,2707,0,,,0,0
SUBMIT,3728,0,BUY,LIMIT,9972,13
SUBMIT,3729,0,SELL,LIMIT,9976,21
CANCEL,2918,0,,,0,0
CANCEL,3541,0,,,0,0
SUBMIT,3730,0,BUY,LIMIT,9968,34
MODIFY,3693,0,,,9972,5
MODIFY,3717,0,,,9975,5
CANCEL,1973,0,,,0,0
SUBMIT,3731,0,SELL,LIMIT,9976,35
CANCEL,1396,0,,,0,0
CANCEL,3234,0,,,0,0
SUBMIT,3732,0,BUY,LIMIT,9969,48
SUBMIT,3733,0,BUY,LIMIT,9969,44
SUBMIT,3734,0,SELL,LIMIT,9975,41
SUBMIT,3735,0,BUY,LIMIT,9973,31
SUBMIT,3736,0,SELL,LIMIT,9974,44
SUBMIT,3737,0,BUY,LIMIT,9968,6
MODIFY,3693,0,,,9971,4
MODIFY,3717,0,,,9973,4
SUBMIT,3738,0,BUY,LIMIT,9972,12
SUBMIT,3739,0,BUY,LIMIT,9969,9
SUBMIT,3740,0,BUY,LIMIT,9968,41
SUBMIT,3741,0,SELL,LIMIT,9977,15
SUBMIT,3742,0,SELL,LIMIT,9976,10
CANCEL,3664,0,,,0,0
SUBMIT,3743,0,SELL,LIMIT,9975,48
SUBMIT,3744,0,BUY,LIMIT,9967,4
SUBMIT,3745,0,SELL,LIMIT,9976,15
CANCEL,2581,0,,,0,0
MODIFY,3693,0,,,9969,10
SUBMIT,3746,1,SELL,LIMIT,9974,10
SUBMIT,3747,0,SELL,LIMIT,9975,23
SUBMIT,3748,0,BUY,LIMIT,9966,35
SUBMIT,3749,0,BUY,LIMIT,9968,42
SUBMIT,3750,0,BUY,LIMIT,9970,38
SUBMIT,3751,0,BUY,LIMIT,9967,29
SUBMIT,3752,0,SELL,LIMIT,9971,29
SUBMIT,3753,0,SELL,LIMIT,9972,8
SUBMIT,3754,0,SELL,LIMIT,9973,36
CANCEL,1950,0,,,0,0
CANCEL,2773,0,,,0,0
MODIFY,3693,0,,,9969,6
MODIFY,3746,0,,,9973,6
SUBMIT,3755,0,BUY,LIMIT,9969,21
CANCEL,2597,0,,,0,0
CANCEL,1982,0,,,0,0
SUBMIT,3756,0,SELL,MARKET,0,46
CANCEL,2982,0,,,0,0
SUBMIT,3757,0,SELL,LIMIT,9976,15
SUBMIT,3758,0,SELL,LIMIT,9978,15
CANCEL,2740,0,,,0,0
SUBMIT,3759,0,BUY,LIMIT,9971,23
CANCEL,3552,0,,,0,0
MODIFY,3693,0,,,9972,2
MODIFY,3746,0,,,9978,2
SUBMIT,3760,0,BUY,LIMIT,9972,9
CANCEL,3144,0,,,0,0
SUBMIT,3761,0,SELL,LIMIT,9975,3
SUBMIT,3762,0,BUY,LIMIT,9973,12
SUBMIT,3763,0,SELL,MARKET,0,28
SUBMIT,3764,0,SELL,LIMIT,9978,16
SUBMIT,3765,0,BUY,LIMIT,9973,28
SUBMIT,3766,0,BUY,MARKET,0,21
CANCEL,2878,0,,,0,0
SUBMIT,3767,0,SELL,LIMIT,9978,42
MODIFY,3693,0,,,9971,20
MODIFY,3746,0,,,9976,20
SUBMIT,3768,0,SELL,LIMIT,9975,26
CANCEL,2604,0,,,0,0
CANCEL,1952,0,,,0,0
CANCEL,1958,0,,,0,0
SUBMIT,3769,0,BUY,LIMIT,9967,26
SUBMIT,3770,0,BUY,LIMIT,9968,25
SUBMIT,3771,0,SELL,LIMIT,9977,11
SUBMIT,3772,0,SELL,LIMIT,9977,24
SUBMIT,3773,0,SELL,LIMIT,9976,26
CANCEL,2394,0,,,0,0
MODIFY,3693,0,,,9970,13
MODIFY,3746,0,,,9975,13
SUBMIT,3774,0,SELL,MARKET,0,26
CANCEL,1403,0,,,0,0
CANCEL,1490,0,,,0,0
SUBMIT,3775,0,SELL,LIMIT,9976,40
SUBMIT,3776,0,BUY,LIMIT,9971,18
CANCEL,3203,0,,,0,0
CANCEL,2401,0,,,0,0
SUBMIT,3777,0,BUY,LIMIT,9972,17
CANCEL,2441,0,,,0,0
CANCEL,2991,0,,,0,0
MODIFY,3693,0,,,9969,4
MODIFY,3746,0,,,9974,4
CANCEL,89,0,,,0,0
SUBMIT,3778,0,SELL,LIMIT,9977,44
CANCEL,3046,0,,,0,0
SUBMIT,3779,0,BUY,LIMIT,9967,36
SUBMIT,3780,0,SELL,LIMIT,9976,14
CANCEL,2690,0,,,0,0
SUBMIT,3781,0,BUY,MARKET,0,47
SUBMIT,3782,0,SELL,LIMIT,9973,42
CANCEL,3458,0,,,0,0
SUBMIT,3783,0,SELL,LIMIT,9973,7
MODIFY,3693,0,,,9968,15
SUBMIT,3784,1,SELL,LIMIT,9973,15
SUBMIT,3785,0,BUY,MARKET,0,8
SUBMIT,3786,0,BUY,LIMIT,9971,10
CANCEL,3332,0,,,0,0
SUBMIT,3787,0,BUY,LIMIT,9968,47
SUBMIT,3788,0,SELL,MARKET,0,35
SUBMIT,3789,0,SELL,MARKET,0,20
CANCEL,2587,0,,,0,0
CANCEL,2979,0,,,0,0
SUBMIT,3790,0,BUY,LIMIT,9971,5
SUBMIT,3791,0,BUY,LIMIT,9970,24
MODIFY,3693,0,,,9971,16
MODIFY,3784,0,,,9973,16
CANCEL,3192,0,,,0,0
CANCEL,1414,0,,,0,0
CANCEL,2950,0,,,0,0
SUBMIT,3792,0,BUY,LIMIT,9970,36
SUBMIT,3793,0,SELL,LIMIT,9977,17
SUBMIT,3794,0,SELL,LIMIT,9979,17
CANCEL,2908,0,,,0,0
SUBMIT,3795,0,BUY,LIMIT,9968,41
SUBMIT,3796,0,SELL,LIMIT,9973,3
SUBMIT,3797,0,SELL,MARKET,0,39
MODIFY,3693,0,,,9969,5
MODIFY,3784,0,,,9974,5
SUBMIT,3798,0,BUY,LIMIT,9968,48
SUBMIT,3799,0,SELL,LIMIT,9974,26
CANCEL,3688,0,,,0,0
CANCEL,942,0,,,0,0
CANCEL,2348,0,,,0,0
SUBMIT,3800,0,BUY,LIMIT,9969,9
SUBMIT,3801,0,SELL,LIMIT,9975,14
SUBMIT,3802,0,SELL,LIMIT,9974,37
SUBMIT,3803,0,BUY,LIMIT,9967,38
SUBMIT,3804,0,BUY,LIMIT,9970,15
MODIFY,3693,0,,,9969,9
MODIFY,3784,0,,,9975,9
SUBMIT,3805,0,SELL,LIMIT,9976,24
CANCEL,2868,0,,,0,0
CANCEL,3506,0,,,0,0
SUBMIT,3806,0,SELL,LIMIT,9977,25
SUBMIT,3807,0,SELL,LIMIT,9977,14
SUBMIT,3808,0,SELL,MARKET,0,11
CANCEL,2385,0,,,0,0
SUBMIT,3809,0,SELL,LIMIT,9973,34
CANCEL,3640,0,,,0,0
SUBMIT,3810,0,SELL,MARKET,0,35
MODIFY,3693,0,,,9969,9
MODIFY,3784,0,,,9973,9
CANCEL,2157,0,,,0,0
SUBMIT,3811,0,BUY,LIMIT,9969,46
SUBMIT,3812,0,SELL,LIMIT,9974,34
SUBMIT,3813,0,BUY,LIMIT,9969,4
SUBMIT,3814,0,SELL,LIMIT,9973,43
SUBMIT,3815,0,SELL,MARKET,0,42
SUBMIT,3816,0,SELL,LIMIT,9974,21
SUBMIT,3817,0,BUY,MARKET,0,13
SUBMIT,3818,0,SELL,LIMIT,9971,45
SUBMIT,3819,0,SELL,LIMIT,9972,6
MODIFY,3693,0,,,9967,3
MODIFY,3784,0,,,9972,3
SUBMIT,3820,0,SELL,LIMIT,9974,7
SUBMIT,3821,0,BUY,LIMIT,9968,15
SUBMIT,3822,0,SELL,LIMIT,9969,3
SUBMIT,3823,0,BUY,LIMIT,9964,6
SUBMIT,3824,0,SELL,LIMIT,9973,31
SUBMIT,3825,0,BUY,LIMIT,9968,39
SUBMIT,3826,0,BUY,LIMIT,9971,30
SUBMIT,3827,0,SELL,LIMIT,9976,32
SUBMIT,3828,0,SELL,LIMIT,9977,39
SUBMIT,3829,0,BUY,LIMIT,9970,4
MODIFY,3693,0,,,9972,5
MODIFY,3784,0,,,9974,5
CANCEL,2745,0,,,0,0
SUBMIT,3830,0,SELL,LIMIT,9976,7
CANCEL,3146,0,,,0,0
SUBMIT,3831,0,BUY,LIMIT,9971,28
CANCEL,3474,0,,,0,0
SUBMIT,3832,0,SELL,MARKET,0,7
CANCEL,2862,0,,,0,0
CANCEL,2542,0,,,0,0
SUBMIT,3833,0,SELL,LIMIT,9975,5
SUBMIT,3834,0,BUY,MARKET,0,11
SUBMIT,3835,1,BUY,LIMIT,9969,11
MODIFY,3784,0,,,9975,11
SUBMIT,3836,0,BUY,MARKET,0,11
SUBMIT,3837,0,SELL,LIMIT,9974,14
SUBMIT,3838,0,SELL,LIMIT,9975,50
SUBMIT,3839,0,SELL,MARKET,0,42
SUBMIT,3840,0,BUY,MARKET,0,46
SUBMIT,3841,0,BUY,LIMIT,9967,13
SUBMIT,3842,0,BUY,LIMIT,9966,34
SUBMIT,3843,0,SELL,LIMIT,9973,37
SUBMIT,3844,0,SELL,LIMIT,9968,31
CANCEL,2272,0,,,0,0
MODIFY,3835,0,,,9966,17
MODIFY,3784,0,,,9968,17
SUBMIT,3845,0,SELL,LIMIT,9972,2
SUBMIT,3846,0,SELL,LIMIT,9970,25
SUBMIT,3847,0,BUY,LIMIT,9964,29
CANCEL,2336,0,,,0,0
CANCEL,1939,0,,,0,0
SUBMIT,3848,0,SELL,MARKET,0,44
CANCEL,3726,0,,,0,0
SUBMIT,3849,0,BUY,LIMIT,9960,21
SUBMIT,3850,0,BUY,MARKET,0,22
CANCEL,3638,0,,,0,0
MODIFY,3835,0,,,9962,4
SUBMIT,3851,1,SELL,LIMIT,9968,4
CANCEL,2007,0,,,0,0
SUBMIT,3852,0,BUY,LIMIT,9961,16
SUBMIT,3853,0,SELL,LIMIT,9968,23
CANCEL,3722,0,,,0,0
SUBMIT,3854,0,BUY,LIMIT,9960,19
SUBMIT,3855,0,SELL,LIMIT,9969,19
SUBMIT,3856,0,SELL,LIMIT,9971,35
CANCEL,2890,0,,,0,0
SUBMIT,3857,0,SELL,LIMIT,9968,42
CANCEL,3599,0,,,0,0
MODIFY,3835,0,,,9964,12
SUBMIT,3858,1,SELL,LIMIT,9969,12
SUBMIT,3859,0,SELL,MARKET,0,25
SUBMIT,3860,0,BUY,LIMIT,9962,22
SUBMIT,3861,0,SELL,LIMIT,9968,25
CANCEL,3812,0,,,0,0
CANCEL,3001,0,,,0,0
SUBMIT,3862,0,SELL,LIMIT,9969,11
SUBMIT,3863,0,SELL,MARKET,0,7
SUBMIT,3864,0,BUY,LIMIT,9962,24
SUBMIT,3865,0,BUY,MARKET,0,43
SUBMIT,3866,0,BUY,MARKET,0,14
MODIFY,3835,0,,,9965,13
SUBMIT,3867,1,SELL,LIMIT,9967,13
SUBMIT,3868,0,BUY,LIMIT,9961,49
SUBMIT,3869,0,SELL,LIMIT,9966,44
SUBMIT,3870,0,BUY,LIMIT,9963,20
SUBMIT,3871,0,SELL,LIMIT,9969,21
SUBMIT,3872,0,SELL,LIMIT,9968,4
SUBMIT,3873,0,SELL,LIMIT,9970,6
SUBMIT,3874,0,SELL,LIMIT,9969,32
CANCEL,3825,0,,,0,0
CANCEL,1848,0,,,0,0
SUBMIT,3875,0,BUY,LIMIT,9962,18
MODIFY,3835,0,,,9964,2
SUBMIT,3876,1,SELL,LIMIT,9967,2
CANCEL,2436,0,,,0,0
SUBMIT,3877,0,BUY,LIMIT,9963,39
SUBMIT,3878,0,BUY,MARKET,0,29
CANCEL,2207,0,,,0,0
CANCEL,3002,0,,,0,0
CANCEL,2291,0,,,0,0
CANCEL,3399,0,,,0,0
CANCEL,1937,0,,,0,0
SUBMIT,3879,0,BUY,LIMIT,9966,26
SUBMIT,3880,0,BUY,MARKET,0,38
MODIFY,3835,0,,,9964,5
SUBMIT,3881,1,SELL,LIMIT,9970,5
CANCEL,3667,0,,,0,0
SUBMIT,3882,0,SELL,LIMIT,9970,49
SUBMIT,3883,0,BUY,LIMIT,9965,7
SUBMIT,3884,0,BUY,LIMIT,9963,11
SUBMIT,3885,0,SELL,LIMIT,9968,1
SUBMIT,3886,0,SELL,LIMIT,9968,12
SUBMIT,3887,0,SELL,LIMIT,9971,31
CANCEL,3641,0,,,0,0
CANCEL,3535,0,,,0,0
CANCEL,726,0,,,0,0
MODIFY,3835,0,,,9965,6
SUBMIT,3888,1,SELL,LIMIT,9968,6
SUBMIT,3889,0,SELL,LIMIT,9966,49
CANCEL,2934,0,,,0,0
SUBMIT,3890,0,BUY,MARKET,0,20
CANCEL,858,0,,,0,0
SUBMIT,3891,0,BUY,MARKET,0,1
SUBMIT,3892,0,BUY,LIMIT,9962,16
CANCEL,2261,0,,,0,0
SUBMIT,3893,0,BUY,LIMIT,9961,2
SUBMIT,3894,0,SELL,LIMIT,9967,18
SUBMIT,3895,0,BUY,MARKET,0,20
MODIFY,3835,0,,,9964,8
SUBMIT,3896,1,SELL,LIMIT,9968,8
SUBMIT,3897,0,BUY,LIMIT,9962,29
CANCEL,3381,0,,,0,0
SUBMIT,3898,0,BUY,LIMIT,9963,22
SUBMIT,3899,0,BUY,LIMIT,9964,32
CANCEL,3708,0,,,0,0
SUBMIT,3900,0,SELL,LIMIT,9967,14
SUBMIT,3901,0,BUY,LIMIT,9963,19
CANCEL,3892,0,,,0,0
SUBMIT,3902,0,BUY,LIMIT,9959,20
SUBMIT,3903,0,SELL,MARKET,0,26
MODIFY,3835,0,,,9960,5
SUBMIT,3904,1,SELL,LIMIT,9965,5
SUBMIT,3905,0,SELL,LIMIT,9965,31
CANCEL,3277,0,,,0,0
SUBMIT,3906,0,SELL,LIMIT,9964,23
SUBMIT,3907,0,BUY,LIMIT,9959,38
CANCEL,3143,0,,,0,0
CANCEL,2704,0,,,0,0
CANCEL,3827,0,,,0,0
SUBMIT,3908,0,SELL,LIMIT,9963,35
SUBMIT,3909,0,BUY,LIMIT,9960,1
CANCEL,3626,0,,,0,0
MODIFY,3835,0,,,9960,16
SUBMIT,3910,1,SELL,LIMIT,9964,16
CANCEL,2933,0,,,0,0
SUBMIT,3911,0,SELL,LIMIT,9963,39
SUBMIT,3912,0,SELL,MARKET,0,41
CANCEL,2281,0,,,0,0
CANCEL,3649,0,,,0,0
SUBMIT,3913,0,SELL,LIMIT,9963,34
SUBMIT,3914,0,SELL,LIMIT,9961,42
SUBMIT,3915,0,BUY,LIMIT,9956,19
SUBMIT,3916,0,BUY,LIMIT,9958,19
CANCEL,1293,0,,,0,0
MODIFY,3835,0,,,9959,1
SUBMIT,3917,1,SELL,LIMIT,9962,1
SUBMIT,3918,0,BUY,MARKET,0,50
SUBMIT,3919,0,BUY,LIMIT,9960,31
SUBMIT,3920,0,BUY,LIMIT,9959,36
SUBMIT,3921,0,BUY,LIMIT,9955,6
SUBMIT,3922,0,BUY,LIMIT,9955,11
SUBMIT,3923,0,BUY,LIMIT,9958,20
SUBMIT,3924,0,SELL,LIMIT,9963,31
CANCEL,1835,0,,,0,0
CANCEL,3731,0,,,0,0
CANCEL,2848,0,,,0,0
MODIFY,3835,0,,,9958,11
SUBMIT,3925,1,SELL,LIMIT,9963,11
SUBMIT,3926,0,SELL,MARKET,0,26
CANCEL,3665,0,,,0,0
SUBMIT,3927,0,BUY,LIMIT,9955,35
CANCEL,3023,0,,,0,0
CANCEL,2280,0,,,0,0
SUBMIT,3928,0,SELL,LIMIT,9963,46
SUBMIT,3929,0,SELL,LIMIT,9962,14
CANCEL,1531,0,,,0,0
CANCEL,2517,0,,,0,0
SUBMIT,3930,0,BUY,LIMIT,9958,25
MODIFY,3835,0,,,9958,1
SUBMIT,3931,1,SELL,LIMIT,9961,1
CANCEL,3783,0,,,0,0
SUBMIT,3932,0,SELL,MARKET,0,43
SUBMIT,3933,0,BUY,LIMIT,9954,49
CANCEL,2442,0,,,0,0
SUBMIT,3934,0,SELL,MARKET,0,43
SUBMIT,3935,0,SELL,LIMIT,9956,2
SUBMIT,3936,0,SELL,LIMIT,9956,50
SUBMIT,3937,0,SELL,LIMIT,9957,41
CANCEL,3730,0,,,0,0
CANCEL,3229,0,,,0,0
MODIFY,3835,0,,,9953,7
SUBMIT,3938,1,SELL,LIMIT,9957,7
CANCEL,3645,0,,,0,0
SUBMIT,3939,0,BUY,MARKET,0,44
SUBMIT,3940,0,BUY,LIMIT,9953,45
SUBMIT,3941,0,BUY,LIMIT,9956,33
SUBMIT,3942,0,SELL,LIMIT,9957,48
SUBMIT,3943,0,SELL,LIMIT,9961,44
SUBMIT,3944,0,SELL,LIMIT,9958,43
SUBMIT,3945,0,BUY,LIMIT,9951,40
SUBMIT,3946,0,BUY,LIMIT,9954,32
SUBMIT,3947,0,BUY,LIMIT,9949,31
MODIFY,3835,0,,,9952,3
SUBMIT,3948,1,SELL,LIMIT,9955,3
SUBMIT,3949,0,BUY,LIMIT,9954,6
SUBMIT,3950,0,BUY,LIMIT,9951,11
SUBMIT,3951,0,SELL,LIMIT,9958,48
SUBMIT,3952,0,SELL,MARKET,0,41
CANCEL,3676,0,,,0,0
SUBMIT,3953,0,SELL,LIMIT,9956,34
SUBMIT,3954,0,BUY,LIMIT,9951,4
SUBMIT,3955,0,BUY,LIMIT,9951,21
CANCEL,2972,0,,,0,0
SUBMIT,3956,0,SELL,LIMIT,9956,21
MODIFY,3835,0,,,9951,19
SUBMIT,3957,1,SELL,LIMIT,9955,19
CANCEL,3729,0,,,0,0
SUBMIT,3958,0,SELL,LIMIT,9957,2
SUBMIT,3959,0,SELL,LIMIT,9956,34
CANCEL,2996,0,,,0,0
SUBMIT,3960,0,BUY,LIMIT,9949,1
SUBMIT,3961,0,BUY,LIMIT,9951,20
CANCEL,3760,0,,,0,0
CANCEL,3025,0,,,0,0
SUBMIT,3962,0,SELL,LIMIT,9955,49
CANCEL,3623,0,,,0,0
MODIFY,3835,0,,,9950,3
SUBMIT,3963,1,SELL,LIMIT,9955,3
CANCEL,3624,0,,,0,0
CANCEL,862,0,,,0,0
SUBMIT,3964,0,SELL,LIMIT,9954,32
SUBMIT,3965,0,SELL,MARKET,0,5
SUBMIT,3966,0,BUY,MARKET,0,25
SUBMIT,3967,0,SELL,LIMIT,9957,4
SUBMIT,3968,0,SELL,MARKET,0,20
CANCEL,2963,0,,,0,0
SUBMIT,3969,0,BUY,LIMIT,9951,21
SUBMIT,3970,0,SELL,LIMIT,9958,22
MODIFY,3835,0,,,9951,3
SUBMIT,3971,1,SELL,LIMIT,9955,3
CANCEL,1966,0,,,0,0
CANCEL,3581,0,,,0,0
CANCEL,3732,0,,,0,0
SUBMIT,3972,0,BUY,LIMIT,9952,31
SUBMIT,3973,0,SELL,LIMIT,9956,42
SUBMIT,3974,0,SELL,LIMIT,9955,6
CANCEL,3085,0,,,0,0
SUBMIT,3975,0,SELL,LIMIT,9955,19
SUBMIT,3976,0,SELL,MARKET,0,32
SUBMIT,3977,0,BUY,MARKET,0,49
MODIFY,3835,0,,,9951,9
SUBMIT,3978,1,SELL,LIMIT,9954,9
CANCEL,3675,0,,,0,0
SUBMIT,3979,0,BUY,LIMIT,9947,47
CANCEL,3217,0,,,0,0
SUBMIT,3980,0,SELL,LIMIT,9956,15
SUBMIT,3981,0,SELL,LIMIT,9955,11
SUBMIT,3982,0,SELL,LIMIT,9957,27
SUBMIT,3983,0,SELL,MARKET,0,11
SUBMIT,3984,0,BUY,LIMIT,9949,34
CANCEL,1413,0,,,0,0
SUBMIT,3985,0,BUY,MARKET,0,22
MODIFY,3835,0,,,9948,13
SUBMIT,3986,1,SELL,LIMIT,9952,13
SUBMIT,3987,0,BUY,LIMIT,9946,2
CANCEL,2452,0,,,0,0
SUBMIT,3988,0,BUY,LIMIT,9949,50
CANCEL,489,0,,,0,0
CANCEL,1658,0,,,0,0
SUBMIT,3989,0,BUY,MARKET,0,9
SUBMIT,3990,0,SELL,LIMIT,9954,36
SUBMIT,3991,0,SELL,LIMIT,9954,35
SUBMIT,3992,0,BUY,LIMIT,9947,1
SUBMIT,3993,0,BUY,LIMIT,9946,3
MODIFY,3835,0,,,9950,20
SUBMIT,3994,1,SELL,LIMIT,9952,20
CANCEL,2881,0,,,0,0
SUBMIT,3995,0,SELL,LIMIT,9956,38
SUBMIT,3996,0,BUY,LIMIT,9946,36
CANCEL,3168,0,,,0,0
CANCEL,2864,0,,,0,0
SUBMIT,3997,0,BUY,LIMIT,9946,6
CANCEL,2683,0,,,0,0
SUBMIT,3998,0,SELL,MARKET,0,31
CANCEL,3720,0,,,0,0
SUBMIT,3999,0,SELL,MARKET,0,42
MODIFY,3835,0,,,9948,3
SUBMIT,4000,1,SELL,LIMIT,9951,3
SUBMIT,4001,0,BUY,LIMIT,9949,22
SUBMIT,4002,0,BUY,LIMIT,9949,29
SUBMIT,4003,0,BUY,LIMIT,9949,30
SUBMIT,4004,0,SELL,LIMIT,9951,32
SUBMIT,4005,0,BUY,LIMIT,9949,7
CANCEL,3587,0,,,0,0
SUBMIT,4006,0,SELL,MARKET,0,32
SUBMIT,4007,0,BUY,LIMIT,9950,1
SUBMIT,4008,0,SELL,LIMIT,9952,44
SUBMIT,4009,0,BUY,LIMIT,9947,7
MODIFY,3835,0,,,9950,4
SUBMIT,4010,1,SELL,LIMIT,9954,4
CANCEL,3767,0,,,0,0
SUBMIT,4011,0,SELL,LIMIT,9953,27
SUBMIT,4012,0,BUY,MARKET,0,33
SUBMIT,4013,0,SELL,LIMIT,9954,32
SUBMIT,4014,0,SELL,MARKET,0,29
SUBMIT,4015,0,BUY,LIMIT,9950,9
SUBMIT,4016,0,BUY,MARKET,0,30
SUBMIT,4017,0,SELL,LIMIT,9956,44
SUBMIT,4018,0,SELL,LIMIT,9953,19
CANCEL,3754,0,,,0,0
MODIFY,3835,0,,,9949,19
SUBMIT,4019,1,SELL,LIMIT,9955,19
SUBMIT,4020,0,BUY,LIMIT,9949,32
CANCEL,2178,0,,,0,0
SUBMIT,4021,0,SELL,LIMIT,9955,48
SUBMIT,4022,0,SELL,LIMIT,9953,38
SUBMIT,4023,0,SELL,LIMIT,9955,27
SUBMIT,4024,0,BUY,LIMIT,9953,18
CANCEL,2472,0,,,0,0
SUBMIT,4025,0,SELL,MARKET,0,46
SUBMIT,4026,0,SELL,LIMIT,9956,7
SUBMIT,4027,0,SELL,LIMIT,9955,14
MODIFY,3835,0,,,9953,15
SUBMIT,4028,1,SELL,LIMIT,9957,15
CANCEL,2894,0,,,0,0
SUBMIT,4029,0,BUY,LIMIT,9950,45
SUBMIT,4030,0,SELL,LIMIT,9957,7
CANCEL,1821,0,,,0,0
CANCEL,3686,0,,,0,0
SUBMIT,4031,0,SELL,LIMIT,9958,39
SUBMIT,4032,0,SELL,MARKET,0,41
SUBMIT,4033,0,BUY,LIMIT,9953,21
SUBMIT,4034,0,SELL,LIMIT,9960,13
CANCEL,3505,0,,,0,0
MODIFY,3835,0,,,9952,14
SUBMIT,4035,1,SELL,LIMIT,9957,14
CANCEL,3100,0,,,0,0
CANCEL,3685,0,,,0,0
SUBMIT,4036,0,SELL,LIMIT,9958,29
SUBMIT,4037,0,SELL,LIMIT,9955,34
SUBMIT,4038,0,BUY,LIMIT,9949,25
SUBMIT,4039,0,SELL,LIMIT,9958,45
SUBMIT,4040,0,SELL,MARKET,0,46
CANCEL,1957,0,,,0,0
CANCEL,2899,0,,,0,0
CANCEL,2962,0,,,0,0
MODIFY,3835,0,,,9952,12
SUBMIT,4041,1,SELL,LIMIT,9955,12
SUBMIT,4042,0,SELL,LIMIT,9956,9
SUBMIT,4043,0,BUY,LIMIT,9951,7
SUBMIT,4044,0,BUY,LIMIT,9953,50
CANCEL,3833,0,,,0,0
SUBMIT,4045,0,BUY,LIMIT,9949,39
CANCEL,691,0,,,0,0
SUBMIT,4046,0,BUY,LIMIT,9950,11
SUBMIT,4047,0,SELL,LIMIT,9957,48
CANCEL,3916,0,,,0,0
SUBMIT,4048,0,BUY,LIMIT,9950,38
MODIFY,3835,0,,,9950,13
SUBMIT,4049,1,SELL,LIMIT,9955,13
SUBMIT,4050,0,BUY,LIMIT,9951,2
SUBMIT,4051,0,SELL,LIMIT,9955,13
SUBMIT,4052,0,SELL,LIMIT,9954,35
SUBMIT,4053,0,BUY,LIMIT,9953,27
SUBMIT,4054,0,SELL,MARKET,0,33
SUBMIT,4055,0,BUY,MARKET,0,4
SUBMIT,4056,0,BUY,LIMIT,9951,48
SUBMIT,4057,0,BUY,LIMIT,9951,31
SUBMIT,4058,0,BUY,LIMIT,9949,20
CANCEL,1887,0,,,0,0
MODIFY,3835,0,,,9952,2
SUBMIT,4059,1,SELL,LIMIT,9955,2
SUBMIT,4060,0,BUY,MARKET,0,18
SUBMIT,4061,0,SELL,LIMIT,9959,22
CANCEL,2712,0,,,0,0
SUBMIT,4062,0,SELL,MARKET,0,47
SUBMIT,4063,0,SELL,LIMIT,9961,41
SUBMIT,4064,0,BUY,LIMIT,9953,8
SUBMIT,4065,0,SELL,MARKET,0,15
CANCEL,3820,0,,,0,0
CANCEL,3816,0,,,0,0
SUBMIT,4066,0,BUY,LIMIT,9952,31
MODIFY,3835,0,,,9954,11
SUBMIT,4067,1,SELL,LIMIT,9959,11
CANCEL,2673,0,,,0,0
SUBMIT,4068,0,BUY,LIMIT,9953,28
SUBMIT,4069,0,BUY,LIMIT,9954,12
SUBMIT,4070,0,SELL,MARKET,0,25
SUBMIT,4071,0,BUY,LIMIT,9953,24
SUBMIT,4072,0,BUY,LIMIT,9950,13
SUBMIT,4073,0,BUY,LIMIT,9952,26
SUBMIT,4074,0,BUY,LIMIT,9951,6
SUBMIT,4075,0,BUY,LIMIT,9951,30
CANCEL,4003,0,,,0,0
MODIFY,3835,0,,,9953,19
SUBMIT,4076,1,SELL,LIMIT,9958,19
SUBMIT,4077,0,SELL,LIMIT,9960,14
SUBMIT,4078,0,SELL,LIMIT,9961,48
CANCEL,3187,0,,,0,0
SUBMIT,4079,0,BUY,LIMIT,9954,8
SUBMIT,4080,0,SELL,LIMIT,9957,18
SUBMIT,4081,0,SELL,LIMIT,9958,45
SUBMIT,4082,0,BUY,LIMIT,9955,41
CANCEL,2063,0,,,0,0
SUBMIT,4083,0,BUY,LIMIT,9951,41
CANCEL,1930,0,,,0,0
MODIFY,3835,0,,,9953,18
SUBMIT,4084,1,SELL,LIMIT,9958,18
SUBMIT,4085,0,SELL,LIMIT,9957,21
SUBMIT,4086,0,BUY,MARKET,0,31
SUBMIT,4087,0,SELL,LIMIT,9958,30
SUBMIT,4088,0,BUY,LIMIT,9951,50
CANCEL,1842,0,,,0,0
CANCEL,2870,0,,,0,0
SUBMIT,4089,0,SELL,LIMIT,9957,35
SUBMIT,4090,0,SELL,MARKET,0,32
SUBMIT,4091,0,SELL,LIMIT,9958,31
CANCEL,3791,0,,,0,0
MODIFY,3835,0,,,9953,13
SUBMIT,4092,1,SELL,LIMIT,9956,13
SUBMIT,4093,0,BUY,LIMIT,9952,4
CANCEL,2708,0,,,0,0
SUBMIT,4094,0,SELL,MARKET,0,39
SUBMIT,4095,0,SELL,LIMIT,9956,25
SUBMIT,4096,0,SELL,MARKET,0,13
SUBMIT,4097,0,BUY,LIMIT,9949,6
SUBMIT,4098,0,BUY,LIMIT,9952,9
SUBMIT,4099,0,SELL,LIMIT,9958,10
SUBMIT,4100,0,BUY,MARKET,0,24
CANCEL,3940,0,,,0,0
MODIFY,3835,0,,,9953,1
SUBMIT,4101,1,SELL,LIMIT,9956,1
SUBMIT,4102,0,SELL,LIMIT,9959,2
SUBMIT,4103,0,SELL,MARKET,0,34
CANCEL,4102,0,,,0,0
SUBMIT,4104,0,SELL,LIMIT,9954,37
SUBMIT,4105,0,BUY,MARKET,0,17
SUBMIT,4106,0,BUY,LIMIT,9949,12
SUBMIT,4107,0,BUY,LIMIT,9951,46
CANCEL,2255,0,,,0,0
SUBMIT,4108,0,SELL,LIMIT,9954,38
SUBMIT,4109,0,BUY,LIMIT,9948,49
MODIFY,3835,0,,,9950,18
SUBMIT,4110,1,SELL,LIMIT,9954,18
CANCEL,2543,0,,,0,0
CANCEL,2115,0,,,0,0
CANCEL,3454,0,,,0,0
CANCEL,1390,0,,,0,0
CANCEL,3609,0,,,0,0
CANCEL,3642,0,,,0,0
CANCEL,1352,0,,,0,0
SUBMIT,4111,0,BUY,LIMIT,9945,35
SUBMIT,4112,0,SELL,LIMIT,9953,24
SUBMIT,4113,0,SELL,LIMIT,9954,40
MODIFY,3835,0,,,9947,11
SUBMIT,4114,1,SELL,LIMIT,9950,11
SUBMIT,4115,0,SELL,LIMIT,9950,18
SUBMIT,4116,0,BUY,LIMIT,9946,31
SUBMIT,4117,0,BUY,LIMIT,9943,15
SUBMIT,4118,0,SELL,LIMIT,9949,16
SUBMIT,4119,0,SELL,LIMIT,9954,30
SUBMIT,4120,0,SELL,LIMIT,9952,23
SUBMIT,4121,0,BUY,LIMIT,9949,5
SUBMIT,4122,0,BUY,LIMIT,9946,42
CANCEL,3821,0,,,0,0
SUBMIT,4123,0,BUY,MARKET,0,41
MODIFY,3835,0,,,9949,9
SUBMIT,4124,1,SELL,LIMIT,9953,9
SUBMIT,4125,0,SELL,LIMIT,9955,41
CANCEL,921,0,,,0,0
CANCEL,2661,0,,,0,0
CANCEL,3811,0,,,0,0
SUBMIT,4126,0,BUY,LIMIT,9945,17
SUBMIT,4127,0,BUY,LIMIT,9950,45
SUBMIT,4128,0,BUY,LIMIT,9950,35
CANCEL,3648,0,,,0,0
CANCEL,2907,0,,,0,0
SUBMIT,4129,0,SELL,LIMIT,9954,23
MODIFY,3835,0,,,9948,10
SUBMIT,4130,1,SELL,LIMIT,9952,10
CANCEL,3120,0,,,0,0
SUBMIT,4131,0,SELL,LIMIT,9952,16
SUBMIT,4132,0,BUY,LIMIT,9946,32
SUBMIT,4133,0,SELL,LIMIT,9953,6
SUBMIT,4134,0,BUY,LIMIT,9948,47
CANCEL,2788,0,,,0,0
SUBMIT,4135,0,BUY,LIMIT,9948,43
SUBMIT,4136,0,SELL,LIMIT,9951,28
CANCEL,2122,0,,,0,0
SUBMIT,4137,0,SELL,LIMIT,9955,43
MODIFY,3835,0,,,9948,7
SUBMIT,4138,1,SELL,LIMIT,9952,7
SUBMIT,4139,0,BUY,LIMIT,9945,24
SUBMIT,4140,0,SELL,LIMIT,9954,10
SUBMIT,4141,0,SELL,LIMIT,9951,33
CANCEL,3177,0,,,0,0
SUBMIT,4142,0,SELL,LIMIT,9952,6
SUBMIT,4143,0,BUY,LIMIT,9946,40
SUBMIT,4144,0,BUY,MARKET,0,30
SUBMIT,4145,0,SELL,LIMIT,9949,49
SUBMIT,4146,0,SELL,LIMIT,9950,22
CANCEL,766,0,,,0,0
MODIFY,3835,0,,,9945,10
SUBMIT,4147,1,SELL,LIMIT,9950,10
SUBMIT,4148,0,BUY,LIMIT,9944,1
SUBMIT,4149,0,BUY,MARKET,0,20
SUBMIT,4150,0,BUY,LIMIT,9942,1
CANCEL,2928,0,,,0,0
CANCEL,2465,0,,,0,0
SUBMIT,4151,0,BUY,LIMIT,9945,2
SUBMIT,4152,0,BUY,LIMIT,9945,17
SUBMIT,4153,0,SELL,LIMIT,9950,29
CANCEL,2697,0,,,0,0
SUBMIT,4154,0,BUY,LIMIT,9946,30
MODIFY,3835,0,,,9944,9
SUBMIT,4155,1,SELL,LIMIT,9948,9
SUBMIT,4156,0,SELL,LIMIT,9948,30
SUBMIT,4157,0,BUY,MARKET,0,48
SUBMIT,4158,0,BUY,LIMIT,9946,44
CANCEL,3747,0,,,0,0
SUBMIT,4159,0,BUY,MARKET,0,25
SUBMIT,4160,0,SELL,LIMIT,9953,23
SUBMIT,4161,0,BUY,LIMIT,9945,29
SUBMIT,4162,0,BUY,LIMIT,9947,18
SUBMIT,4163,0,SELL,MARKET,0,6
SUBMIT,4164,0,BUY,LIMIT,9947,34
MODIFY,3835,0,,,9946,3
SUBMIT,4165,1,SELL,LIMIT,9949,3
SUBMIT,4166,0,SELL,LIMIT,9954,42
SUBMIT,4167,0,BUY,LIMIT,9946,50
SUBMIT,4168,0,SELL,LIMIT,9955,26
SUBMIT,4169,0,SELL,LIMIT,9952,41
SUBMIT,4170,0,SELL,LIMIT,9953,19
SUBMIT,4171,0,BUY,LIMIT,9948,27
CANCEL,3202,0,,,0,0
CANCEL,2253,0,,,0,0
SUBMIT,4172,0,SELL,LIMIT,9953,14
CANCEL,2228,0,,,0,0
MODIFY,3835,0,,,9948,11
SUBMIT,4173,1,SELL,LIMIT,9954,11
SUBMIT,4174,0,BUY,LIMIT,9949,4
SUBMIT,4175,0,BUY,LIMIT,9950,42
SUBMIT,4176,0,SELL,LIMIT,9955,44
SUBMIT,4177,0,SELL,LIMIT,9954,21
SUBMIT,4178,0,BUY,LIMIT,9950,9
SUBMIT,4179,0,SELL,LIMIT,9952,21
SUBMIT,4180,0,SELL,MARKET,0,48
SUBMIT,4181,0,SELL,LIMIT,9952,42
SUBMIT,4182,0,SELL,LIMIT,9950,1
CANCEL,2876,0,,,0,0
MODIFY,3835,0,,,9947,20
MODIFY,4173,0,,,9952,20
SUBMIT,4183,0,BUY,LIMIT,9946,44
SUBMIT,4184,0,BUY,LIMIT,9948,47
CANCEL,3195,0,,,0,0
SUBMIT,4185,0,SELL,LIMIT,9951,33
CANCEL,4097,0,,,0,0
CANCEL,4177,0,,,0,0
SUBMIT,4186,0,SELL,LIMIT,9951,10
CANCEL,2997,0,,,0,0
SUBMIT,4187,0,SELL,LIMIT,9952,33
SUBMIT,4188,0,SELL,LIMIT,9951,35
MODIFY,3835,0,,,9946,9
MODIFY,4173,0,,,9951,9
SUBMIT,4189,0,SELL,LIMIT,9950,12
CANCEL,2702,0,,,0,0
CANCEL,1561,0,,,0,0
SUBMIT,4190,0,SELL,LIMIT,9951,19
CANCEL,3240,0,,,0,0
SUBMIT,4191,0,SELL,LIMIT,9952,2
SUBMIT,4192,0,SELL,LIMIT,9948,8
SUBMIT,4193,0,SELL,LIMIT,9950,14
SUBMIT,4194,0,BUY,LIMIT,9945,25
CANCEL,3445,0,,,0,0
MODIFY,3835,0,,,9945,5
SUBMIT,4195,1,SELL,LIMIT,9951,5
SUBMIT,4196,0,BUY,LIMIT,9942,39
CANCEL,4069,0,,,0,0
SUBMIT,4197,0,BUY,LIMIT,9946,49
CANCEL,3127,0,,,0,0
SUBMIT,4198,0,BUY,LIMIT,9942,48
SUBMIT,4199,0,SELL,LIMIT,9952,31
SUBMIT,4200,0,SELL,LIMIT,9950,27
CANCEL,3184,0,,,0,0
CANCEL,4044,0,,,0,0
SUBMIT,4201,0,SELL,LIMIT,9950,22
MODIFY,3835,0,,,9944,20
SUBMIT,4202,1,SELL,LIMIT,9947,20
CANCEL,3663,0,,,0,0
CANCEL,3860,0,,,0,0
SUBMIT,4203,0,BUY,LIMIT,9943,19
CANCEL,2888,0,,,0,0
SUBMIT,4204,0,BUY,LIMIT,9941,28
CANCEL,1150,0,,,0,0
SUBMIT,4205,0,SELL,LIMIT,9946,35
SUBMIT,4206,0,SELL,LIMIT,9948,48
SUBMIT,4207,0,SELL,LIMIT,9945,12
SUBMIT,4208,0,SELL,LIMIT,9949,50
MODIFY,3835,0,,,9943,3
SUBMIT,4209,1,SELL,LIMIT,9947,3
CANCEL,3391,0,,,0,0
SUBMIT,4210,0,SELL,MARKET,0,47
CANCEL,3593,0,,,0,0
SUBMIT,4211,0,BUY,MARKET,0,19
SUBMIT,4212,0,SELL,LIMIT,9945,6
CANCEL,3448,0,,,0,0
SUBMIT,4213,0,BUY,LIMIT,9939,47
SUBMIT,4214,0,BUY,LIMIT,9941,26
SUBMIT,4215,0,SELL,LIMIT,9949,30
CANCEL,1313,0,,,0,0
MODIFY,3835,0,,,9943,2
SUBMIT,4216,1,SELL,LIMIT,9946,2
SUBMIT,4217,0,BUY,LIMIT,9942,32
SUBMIT,4218,0,SELL,LIMIT,9947,12
SUBMIT,4219,0,BUY,LIMIT,9940,32
CANCEL,2043,0,,,0,0
CANCEL,3275,0,,,0,0
SUBMIT,4220,0,BUY,LIMIT,9942,13
CANCEL,3039,0,,,0,0
SUBMIT,4221,0,SELL,LIMIT,9948,39
SUBMIT,4222,0,SELL,LIMIT,9945,1
SUBMIT,4223,0,BUY,LIMIT,9939,10
MODIFY,3835,0,,,9942,12
SUBMIT,4224,1,SELL,LIMIT,9945,12
SUBMIT,4225,0,BUY,MARKET,0,30
CANCEL,4121,0,,,0,0
SUBMIT,4226,0,SELL,LIMIT,9947,16
SUBMIT,4227,0,BUY,MARKET,0,28
SUBMIT,4228,0,BUY,MARKET,0,18
CANCEL,2372,0,,,0,0
SUBMIT,4229,0,SELL,LIMIT,9947,35
CANCEL,3651,0,,,0,0
SUBMIT,4230,0,SELL,LIMIT,9949,20
SUBMIT,4231,0,SELL,LIMIT,9950,44
MODIFY,3835,0,,,9944,9
SUBMIT,4232,1,SELL,LIMIT,9949,9
CANCEL,3662,0,,,0,0
CANCEL,3884,0,,,0,0
SUBMIT,4233,0,SELL,LIMIT,9947,13
SUBMIT,4234,0,SELL,LIMIT,9947,7
SUBMIT,4235,0,SELL,LIMIT,9948,13
CANCEL,3716,0,,,0,0
SUBMIT,4236,0,SELL,LIMIT,9952,31
CANCEL,3735,0,,,0,0
SUBMIT,4237,0,SELL,MARKET,0,16
CANCEL,2853,0,,,0,0
MODIFY,3835,0,,,9944,4
SUBMIT,4238,1,SELL,LIMIT,9948,4
SUBMIT,4239,0,SELL,LIMIT,9949,28
CANCEL,1632,0,,,0,0
CANCEL,3842,0,,,0,0
CANCEL,1906,0,,,0,0
SUBMIT,4240,0,BUY,MARKET,0,23
SUBMIT,4241,0,SELL,LIMIT,9952,31
SUBMIT,4242,0,SELL,LIMIT,9948,30
CANCEL,3898,0,,,0,0
SUBMIT,4243,0,BUY,LIMIT,9945,41
SUBMIT,4244,0,SELL,MARKET,0,35
MODIFY,3835,0,,,9945,17
SUBMIT,4245,1,SELL,LIMIT,9951,17
SUBMIT,4246,0,BUY,LIMIT,9946,18
SUBMIT,4247,0,BUY,LIMIT,9945,15
SUBMIT,4248,0,BUY,LIMIT,9945,25
SUBMIT,4249,0,BUY,MARKET,0,50
SUBMIT,4250,0,SELL,MARKET,0,30
SUBMIT,4251,0,SELL,MARKET,0,31
SUBMIT,4252,0,BUY,LIMIT,9948,15
CANCEL,2927,0,,,0,0
SUBMIT,4253,0,BUY,MARKET,0,32
SUBMIT,4254,0,BUY,MARKET,0,43
MODIFY,3835,0,,,9949,17
SUBMIT,4255,1,SELL,LIMIT,9952,17
SUBMIT,4256,0,BUY,MARKET,0,44
SUBMIT,4257,0,BUY,MARKET,0,27
SUBMIT,4258,0,BUY,LIMIT,9944,28
SUBMIT,4259,0,BUY,LIMIT,9946,29
CANCEL,2499,0,,,0,0
SUBMIT,4260,0,SELL,MARKET,0,47
SUBMIT,4261,0,SELL,LIMIT,9952,20
SUBMIT,4262,0,SELL,LIMIT,9951,48
SUBMIT,4263,0,SELL,LIMIT,9955,37
SUBMIT,4264,0,SELL,MARKET,0,33
SUBMIT,4265,1,BUY,LIMIT,9949,10
SUBMIT,4266,1,SELL,LIMIT,9953,10
SUBMIT,4267,0,BUY,LIMIT,9946,33
SUBMIT,4268,0,BUY,LIMIT,9949,31
SUBMIT,4269,0,BUY,MARKET,0,10
SUBMIT,4270,0,SELL,LIMIT,9952,44
CANCEL,2112,0,,,0,0
SUBMIT,4271,0,BUY,LIMIT,9948,33
SUBMIT,4272,0,BUY,MARKET,0,32
SUBMIT,4273,0,SELL,LIMIT,9952,33
CANCEL,3949,0,,,0,0
CANCEL,4162,0,,,0,0
MODIFY,4265,0,,,9946,11
MODIFY,4266,0,,,9950,11
SUBMIT,4274,0,SELL,LIMIT,9955,20
SUBMIT,4275,0,BUY,LIMIT,9947,5
SUBMIT,4276,0,BUY,LIMIT,9945,10
CANCEL,3723,0,,,0,0
SUBMIT,4277,0,BUY,MARKET,0,35
SUBMIT,4278,0,SELL,LIMIT,9950,2
SUBMIT,4279,0,SELL,LIMIT,9952,37
SUBMIT,4280,0,BUY,LIMIT,9947,14
SUBMIT,4281,0,SELL,LIMIT,9953,7
SUBMIT,4282,0,SELL,LIMIT,9952,33
MODIFY,4265,0,,,9947,17
SUBMIT,4283,1,SELL,LIMIT,9951,17
SUBMIT,4284,0,BUY,LIMIT,9948,45
CANCEL,3183,0,,,0,0
SUBMIT,4285,0,SELL,LIMIT,9950,33
SUBMIT,4286,0,SELL,LIMIT,9951,20
SUBMIT,4287,0,SELL,LIMIT,9955,38
CANCEL,4122,0,,,0,0
CANCEL,3549,0,,,0,0
CANCEL,507,0,,,0,0
SUBMIT,4288,0,BUY,MARKET,0,29
CANCEL,2027,0,,,0,0
MODIFY,4265,0,,,9947,13
MODIFY,4283,0,,,9949,13
SUBMIT,4289,0,BUY,LIMIT,9943,6
SUBMIT,4290,0,SELL,LIMIT,9953,14
CANCEL,3728,0,,,0,0
CANCEL,2478,0,,,0,0
SUBMIT,4291,0,SELL,LIMIT,9950,3
SUBMIT,4292,0,SELL,LIMIT,9948,34
SUBMIT,4293,0,BUY,LIMIT,9944,43
CANCEL,1714,0,,,0,0
SUBMIT,4294,0,SELL,MARKET,0,7
SUBMIT,4295,0,SELL,LIMIT,9951,10
MODIFY,4265,0,,,9944,12
SUBMIT,4296,1,SELL,LIMIT,9950,12
SUBMIT,4297,0,BUY,LIMIT,9943,40
CANCEL,2087,0,,,0,0
CANCEL,2598,0,,,0,0
CANCEL,4152,0,,,0,0
SUBMIT,4298,0,BUY,MARKET,0,47
CANCEL,3639,0,,,0,0
SUBMIT,4299,0,BUY,LIMIT,9945,22
SUBMIT,4300,0,BUY,LIMIT,9944,14
SUBMIT,4301,0,SELL,LIMIT,9951,48
SUBMIT,4302,0,BUY,LIMIT,9944,24
MODIFY,4265,0,,,9943,7
SUBMIT,4303,1,SELL,LIMIT,9946,7
CANCEL,4284,0,,,0,0
SUBMIT,4304,0,BUY,MARKET,0,39
SUBMIT,4305,0,SELL,MARKET,0,33
SUBMIT,4306,0,BUY,MARKET,0,42
SUBMIT,4307,0,BUY,LIMIT,9942,35
CANCEL,2922,0,,,0,0
SUBMIT,4308,0,BUY,MARKET,0,24
SUBMIT,4309,0,BUY,MARKET,0,33
SUBMIT,4310,0,BUY,LIMIT,9943,16
CANCEL,3407,0,,,0,0
MODIFY,4265,0,,,9941,5
SUBMIT,4311,1,SELL,LIMIT,9946,5
CANCEL,2806,0,,,0,0
SUBMIT,4312,0,SELL,MARKET,0,34
SUBMIT,4313,0,SELL,LIMIT,9948,32
SUBMIT,4314,0,SELL,MARKET,0,37
SUBMIT,4315,0,SELL,LIMIT,9944,41
SUBMIT,4316,0,BUY,MARKET,0,49
CANCEL,4009,0,,,0,0
SUBMIT,4317,0,SELL,LIMIT,9947,37
CANCEL,3877,0,,,0,0
CANCEL,2692,0,,,0,0
MODIFY,4265,0,,,9943,18
SUBMIT,4318,1,SELL,LIMIT,9946,18
CANCEL,3907,0,,,0,0
SUBMIT,4319,0,SELL,LIMIT,9948,15
SUBMIT,4320,0,SELL,LIMIT,9947,29
SUBMIT,4321,0,SELL,MARKET,0,44
SUBMIT,4322,0,BUY,LIMIT,9942,37
SUBMIT,4323,0,SELL,LIMIT,9946,41
CANCEL,3223,0,,,0,0
SUBMIT,4324,0,BUY,LIMIT,9941,18
SUBMIT,4325,0,SELL,LIMIT,9949,30
CANCEL,2852,0,,,0,0
MODIFY,4265,0,,,9942,9
SUBMIT,4326,1,SELL,LIMIT,9948,9
CANCEL,532,0,,,0,0
SUBMIT,4327,0,SELL,LIMIT,9947,29
SUBMIT,4328,0,SELL,LIMIT,9948,33
SUBMIT,4329,0,BUY,MARKET,0,18
CANCEL,2386,0,,,0,0
CANCEL,2769,0,,,0,0
SUBMIT,4330,0,SELL,LIMIT,9952,4
SUBMIT,4331,0,BUY,LIMIT,9941,17
CANCEL,4002,0,,,0,0
CANCEL,2293,0,,,0,0
MODIFY,4265,0,,,9943,19
MODIFY,4326,0,,,9949,19
SUBMIT,4332,0,BUY,LIMIT,9943,7
SUBMIT,4333,0,BUY,LIMIT,9945,7
SUBMIT,4334,0,SELL,LIMIT,9947,14
CANCEL,3854,0,,,0,0
SUBMIT,4335,0,BUY,LIMIT,9942,19
CANCEL,3852,0,,,0,0
SUBMIT,4336,0,BUY,LIMIT,9942,34
SUBMIT,4337,0,SELL,LIMIT,9946,20
SUBMIT,4338,0,BUY,LIMIT,9943,28
SUBMIT,4339,0,SELL,MARKET,0,42
MODIFY,4265,0,,,9943,10
MODIFY,4326,0,,,9946,10
SUBMIT,4340,0,BUY,LIMIT,9941,18
SUBMIT,4341,0,BUY,LIMIT,9941,24
SUBMIT,4342,0,SELL,MARKET,0,50
CANCEL,3915,0,,,0,0
SUBMIT,4343,0,SELL,LIMIT,9947,34
SUBMIT,4344,0,BUY,LIMIT,9937,13
CANCEL,3668,0,,,0,0
SUBMIT,4345,0,BUY,MARKET,0,35
CANCEL,3207,0,,,0,0
SUBMIT,4346,0,SELL,LIMIT,9943,13
MODIFY,4265,0,,,9939,1
SUBMIT,4347,1,SELL,LIMIT,9944,1
SUBMIT,4348,0,BUY,MARKET,0,12
CANCEL,4300,0,,,0,0
CANCEL,2717,0,,,0,0
SUBMIT,4349,0,BUY,MARKET,0,22
CANCEL,2282,0,,,0,0
SUBMIT,4350,0,SELL,LIMIT,9945,32
CANCEL,4056,0,,,0,0
CANCEL,3875,0,,,0,0
CANCEL,3814,0,,,0,0
SUBMIT,4351,0,BUY,LIMIT,9937,45
MODIFY,4265,0,,,9940,8
SUBMIT,4352,1,SELL,LIMIT,9943,8
CANCEL,688,0,,,0,0
SUBMIT,4353,0,BUY,MARKET,0,36
SUBMIT,4354,0,BUY,LIMIT,9939,44
SUBMIT,4355,0,SELL,LIMIT,9944,8
SUBMIT,4356,0,BUY,LIMIT,9939,31
SUBMIT,4357,0,SELL,MARKET,0,6
SUBMIT,4358,0,BUY,LIMIT,9937,29
CANCEL,3799,0,,,0,0
CANCEL,3335,0,,,0,0
CANCEL,4299,0,,,0,0
MODIFY,4265,0,,,9938,8
SUBMIT,4359,1,SELL,LIMIT,9944,8
SUBMIT,4360,0,BUY,LIMIT,9937,27
SUBMIT,4361,0,SELL,LIMIT,9946,43
SUBMIT,4362,0,SELL,LIMIT,9942,49
SUBMIT,4363,0,SELL,MARKET,0,16
SUBMIT,4364,0,BUY,LIMIT,9937,23
SUBMIT,4365,0,SELL,LIMIT,9943,38
SUBMIT,4366,0,BUY,LIMIT,9938,1
CANCEL,3712,0,,,0,0
CANCEL,4150,0,,,0,0
SUBMIT,4367,0,BUY,LIMIT,9937,19
MODIFY,4265,0,,,9938,9
SUBMIT,4368,1,SELL,LIMIT,9941,9
CANCEL,3271,0,,,0,0
SUBMIT,4369,0,BUY,LIMIT,9939,33
SUBMIT,4370,0,BUY,LIMIT,9936,9
SUBMIT,4371,0,BUY,LIMIT,9935,38
SUBMIT,4372,0,SELL,LIMIT,9945,46
SUBMIT,4373,0,BUY,LIMIT,9937,31
SUBMIT,4374,0,SELL,LIMIT,9945,49
CANCEL,4066,0,,,0,0
SUBMIT,4375,0,BUY,LIMIT,9939,27
SUBMIT,4376,0,BUY,LIMIT,9937,18
MODIFY,4265,0,,,9940,17
SUBMIT,4377,1,SELL,LIMIT,9942,17
SUBMIT,4378,0,SELL,LIMIT,9945,27
SUBMIT,4379,0,SELL,LIMIT,9943,10
CANCEL,3893,0,,,0,0
SUBMIT,4380,0,SELL,LIMIT,9945,48
SUBMIT,4381,0,BUY,MARKET,0,1
SUBMIT,4382,0,SELL,LIMIT,9942,47
SUBMIT,4383,0,BUY,LIMIT,9936,13
SUBMIT,4384,0,BUY,LIMIT,9938,13
SUBMIT,4385,0,SELL,LIMIT,9944,37
CANCEL,3777,0,,,0,0
MODIFY,4265,0,,,9938,15
SUBMIT,4386,1,SELL,LIMIT,9940,15
SUBMIT,4387,0,SELL,LIMIT,9941,20
CANCEL,2975,0,,,0,0
SUBMIT,4388,0,SELL,MARKET,0,43
SUBMIT,4389,0,SELL,MARKET,0,25
CANCEL,4043,0,,,0,0
SUBMIT,4390,0,SELL,LIMIT,9941,1
SUBMIT,4391,0,SELL,MARKET,0,49
CANCEL,3751,0,,,0,0
CANCEL,2418,0,,,0,0
CANCEL,2111,0,,,0,0
MODIFY,4265,0,,,9937,16
SUBMIT,4392,1,SELL,LIMIT,9941,16
SUBMIT,4393,0,BUY,LIMIT,9937,27
SUBMIT,4394,0,SELL,LIMIT,9942,47
CANCEL,2705,0,,,0,0
SUBMIT,4395,0,BUY,LIMIT,9934,46
SUBMIT,4396,0,SELL,MARKET,0,37
SUBMIT,4397,0,SELL,LIMIT,9942,1
CANCEL,3647,0,,,0,0
CANCEL,2877,0,,,0,0
SUBMIT,4398,0,BUY,MARKET,0,22
SUBMIT,4399,0,SELL,MARKET,0,22
MODIFY,4265,0,,,9938,7
SUBMIT,4400,1,SELL,LIMIT,9940,7
CANCEL,2865,0,,,0,0
SUBMIT,4401,0,SELL,MARKET,0,17
SUBMIT,4402,0,BUY,LIMIT,9937,44
SUBMIT,4403,0,SELL,LIMIT,9940,15
SUBMIT,4404,0,SELL,MARKET,0,3
SUBMIT,4405,0,SELL,LIMIT,9942,32
SUBMIT,4406,0,SELL,LIMIT,9938,19
SUBMIT,4407,0,SELL,LIMIT,9938,27
SUBMIT,4408,0,SELL,LIMIT,9939,36
CANCEL,3024,0,,,0,0
MODIFY,4265,0,,,9936,17
SUBMIT,4409,1,SELL,LIMIT,9939,17
SUBMIT,4410,0,BUY,LIMIT,9931,34
SUBMIT,4411,0,SELL,LIMIT,9937,8
SUBMIT,4412,0,BUY,LIMIT,9931,22
CANCEL,3955,0,,,0,0
SUBMIT,4413,0,SELL,LIMIT,9937,37
SUBMIT,4414,0,BUY,LIMIT,9935,30
SUBMIT,4415,0,SELL,LIMIT,9941,5
SUBMIT,4416,0,SELL,LIMIT,9939,26
SUBMIT,4417,0,BUY,LIMIT,9935,20
SUBMIT,4418,0,SELL,LIMIT,9941,23
MODIFY,4265,0,,,9934,17
SUBMIT,4419,1,SELL,LIMIT,9939,17
SUBMIT,4420,0,SELL,LIMIT,9940,39
CANCEL,3650,0,,,0,0
SUBMIT,4421,0,BUY,MARKET,0,11
CANCEL,3266,0,,,0,0
SUBMIT,4422,0,SELL,LIMIT,9938,16
CANCEL,2304,0,,,0,0
CANCEL,4168,0,,,0,0
CANCEL,1320,0,,,0,0
SUBMIT,4423,0,SELL,LIMIT,9940,37
CANCEL,2830,0,,,0,0
MODIFY,4265,0,,,9933,15
SUBMIT,4424,1,SELL,LIMIT,9936,15
CANCEL,1142,0,,,0,0
SUBMIT,4425,0,BUY,LIMIT,9936,26
SUBMIT,4426,0,BUY,LIMIT,9936,23
SUBMIT,4427,0,SELL,LIMIT,9942,1
SUBMIT,4428,0,SELL,MARKET,0,48
CANCEL,3151,0,,,0,0
CANCEL,3658,0,,,0,0
SUBMIT,4429,0,BUY,LIMIT,9932,17
SUBMIT,4430,0,BUY,LIMIT,9933,43
SUBMIT,4431,0,SELL,LIMIT,9939,36
MODIFY,4265,0,,,9934,6
SUBMIT,4432,1,SELL,LIMIT,9937,6
SUBMIT,4433,0,SELL,MARKET,0,31
SUBMIT,4434,0,BUY,MARKET,0,20
SUBMIT,4435,0,BUY,LIMIT,9930,19
SUBMIT,4436,0,SELL,LIMIT,9935,11
CANCEL,2959,0,,,0,0
SUBMIT,4437,0,BUY,MARKET,0,19
SUBMIT,4438,0,SELL,LIMIT,9936,37
SUBMIT,4439,0,SELL,LIMIT,9937,6
SUBMIT,4440,0,BUY,MARKET,0,5
SUBMIT,4441,0,SELL,LIMIT,9939,38
MODIFY,4265,0,,,9935,20
SUBMIT,4442,1,SELL,LIMIT,9940,20
SUBMIT,4443,0,BUY,LIMIT,9937,9
CANCEL,4289,0,,,0,0
CANCEL,2096,0,,,0,0
SUBMIT,4444,0,SELL,MARKET,0,8
SUBMIT,4445,0,BUY,MARKET,0,21
SUBMIT,4446,0,SELL,LIMIT,9942,48
CANCEL,3044,0,,,0,0
CANCEL,1601,0,,,0,0
CANCEL,1954,0,,,0,0
SUBMIT,4447,0,SELL,MARKET,0,50
MODIFY,4265,0,,,9937,9
MODIFY,4442,0,,,9940,9
SUBMIT,4448,0,SELL,MARKET,0,43
SUBMIT,4449,0,SELL,MARKET,0,27
SUBMIT,4450,0,SELL,LIMIT,9943,29
SUBMIT,4451,0,SELL,MARKET,0,14
CANCEL,4005,0,,,0,0
SUBMIT,4452,0,SELL,LIMIT,9943,50
SUBMIT,4453,0,SELL,LIMIT,9940,16
CANCEL,1836,0,,,0,0
SUBMIT,4454,0,SELL,LIMIT,9939,41
CANCEL,3845,0,,,0,0
MODIFY,4265,0,,,9937,15
MODIFY,4442,0,,,9940,15
SUBMIT,4455,0,SELL,LIMIT,9939,5
CANCEL,1759,0,,,0,0
SUBMIT,4456,0,BUY,MARKET,0,13
SUBMIT,4457,0,BUY,LIMIT,9936,33
CANCEL,4128,0,,,0,0
CANCEL,2271,0,,,0,0
SUBMIT,4458,0,SELL,LIMIT,9942,5
SUBMIT,4459,0,SELL,LIMIT,9942,38
SUBMIT,4460,0,BUY,LIMIT,9937,49
CANCEL,3215,0,,,0,0
MODIFY,4265,0,,,9936,11
MODIFY,4442,0,,,9940,11
SUBMIT,4461,0,BUY,LIMIT,9932,37
SUBMIT,4462,0,BUY,LIMIT,9931,22
CANCEL,4197,0,,,0,0
SUBMIT,4463,0,SELL,LIMIT,9939,22
CANCEL,3652,0,,,0,0
SUBMIT,4464,0,BUY,MARKET,0,17
CANCEL,3237,0,,,0,0
SUBMIT,4465,0,SELL,LIMIT,9940,24
SUBMIT,4466,0,SELL,MARKET,0,44
CANCEL,3838,0,,,0,0
MODIFY,4265,0,,,9933,2
MODIFY,4442,0,,,9938,2
CANCEL,3804,0,,,0,0
SUBMIT,4467,0,BUY,MARKET,0,47
SUBMIT,4468,0,SELL,LIMIT,9937,24
SUBMIT,4469,0,SELL,LIMIT,9937,35
SUBMIT,4470,0,BUY,MARKET,0,31
CANCEL,2591,0,,,0,0
CANCEL,3883,0,,,0,0
SUBMIT,4471,0,SELL,LIMIT,9938,33
SUBMIT,4472,0,BUY,LIMIT,9930,19
SUBMIT,4473,0,BUY,LIMIT,9930,43
MODIFY,4265,0,,,9931,9
SUBMIT,4474,1,SELL,LIMIT,9936,9
SUBMIT,4475,0,SELL,MARKET,0,1
SUBMIT,4476,0,SELL,LIMIT,9938,36
SUBMIT,4477,0,SELL,LIMIT,9937,12
SUBMIT,4478,0,SELL,LIMIT,9939,17
SUBMIT,4479,0,SELL,LIMIT,9940,9
SUBMIT,4480,0,BUY,LIMIT,9932,26
CANCEL,1857,0,,,0,0
CANCEL,2437,0,,,0,0
SUBMIT,4481,0,SELL,LIMIT,9938,29
SUBMIT,4482,0,SELL,LIMIT,9940,14
MODIFY,4265,0,,,9933,13
SUBMIT,4483,1,SELL,LIMIT,9936,13
CANCEL,2813,0,,,0,0
SUBMIT,4484,0,SELL,MARKET,0,29
SUBMIT,4485,0,BUY,LIMIT,9929,24
SUBMIT,4486,0,SELL,MARKET,0,43
SUBMIT,4487,0,SELL,LIMIT,9937,22
SUBMIT,4488,0,BUY,LIMIT,9929,24
SUBMIT,4489,0,SELL,MARKET,0,2
SUBMIT,4490,0,BUY,LIMIT,9930,26
SUBMIT,4491,0,SELL,LIMIT,9935,29
SUBMIT,4492,0,SELL,LIMIT,9934,2
MODIFY,4265,0,,,9931,17
SUBMIT,4493,1,SELL,LIMIT,9935,17
SUBMIT,4494,0,BUY,LIMIT,9932,49
SUBMIT,4495,0,SELL,MARKET,0,35
SUBMIT,4496,0,SELL,MARKET,0,18
SUBMIT,4497,0,SELL,LIMIT,9934,31
SUBMIT,4498,0,SELL,LIMIT,9935,45
CANCEL,2421,0,,,0,0
SUBMIT,4499,0,BUY,MARKET,0,30
SUBMIT,4500,0,SELL,LIMIT,9933,28
SUBMIT,4501,0,SELL,LIMIT,9937,14
CANCEL,3864,0,,,0,0
MODIFY,4265,0,,,9932,8
SUBMIT,4502,1,SELL,LIMIT,9936,8
SUBMIT,4503,0,SELL,LIMIT,9937,5
CANCEL,3208,0,,,0,0
CANCEL,3984,0,,,0,0
SUBMIT,4504,0,BUY,LIMIT,9931,20
SUBMIT,4505,0,BUY,LIMIT,9931,18
SUBMIT,4506,0,SELL,LIMIT,9936,47
CANCEL,3540,0,,,0,0
SUBMIT,4507,0,SELL,LIMIT,9936,8
SUBMIT,4508,0,SELL,LIMIT,9936,33
SUBMIT,4509,0,SELL,LIMIT,9937,9
MODIFY,4265,0,,,9932,11
MODIFY,4502,0,,,9935,11
SUBMIT,4510,0,SELL,LIMIT,9937,15
SUBMIT,4511,0,SELL,LIMIT,9936,40
SUBMIT,4512,0,BUY,LIMIT,9934,12
SUBMIT,4513,0,BUY,MARKET,0,1
SUBMIT,4514,0,SELL,LIMIT,9935,44
CANCEL,4414,0,,,0,0
SUBMIT,4515,0,SELL,LIMIT,9937,17
SUBMIT,4516,0,BUY,LIMIT,9933,32
SUBMIT,4517,0,BUY,LIMIT,9929,30
SUBMIT,4518,0,SELL,LIMIT,9938,31
MODIFY,4265,0,,,9930,13
MODIFY,4502,0,,,9936,13
SUBMIT,4519,0,SELL,LIMIT,9938,10
SUBMIT,4520,0,BUY,LIMIT,9932,34
CANCEL,3361,0,,,0,0
SUBMIT,4521,0,SELL,LIMIT,9936,23
CANCEL,4140,0,,,0,0
SUBMIT,4522,0,BUY,LIMIT,9933,36
CANCEL,3015,0,,,0,0
SUBMIT,4523,0,SELL,LIMIT,9938,41
SUBMIT,4524,0,SELL,MARKET,0,44
SUBMIT,4525,0,BUY,LIMIT,9932,20
MODIFY,4265,0,,,9932,10
MODIFY,4502,0,,,9937,10
SUBMIT,4526,0,SELL,LIMIT,9938,13
SUBMIT,4527,0,SELL,LIMIT,9939,10
SUBMIT,4528,0,SELL,LIMIT,9937,28
SUBMIT,4529,0,BUY,LIMIT,9930,33
CANCEL,969,0,,,0,0
SUBMIT,4530,0,BUY,LIMIT,9934,25
CANCEL,4273,0,,,0,0
CANCEL,3941,0,,,0,0
SUBMIT,4531,0,SELL,LIMIT,9938,28
SUBMIT,4532,0,SELL,LIMIT,9937,15
MODIFY,4265,0,,,9932,10
MODIFY,4502,0,,,9938,10
SUBMIT,4533,0,SELL,LIMIT,9938,36
SUBMIT,4534,0,SELL,LIMIT,9938,20
SUBMIT,4535,0,BUY,LIMIT,9934,42
SUBMIT,4536,0,BUY,LIMIT,9932,22
CANCEL,1886,0,,,0,0
SUBMIT,4537,0,BUY,LIMIT,9931,28
CANCEL,4517,0,,,0,0
SUBMIT,4538,0,SELL,LIMIT,9938,40
CANCEL,2684,0,,,0,0
SUBMIT,4539,0,SELL,LIMIT,9939,21
MODIFY,4265,0,,,9933,14
MODIFY,4502,0,,,9938,14
SUBMIT,4540,0,SELL,MARKET,0,2
CANCEL,3101,0,,,0,0
SUBMIT,4541,0,BUY,LIMIT,9932,41
SUBMIT,4542,0,SELL,LIMIT,9938,31
SUBMIT,4543,0,SELL,LIMIT,9940,28
CANCEL,2586,0,,,0,0
CANCEL,2952,0,,,0,0
SUBMIT,4544,0,BUY,LIMIT,9931,40
SUBMIT,4545,0,SELL,LIMIT,9940,31
SUBMIT,4546,0,BUY,MARKET,0,36
MODIFY,4265,0,,,9934,17
MODIFY,4502,0,,,9938,17
SUBMIT,4547,0,SELL,LIMIT,9940,22
CANCEL,4174,0,,,0,0
CANCEL,3427,0,,,0,0
CANCEL,2138,0,,,0,0
SUBMIT,4548,0,BUY,LIMIT,9934,11
SUBMIT,4549,0,SELL,LIMIT,9937,30
SUBMIT,4550,0,SELL,LIMIT,9936,4
SUBMIT,4551,0,SELL,LIMIT,9936,29
CANCEL,4534,0,,,0,0
SUBMIT,4552,0,SELL,MARKET,0,10
MODIFY,4265,0,,,9933,11
MODIFY,4502,0,,,9939,11
SUBMIT,4553,0,SELL,LIMIT,9941,33
SUBMIT,4554,0,BUY,LIMIT,9933,13
CANCEL,3695,0,,,0,0
SUBMIT,4555,0,SELL,LIMIT,9940,6
SUBMIT,4556,0,SELL,MARKET,0,4
SUBMIT,4557,0,BUY,LIMIT,9936,12
SUBMIT,4558,0,BUY,LIMIT,9937,16
SUBMIT,4559,0,BUY,LIMIT,9934,7
CANCEL,2949,0,,,0,0
CANCEL,3725,0,,,0,0
MODIFY,4265,0,,,9936,18
MODIFY,4502,0,,,9940,18
SUBMIT,4560,0,BUY,LIMIT,9933,6
SUBMIT,4561,0,BUY,MARKET,0,33
SUBMIT,4562,0,BUY,LIMIT,9933,25
SUBMIT,4563,0,SELL,LIMIT,9941,20
CANCEL,3809,0,,,0,0
CANCEL,727,0,,,0,0
SUBMIT,4564,0,SELL,LIMIT,9939,15
SUBMIT,4565,0,BUY,LIMIT,9934,3
CANCEL,2029,0,,,0,0
SUBMIT,4566,0,SELL,LIMIT,9939,4
SUBMIT,4567,1,BUY,LIMIT,9933,9
MODIFY,4502,0,,,9937,9
SUBMIT,4568,0,BUY,LIMIT,9933,10
SUBMIT,4569,0,SELL,MARKET,0,29
CANCEL,1962,0,,,0,0
SUBMIT,4570,0,SELL,LIMIT,9937,9
SUBMIT,4571,0,SELL,MARKET,0,26
SUBMIT,4572,0,BUY,LIMIT,9928,24
SUBMIT,4573,0,BUY,LIMIT,9930,4
SUBMIT,4574,0,BUY,LIMIT,9928,44
CANCEL,3643,0,,,0,0
CANCEL,4068,0,,,0,0
MODIFY,4567,0,,,9931,6
MODIFY,4502,0,,,9936,6
CANCEL,4199,0,,,0,0
CANCEL,2321,0,,,0,0
CANCEL,4549,0,,,0,0
SUBMIT,4575,0,SELL,LIMIT,9936,8
SUBMIT,4576,0,BUY,LIMIT,9928,4
SUBMIT,4577,0,SELL,LIMIT,9935,44
SUBMIT,4578,0,SELL,MARKET,0,26
SUBMIT,4579,0,BUY,LIMIT,9928,16
SUBMIT,4580,0,BUY,LIMIT,9930,38
CANCEL,3800,0,,,0,0
MODIFY,4567,0,,,9930,19
MODIFY,4502,0,,,9934,19
SUBMIT,4581,0,SELL,LIMIT,9934,18
SUBMIT,4582,0,BUY,MARKET,0,19
SUBMIT,4583,0,BUY,LIMIT,9927,40
CANCEL,4143,0,,,0,0
SUBMIT,4584,0,SELL,LIMIT,9937,40
SUBMIT,4585,0,BUY,LIMIT,9932,31
SUBMIT,4586,0,BUY,LIMIT,9929,14
SUBMIT,4587,0,BUY,MARKET,0,39
SUBMIT,4588,0,SELL,LIMIT,9937,48
CANCEL,2694,0,,,0,0
MODIFY,4567,0,,,9932,9
SUBMIT,4589,1,SELL,LIMIT,9936,9
CANCEL,1994,0,,,0,0
SUBMIT,4590,0,BUY,LIMIT,9931,43
SUBMIT,4591,0,SELL,MARKET,0,11
SUBMIT,4592,0,SELL,LIMIT,9938,12
CANCEL,4480,0,,,0,0
CANCEL,1788,0,,,0,0
CANCEL,3558,0,,,0,0
CANCEL,3745,0,,,0,0
CANCEL,3922,0,,,0,0
SUBMIT,4593,0,SELL,LIMIT,9931,50
MODIFY,4567,0,,,9927,10
MODIFY,4589,0,,,9933,10
CANCEL,3486,0,,,0,0
CANCEL,2526,0,,,0,0
CANCEL,4117,0,,,0,0
SUBMIT,4594,0,SELL,LIMIT,9936,29
SUBMIT,4595,0,BUY,LIMIT,9928,26
SUBMIT,4596,0,SELL,LIMIT,9932,24
SUBMIT,4597,0,SELL,LIMIT,9933,45
CANCEL,2107,0,,,0,0
SUBMIT,4598,0,SELL,LIMIT,9934,46
CANCEL,2730,0,,,0,0
MODIFY,4567,0,,,9927,12
SUBMIT,4599,1,SELL,LIMIT,9932,12
SUBMIT,4600,0,SELL,LIMIT,9934,40
CANCEL,2920,0,,,0,0
SUBMIT,4601,0,SELL,LIMIT,9934,48
SUBMIT,4602,0,SELL,LIMIT,9932,7
SUBMIT,4603,0,BUY,MARKET,0,46
SUBMIT,4604,0,SELL,LIMIT,9933,45
SUBMIT,4605,0,BUY,LIMIT,9926,46
SUBMIT,4606,0,BUY,LIMIT,9928,40
SUBMIT,4607,0,BUY,LIMIT,9928,48
CANCEL,3608,0,,,0,0
MODIFY,4567,0,,,9929,16
SUBMIT,4608,1,SELL,LIMIT,9931,16
SUBMIT,4609,0,SELL,MARKET,0,6
CANCEL,4351,0,,,0,0
SUBMIT,4610,0,SELL,LIMIT,9934,23
CANCEL,3263,0,,,0,0
SUBMIT,4611,0,BUY,LIMIT,9928,27
SUBMIT,4612,0,SELL,LIMIT,9935,25
SUBMIT,4613,0,SELL,MARKET,0,31
SUBMIT,4614,0,BUY,MARKET,0,24
SUBMIT,4615,0,BUY,LIMIT,9927,26
CANCEL,2794,0,,,0,0
MODIFY,4567,0,,,9929,19
SUBMIT,4616,1,SELL,LIMIT,9933,19
CANCEL,2156,0,,,0,0
SUBMIT,4617,0,BUY,LIMIT,9927,41
CANCEL,3373,0,,,0,0
CANCEL,4033,0,,,0,0
CANCEL,4075,0,,,0,0
CANCEL,4166,0,,,0,0
CANCEL,2483,0,,,0,0
CANCEL,4293,0,,,0,0
SUBMIT,4618,0,SELL,MARKET,0,6
SUBMIT,4619,0,SELL,MARKET,0,6
MODIFY,4567,0,,,9928,3
MODIFY,4616,0,,,9934,3
SUBMIT,4620,0,BUY,MARKET,0,27
SUBMIT,4621,0,BUY,LIMIT,9930,6
SUBMIT,4622,0,BUY,LIMIT,9929,12
SUBMIT,4623,0,SELL,LIMIT,9936,35
SUBMIT,4624,0,SELL,LIMIT,9933,18
CANCEL,2663,0,,,0,0
SUBMIT,4625,0,BUY,LIMIT,9926,39
SUBMIT,4626,0,SELL,LIMIT,9933,37
SUBMIT,4627,0,BUY,LIMIT,9928,20
CANCEL,811,0,,,0,0
MODIFY,4567,0,,,9930,7
MODIFY,4616,0,,,9934,7
SUBMIT,4628,0,BUY,MARKET,0,22
SUBMIT,4629,0,SELL,LIMIT,9932,22
CANCEL,4506,0,,,0,0
CANCEL,4553,0,,,0,0
CANCEL,3701,0,,,0,0
SUBMIT,4630,0,SELL,MARKET,0,22
SUBMIT,4631,0,BUY,LIMIT,9929,44
CANCEL,2577,0,,,0,0
SUBMIT,4632,0,BUY,LIMIT,9930,36
CANCEL,3496,0,,,0,0
MODIFY,4567,0,,,9932,6
MODIFY,4616,0,,,9934,6
CANCEL,4531,0,,,0,0
SUBMIT,4633,0,BUY,MARKET,0,49
SUBMIT,4634,0,SELL,MARKET,0,47
SUBMIT,4635,0,BUY,LIMIT,9929,39
SUBMIT,4636,0,SELL,LIMIT,9935,23
SUBMIT,4637,0,SELL,LIMIT,9936,25
SUBMIT,4638,0,BUY,LIMIT,9932,9
SUBMIT,4639,0,SELL,LIMIT,9935,8
CANCEL,1977,0,,,0,0
SUBMIT,4640,0,SELL,MARKET,0,22
MODIFY,4567,0,,,9935,8
MODIFY,4616,0,,,9939,8
SUBMIT,4641,0,SELL,LIMIT,9938,16
SUBMIT,4642,0,SELL,LIMIT,9940,15
SUBMIT,4643,0,SELL,MARKET,0,34
SUBMIT,4644,0,BUY,LIMIT,9933,15
CANCEL,4247,0,,,0,0
SUBMIT,4645,0,BUY,LIMIT,9932,49
SUBMIT,4646,0,SELL,MARKET,0,19
CANCEL,4455,0,,,0,0
CANCEL,986,0,,,0,0
SUBMIT,4647,0,BUY,LIMIT,9930,48
SUBMIT,4648,1,BUY,LIMIT,9932,9
MODIFY,4616,0,,,9935,9
SUBMIT,4649,0,BUY,LIMIT,9928,45
CANCEL,2964,0,,,0,0
SUBMIT,4650,0,SELL,LIMIT,9935,39
SUBMIT,4651,0,SELL,LIMIT,9938,38
SUBMIT,4652,0,BUY,LIMIT,9929,42
SUBMIT,4653,0,BUY,LIMIT,9932,17
SUBMIT,4654,0,SELL,LIMIT,9939,10
SUBMIT,4655,0,SELL,LIMIT,9939,14
SUBMIT,4656,0,BUY,LIMIT,9933,19
SUBMIT,4657,0,SELL,LIMIT,9936,45
MODIFY,4648,0,,,9933,8
MODIFY,4616,0,,,9938,8
SUBMIT,4658,0,BUY,LIMIT,9934,21
SUBMIT,4659,0,SELL,LIMIT,9937,18
CANCEL,3191,0,,,0,0
SUBMIT,4660,0,SELL,LIMIT,9939,20
SUBMIT,4661,0,BUY,LIMIT,9934,38
SUBMIT,4662,0,SELL,LIMIT,9941,35
CANCEL,2448,0,,,0,0
CANCEL,2249,0,,,0,0
SUBMIT,4663,0,BUY,MARKET,0,18
SUBMIT,4664,0,SELL,LIMIT,9940,24
MODIFY,4648,0,,,9933,16
MODIFY,4616,0,,,9937,16
SUBMIT,4665,0,BUY,LIMIT,9935,36
SUBMIT,4666,0,SELL,LIMIT,9938,28
CANCEL,3366,0,,,0,0
SUBMIT,4667,0,BUY,LIMIT,9932,27
CANCEL,4649,0,,,0,0
SUBMIT,4668,0,BUY,MARKET,0,25
SUBMIT,4669,0,BUY,LIMIT,9934,16
SUBMIT,4670,0,SELL,LIMIT,9939,26
CANCEL,3461,0,,,0,0
CANCEL,1858,0,,,0,0
MODIFY,4648,0,,,9934,3
MODIFY,4616,0,,,9938,3
SUBMIT,4671,0,BUY,LIMIT,9930,31
SUBMIT,4672,0,BUY,MARKET,0,33
SUBMIT,4673,0,BUY,MARKET,0,50
SUBMIT,4674,0,SELL,LIMIT,9940,21
CANCEL,2290,0,,,0,0
SUBMIT,4675,0,BUY,LIMIT,9933,34
SUBMIT,4676,0,BUY,LIMIT,9935,42
CANCEL,2768,0,,,0,0
SUBMIT,4677,0,SELL,LIMIT,9941,40
SUBMIT,4678,0,BUY,LIMIT,9934,5
MODIFY,4648,0,,,9934,7
MODIFY,4616,0,,,9938,7
CANCEL,4325,0,,,0,0
SUBMIT,4679,0,BUY,LIMIT,9934,36
SUBMIT,4680,0,SELL,LIMIT,9940,47
SUBMIT,4681,0,SELL,LIMIT,9943,24
SUBMIT,4682,0,BUY,LIMIT,9933,28
SUBMIT,4683,0,SELL,LIMIT,9940,10
SUBMIT,4684,0,SELL,LIMIT,9943,14
SUBMIT,4685,0,BUY,LIMIT,9935,5
CANCEL,2152,0,,,0,0
SUBMIT,4686,0,SELL,LIMIT,9941,8
MODIFY,4648,0,,,9936,13
MODIFY,4616,0,,,9938,13
SUBMIT,4687,0,BUY,LIMIT,9935,7
SUBMIT,4688,0,BUY,LIMIT,9932,48
SUBMIT,4689,0,SELL,LIMIT,9939,37
SUBMIT,4690,0,SELL,LIMIT,9941,34
CANCEL,3654,0,,,0,0
SUBMIT,4691,0,SELL,MARKET,0,35
CANCEL,4278,0,,,0,0
SUBMIT,4692,0,SELL,LIMIT,9942,28
SUBMIT,4693,0,BUY,LIMIT,9933,14
SUBMIT,4694,0,BUY,MARKET,0,48
SUBMIT,4695,1,BUY,LIMIT,9934,2
MODIFY,4616,0,,,9939,2
SUBMIT,4696,0,SELL,LIMIT,9940,17
SUBMIT,4697,0,SELL,LIMIT,9939,40
SUBMIT,4698,0,BUY,LIMIT,9934,14
CANCEL,4184,0,,,0,0
SUBMIT,4699,0,BUY,MARKET,0,35
SUBMIT,4700,0,SELL,MARKET,0,2
SUBMIT,4701,0,BUY,LIMIT,9931,32
SUBMIT,4702,0,BUY,MARKET,0,39
SUBMIT,4703,0,BUY,LIMIT,9931,11
SUBMIT,4704,0,BUY,LIMIT,9931,7
MODIFY,4695,0,,,9931,13
MODIFY,4616,0,,,9935,13
SUBMIT,4705,0,SELL,LIMIT,9938,38
SUBMIT,4706,0,SELL,MARKET,0,17
CANCEL,1925,0,,,0,0
CANCEL,2092,0,,,0,0
SUBMIT,4707,0,SELL,LIMIT,9934,33
CANCEL,2779,0,,,0,0
SUBMIT,4708,0,BUY,LIMIT,9930,14
SUBMIT,4709,0,BUY,LIMIT,9929,42
SUBMIT,4710,0,SELL,LIMIT,9938,49
SUBMIT,4711,0,SELL,LIMIT,9936,44
MODIFY,4695,0,,,9932,3
SUBMIT,4712,1,SELL,LIMIT,9934,3
SUBMIT,4713,0,SELL,LIMIT,9935,6
SUBMIT,4714,0,SELL,LIMIT,9934,18
SUBMIT,4715,0,SELL,LIMIT,9937,30
CANCEL,3098,0,,,0,0
CANCEL,4710,0,,,0,0
SUBMIT,4716,0,BUY,LIMIT,9929,31
SUBMIT,4717,0,SELL,LIMIT,9937,15
CANCEL,2807,0,,,0,0
SUBMIT,4718,0,BUY,MARKET,0,49
SUBMIT,4719,0,SELL,LIMIT,9936,49
MODIFY,4695,0,,,9932,2
SUBMIT,4720,1,SELL,LIMIT,9934,2
SUBMIT,4721,0,BUY,LIMIT,9928,40
CANCEL,3739,0,,,0,0
SUBMIT,4722,0,SELL,LIMIT,9936,4
SUBMIT,4723,0,BUY,LIMIT,9933,15
SUBMIT,4724,0,BUY,MARKET,0,20
SUBMIT,4725,0,BUY,LIMIT,9929,45
SUBMIT,4726,0,SELL,LIMIT,9936,12
SUBMIT,4727,0,BUY,LIMIT,9934,5
SUBMIT,4728,0,SELL,MARKET,0,38
CANCEL,1881,0,,,0,0
MODIFY,4695,0,,,9935,20
SUBMIT,4729,1,SELL,LIMIT,9938,20
CANCEL,4526,0,,,0,0
CANCEL,3933,0,,,0,0
SUBMIT,4730,0,BUY,LIMIT,9936,10
SUBMIT,4731,0,BUY,LIMIT,9934,21
CANCEL,1592,0,,,0,0
SUBMIT,4732,0,SELL,LIMIT,9941,25
SUBMIT,4733,0,BUY,LIMIT,9936,1
SUBMIT,4734,0,SELL,MARKET,0,10
SUBMIT,4735,0,SELL,MARKET,0,4
CANCEL,2967,0,,,0,0
MODIFY,4695,0,,,9938,2
MODIFY,4729,0,,,9942,2
SUBMIT,4736,0,BUY,LIMIT,9936,10
CANCEL,4611,0,,,0,0
SUBMIT,4737,0,SELL,LIMIT,9941,48
SUBMIT,4738,0,BUY,MARKET,0,17
SUBMIT,4739,0,BUY,MARKET,0,19
SUBMIT,4740,0,BUY,LIMIT,9934,26
SUBMIT,4741,0,SELL,MARKET,0,40
CANCEL,2612,0,,,0,0
SUBMIT,4742,0,BUY,LIMIT,9938,27
SUBMIT,4743,0,BUY,LIMIT,9938,21
SUBMIT,4744,1,BUY,LIMIT,9937,18
MODIFY,4729,0,,,9941,18
CANCEL,4510,0,,,0,0
SUBMIT,4745,0,BUY,LIMIT,9938,3
SUBMIT,4746,0,SELL,LIMIT,9940,23
SUBMIT,4747,0,BUY,MARKET,0,18
SUBMIT,4748,0,BUY,LIMIT,9935,20
CANCEL,4716,0,,,0,0
SUBMIT,4749,0,BUY,LIMIT,9938,18
CANCEL,284,0,,,0,0
SUBMIT,4750,0,SELL,LIMIT,9942,33
SUBMIT,4751,0,SELL,LIMIT,9940,9
SUBMIT,4752,1,BUY,LIMIT,9935,5
MODIFY,4729,0,,,9939,5
SUBMIT,4753,0,BUY,LIMIT,9935,27
SUBMIT,4754,0,BUY,LIMIT,9936,18
CANCEL,4679,0,,,0,0
CANCEL,4632,0,,,0,0
SUBMIT,4755,0,BUY,MARKET,0,14
CANCEL,2948,0,,,0,0
CANCEL,4580,0,,,0,0
SUBMIT,4756,0,BUY,MARKET,0,36
SUBMIT,4757,0,SELL,LIMIT,9938,46
SUBMIT,4758,0,BUY,LIMIT,9933,35
MODIFY,4752,0,,,9937,8
MODIFY,4729,0,,,9940,8
CANCEL,1112,0,,,0,0
SUBMIT,4759,0,BUY,LIMIT,9934,20
SUBMIT,4760,0,BUY,LIMIT,9932,23
SUBMIT,4761,0,SELL,LIMIT,9942,12
CANCEL,3678,0,,,0,0
SUBMIT,4762,0,SELL,LIMIT,9938,15
SUBMIT,4763,0,BUY,MARKET,0,31
CANCEL,4708,0,,,0,0
CANCEL,4509,0,,,0,0
SUBMIT,4764,0,BUY,MARKET,0,19
SUBMIT,4765,1,BUY,LIMIT,9932,8
MODIFY,4729,0,,,9937,8
SUBMIT,4766,0,BUY,LIMIT,9932,4
CANCEL,3336,0,,,0,0
CANCEL,3635,0,,,0,0
SUBMIT,4767,0,SELL,LIMIT,9937,29
SUBMIT,4768,0,BUY,LIMIT,9931,17
CANCEL,4375,0,,,0,0
CANCEL,3704,0,,,0,0
SUBMIT,4769,0,SELL,LIMIT,9938,7
SUBMIT,4770,0,SELL,LIMIT,9941,9
CANCEL,3536,0,,,0,0
MODIFY,4765,0,,,9934,9
MODIFY,4729,0,,,9939,9
SUBMIT,4771,0,SELL,LIMIT,9938,29
CANCEL,1669,0,,,0,0
SUBMIT,4772,0,BUY,LIMIT,9935,41
CANCEL,4453,0,,,0,0
SUBMIT,4773,0,SELL,LIMIT,9939,13
SUBMIT,4774,0,SELL,LIMIT,9941,7
SUBMIT,4775,0,BUY,LIMIT,9931,21
SUBMIT,4776,0,BUY,LIMIT,9930,46
SUBMIT,4777,0,SELL,LIMIT,9940,4
CANCEL,2819,0,,,0,0
MODIFY,4765,0,,,9933,14
MODIFY,4729,0,,,9935,14
SUBMIT,4778,0,BUY,LIMIT,9932,32
SUBMIT,4779,0,BUY,LIMIT,9933,43
SUBMIT,4780,0,SELL,LIMIT,9939,4
SUBMIT,4781,0,SELL,LIMIT,9935,42
SUBMIT,4782,0,SELL,LIMIT,9940,27
CANCEL,4533,0,,,0,0
CANCEL,4371,0,,,0,0
SUBMIT,4783,0,SELL,MARKET,0,31
CANCEL,3575,0,,,0,0
SUBMIT,4784,0,SELL,MARKET,0,11
MODIFY,4765,0,,,9931,5
SUBMIT,4785,1,SELL,LIMIT,9936,5
CANCEL,3165,0,,,0,0
SUBMIT,4786,0,BUY,LIMIT,9928,36
SUBMIT,4787,0,BUY,MARKET,0,12
SUBMIT,4788,0,SELL,LIMIT,9938,41
SUBMIT,4789,0,BUY,LIMIT,9932,2
SUBMIT,4790,0,SELL,LIMIT,9936,16
SUBMIT,4791,0,BUY,LIMIT,9930,9
CANCEL,4383,0,,,0,0
SUBMIT,4792,0,SELL,MARKET,0,38
SUBMIT,4793,0,BUY,LIMIT,9931,29
MODIFY,4765,0,,,9931,11
SUBMIT,4794,1,SELL,LIMIT,9935,11
CANCEL,3741,0,,,0,0
CANCEL,4279,0,,,0,0
SUBMIT,4795,0,SELL,LIMIT,9937,29
SUBMIT,4796,0,SELL,MARKET,0,15
CANCEL,1310,0,,,0,0
SUBMIT,4797,0,BUY,LIMIT,9930,22
SUBMIT,4798,0,BUY,LIMIT,9928,46
SUBMIT,4799,0,SELL,LIMIT,9936,1
CANCEL,2022,0,,,0,0
SUBMIT,4800,0,BUY,LIMIT,9928,32
MODIFY,4765,0,,,9929,17
MODIFY,4794,0,,,9933,17
SUBMIT,4801,0,SELL,MARKET,0,29
CANCEL,3887,0,,,0,0
CANCEL,4271,0,,,0,0
SUBMIT,4802,0,SELL,LIMIT,9932,27
SUBMIT,4803,0,BUY,MARKET,0,11
CANCEL,3993,0,,,0,0
SUBMIT,4804,0,SELL,LIMIT,9932,40
SUBMIT,4805,0,SELL,LIMIT,9937,27
SUBMIT,4806,0,SELL,LIMIT,9934,6
CANCEL,4758,0,,,0,0
MODIFY,4765,0,,,9931,20
SUBMIT,4807,1,SELL,LIMIT,9934,20
CANCEL,2976,0,,,0,0
SUBMIT,4808,0,SELL,LIMIT,9933,46
SUBMIT,4809,0,SELL,MARKET,0,32
SUBMIT,4810,0,SELL,LIMIT,9934,28
CANCEL,2767,0,,,0,0
SUBMIT,4811,0,SELL,LIMIT,9933,24
SUBMIT,4812,0,BUY,LIMIT,9926,11
SUBMIT,4813,0,BUY,LIMIT,9925,38
SUBMIT,4814,0,SELL,MARKET,0,11
SUBMIT,4815,0,SELL,MARKET,0,25
MODIFY,4765,0,,,9930,8
MODIFY,4807,0,,,9933,8
SUBMIT,4816,0,SELL,MARKET,0,47
CANCEL,4332,0,,,0,0
SUBMIT,4817,0,SELL,LIMIT,9937,46
SUBMIT,4818,0,SELL,MARKET,0,40
CANCEL,4754,0,,,0,0
SUBMIT,4819,0,BUY,LIMIT,9930,28
SUBMIT,4820,0,BUY,LIMIT,9931,21
CANCEL,4677,0,,,0,0
CANCEL,2912,0,,,0,0
SUBMIT,4821,0,SELL,LIMIT,9936,18
MODIFY,4765,0,,,9931,6
MODIFY,4807,0,,,9935,6
SUBMIT,4822,0,BUY,LIMIT,9931,32
SUBMIT,4823,0,SELL,LIMIT,9937,36
SUBMIT,4824,0,SELL,LIMIT,9937,46
SUBMIT,4825,0,BUY,LIMIT,9927,5
SUBMIT,4826,0,SELL,LIMIT,9935,18
CANCEL,2772,0,,,0,0
CANCEL,4135,0,,,0,0
SUBMIT,4827,0,BUY,LIMIT,9929,20
SUBMIT,4828,0,SELL,LIMIT,9935,28
SUBMIT,4829,0,SELL,LIMIT,9932,43
MODIFY,4765,0,,,9930,10
MODIFY,4807,0,,,9933,10
CANCEL,4290,0,,,0,0
SUBMIT,4830,0,BUY,MARKET,0,25
SUBMIT,4831,0,BUY,LIMIT,9928,2
SUBMIT,4832,0,BUY,MARKET,0,33
SUBMIT,4833,0,SELL,LIMIT,9935,7
SUBMIT,4834,0,BUY,LIMIT,9927,24
SUBMIT,4835,0,SELL,LIMIT,9936,50
SUBMIT,4836,0,BUY,MARKET,0,37
SUBMIT,4837,0,SELL,MARKET,0,38
SUBMIT,4838,0,BUY,MARKET,0,50
MODIFY,4765,0,,,9930,15
SUBMIT,4839,1,SELL,LIMIT,9933,15
SUBMIT,4840,0,BUY,MARKET,0,13
CANCEL,4574,0,,,0,0
SUBMIT,4841,0,BUY,LIMIT,9929,33
CANCEL,1044,0,,,0,0
CANCEL,2190,0,,,0,0
SUBMIT,4842,0,SELL,LIMIT,9934,46
SUBMIT,4843,0,BUY,LIMIT,9931,29
SUBMIT,4844,0,SELL,LIMIT,9934,25
SUBMIT,4845,0,BUY,LIMIT,9930,8
SUBMIT,4846,0,BUY,LIMIT,9930,30
MODIFY,4765,0,,,9930,18
MODIFY,4839,0,,,9936,18
CANCEL,4606,0,,,0,0
SUBMIT,4847,0,SELL,MARKET,0,29
CANCEL,4705,0,,,0,0
CANCEL,3230,0,,,0,0
SUBMIT,4848,0,BUY,LIMIT,9931,24
SUBMIT,4849,0,BUY,LIMIT,9932,9
SUBMIT,4850,0,BUY,LIMIT,9931,23
SUBMIT,4851,0,BUY,LIMIT,9930,9
CANCEL,3500,0,,,0,0
SUBMIT,4852,0,SELL,LIMIT,9937,22
MODIFY,4765,0,,,9932,4
MODIFY,4839,0,,,9936,4
SUBMIT,4853,0,SELL,LIMIT,9939,42
CANCEL,4525,0,,,0,0
CANCEL,4598,0,,,0,0
SUBMIT,4854,0,SELL,MARKET,0,29
SUBMIT,4855,0,BUY,LIMIT,9931,48
SUBMIT,4856,0,BUY,LIMIT,9931,33
SUBMIT,4857,0,SELL,LIMIT,9938,18
CANCEL,4465,0,,,0,0
SUBMIT,4858,0,SELL,LIMIT,9936,44
CANCEL,4823,0,,,0,0
SUBMIT,4859,1,BUY,LIMIT,9934,4
MODIFY,4839,0,,,9937,4
SUBMIT,4860,0,SELL,LIMIT,9939,50
SUBMIT,4861,0,BUY,LIMIT,9934,16
SUBMIT,4862,0,SELL,MARKET,0,45
CANCEL,4343,0,,,0,0
SUBMIT,4863,0,SELL,LIMIT,9937,23
SUBMIT,4864,0,SELL,LIMIT,9938,31
SUBMIT,4865,0,SELL,MARKET,0,7
SUBMIT,4866,0,SELL,LIMIT,9936,34
CANCEL,4518,0,,,0,0
SUBMIT,4867,0,BUY,LIMIT,9931,12
SUBMIT,4868,1,BUY,LIMIT,9932,16
MODIFY,4839,0,,,9936,16
CANCEL,434,0,,,0,0
CANCEL,3596,0,,,0,0
SUBMIT,4869,0,SELL,LIMIT,9935,39
SUBMIT,4870,0,SELL,LIMIT,9940,40
SUBMIT,4871,0,SELL,LIMIT,9939,45
CANCEL,2601,0,,,0,0
SUBMIT,4872,0,SELL,LIMIT,9935,30
SUBMIT,4873,0,BUY,LIMIT,9933,46
SUBMIT,4874,0,SELL,LIMIT,9936,14
SUBMIT,4875,0,SELL,LIMIT,9937,43
MODIFY,4868,0,,,9931,1
MODIFY,4839,0,,,9936,1
CANCEL,4751,0,,,0,0
SUBMIT,4876,0,BUY,LIMIT,9931,38
SUBMIT,4877,0,SELL,LIMIT,9938,2
SUBMIT,4878,0,BUY,MARKET,0,7
SUBMIT,4879,0,SELL,LIMIT,9937,49
SUBMIT,4880,0,SELL,LIMIT,9936,16
SUBMIT,4881,0,SELL,LIMIT,9938,47
SUBMIT,4882,0,SELL,LIMIT,9940,18
CANCEL,3475,0,,,0,0
SUBMIT,4883,0,SELL,LIMIT,9936,45
MODIFY,4868,0,,,9933,16
MODIFY,4839,0,,,9937,16
SUBMIT,4884,0,SELL,LIMIT,9939,48
SUBMIT,4885,0,SELL,LIMIT,9936,20
SUBMIT,4886,0,SELL,LIMIT,9936,24
SUBMIT,4887,0,SELL,MARKET,0,40
SUBMIT,4888,0,BUY,LIMIT,9929,7
CANCEL,2977,0,,,0,0
SUBMIT,4889,0,BUY,LIMIT,9931,21
SUBMIT,4890,0,BUY,LIMIT,9931,44
SUBMIT,4891,0,SELL,LIMIT,9940,12
SUBMIT,4892,0,SELL,LIMIT,9937,14
MODIFY,4868,0,,,9932,17
MODIFY,4839,0,,,9936,17
SUBMIT,4893,0,BUY,LIMIT,9930,43
CANCEL,4727,0,,,0,0
SUBMIT,4894,0,SELL,MARKET,0,29
SUBMIT,4895,0,BUY,LIMIT,9931,23
SUBMIT,4896,0,BUY,LIMIT,9930,6
SUBMIT,4897,0,SELL,MARKET,0,1
SUBMIT,4898,0,BUY,LIMIT,9931,2
CANCEL,4617,0,,,0,0
SUBMIT,4899,0,SELL,MARKET,0,15
SUBMIT,4900,0,BUY,LIMIT,9935,10
SUBMIT,4901,1,BUY,LIMIT,9935,12
MODIFY,4839,0,,,9938,12
CANCEL,1913,0,,,0,0
CANCEL,958,0,,,0,0
SUBMIT,4902,0,SELL,LIMIT,9940,48
CANCEL,4686,0,,,0,0
SUBMIT,4903,0,SELL,LIMIT,9938,18
SUBMIT,4904,0,BUY,LIMIT,9934,45
SUBMIT,4905,0,BUY,LIMIT,9933,33
CANCEL,2621,0,,,0,0
CANCEL,2607,0,,,0,0
SUBMIT,4906,0,BUY,LIMIT,9934,16
SUBMIT,4907,1,BUY,LIMIT,9936,10
MODIFY,4839,0,,,9938,10
SUBMIT,4908,0,SELL,LIMIT,9939,7
SUBMIT,4909,0,SELL,MARKET,0,23
SUBMIT,4910,0,SELL,LIMIT,9939,39
SUBMIT,4911,0,SELL,LIMIT,9940,28
SUBMIT,4912,0,SELL,MARKET,0,7
SUBMIT,4913,0,SELL,LIMIT,9938,44
CANCEL,2194,0,,,0,0
SUBMIT,4914,0,BUY,LIMIT,9931,36
SUBMIT,4915,0,BUY,LIMIT,9932,8
SUBMIT,4916,0,SELL,MARKET,0,18
SUBMIT,4917,1,BUY,LIMIT,9933,6
MODIFY,4839,0,,,9939,6
SUBMIT,4918,0,BUY,LIMIT,9933,48
SUBMIT,4919,0,BUY,LIMIT,9933,39
SUBMIT,4920,0,SELL,LIMIT,9940,50
CANCEL,3979,0,,,0,0
SUBMIT,4921,0,SELL,LIMIT,9937,10
SUBMIT,4922,0,SELL,LIMIT,9941,11
SUBMIT,4923,0,SELL,LIMIT,9940,4
SUBMIT,4924,0,SELL,LIMIT,9940,42
CANCEL,4824,0,,,0,0
SUBMIT,4925,0,BUY,LIMIT,9930,22
MODIFY,4917,0,,,9933,5
MODIFY,4839,0,,,9936,5
SUBMIT,4926,0,SELL,MARKET,0,36
SUBMIT,4927,0,SELL,LIMIT,9937,37
SUBMIT,4928,0,SELL,LIMIT,9938,7
SUBMIT,4929,0,SELL,LIMIT,9941,33
SUBMIT,4930,0,SELL,LIMIT,9940,35
SUBMIT,4931,0,BUY,LIMIT,9931,6
SUBMIT,4932,0,SELL,LIMIT,9937,4
SUBMIT,4933,0,SELL,LIMIT,9938,11
SUBMIT,4934,0,SELL,LIMIT,9940,45
SUBMIT,4935,0,BUY,LIMIT,9935,1
SUBMIT,4936,1,BUY,LIMIT,9933,5
MODIFY,4839,0,,,9938,5
SUBMIT,4937,0,BUY,LIMIT,9934,22
CANCEL,4129,0,,,0,0
SUBMIT,4938,0,SELL,LIMIT,9940,10
CANCEL,2747,0,,,0,0
SUBMIT,4939,0,BUY,MARKET,0,19
SUBMIT,4940,0,BUY,LIMIT,9933,11
SUBMIT,4941,0,BUY,LIMIT,9932,37
SUBMIT,4942,0,BUY,LIMIT,9932,20
SUBMIT,4943,0,SELL,LIMIT,9941,33
SUBMIT,4944,0,SELL,LIMIT,9942,42
MODIFY,4936,0,,,9935,7
MODIFY,4839,0,,,9940,7
SUBMIT,4945,0,BUY,LIMIT,9934,3
SUBMIT,4946,0,SELL,LIMIT,9938,7
CANCEL,4721,0,,,0,0
SUBMIT,4947,0,BUY,LIMIT,9933,39
SUBMIT,4948,0,SELL,LIMIT,9939,39
CANCEL,1870,0,,,0,0
SUBMIT,4949,0,BUY,MARKET,0,44
SUBMIT,4950,0,BUY,LIMIT,9933,2
SUBMIT,4951,0,SELL,LIMIT,9939,24
SUBMIT,4952,0,BUY,LIMIT,9936,49
SUBMIT,4953,1,BUY,LIMIT,9937,6
MODIFY,4839,0,,,9940,6
SUBMIT,4954,0,SELL,LIMIT,9943,34
SUBMIT,4955,0,SELL,LIMIT,9943,50
SUBMIT,4956,0,SELL,LIMIT,9943,18
SUBMIT,4957,0,SELL,LIMIT,9940,21
CANCEL,4476,0,,,0,0
SUBMIT,4958,0,BUY,LIMIT,9936,12
SUBMIT,4959,0,SELL,LIMIT,9940,44
SUBMIT,4960,0,BUY,LIMIT,9932,20
CANCEL,3710,0,,,0,0
SUBMIT,4961,0,SELL,MARKET,0,10
SUBMIT,4962,1,BUY,LIMIT,9935,15
MODIFY,4839,0,,,9939,15
SUBMIT,4963,0,BUY,MARKET,0,48
CANCEL,3969,0,,,0,0
SUBMIT,4964,0,BUY,LIMIT,9933,26
SUBMIT,4965,0,BUY,LIMIT,9933,50
CANCEL,4338,0,,,0,0
SUBMIT,4966,0,BUY,LIMIT,9935,16
SUBMIT,4967,0,BUY,LIMIT,9935,17
SUBMIT,4968,0,SELL,LIMIT,9937,16
SUBMIT,4969,0,SELL,LIMIT,9940,49
SUBMIT,4970,0,BUY,LIMIT,9935,5
MODIFY,4962,0,,,9934,2
MODIFY,4839,0,,,9940,2
SUBMIT,4971,0,BUY,LIMIT,9934,19
SUBMIT,4972,0,SELL,LIMIT,9940,31
SUBMIT,4973,0,BUY,LIMIT,9934,10
CANCEL,4871,0,,,0,0
CANCEL,3742,0,,,0,0
SUBMIT,4974,0,BUY,LIMIT,9932,42
SUBMIT,4975,0,SELL,LIMIT,9939,2
SUBMIT,4976,0,SELL,LIMIT,9941,41
CANCEL,4650,0,,,0,0
SUBMIT,4977,0,SELL,LIMIT,9941,28
MODIFY,4962,0,,,9935,17
MODIFY,4839,0,,,9939,17
CANCEL,2333,0,,,0,0
SUBMIT,4978,0,BUY,MARKET,0,47
SUBMIT,4979,0,SELL,MARKET,0,23
SUBMIT,4980,0,BUY,LIMIT,9937,16
SUBMIT,4981,0,BUY,LIMIT,9935,42
SUBMIT,4982,0,SELL,MARKET,0,36
CANCEL,4542,0,,,0,0
SUBMIT,4983,0,BUY,MARKET,0,18
SUBMIT,4984,0,SELL,LIMIT,9942,38
SUBMIT,4985,0,SELL,LIMIT,9944,44
SUBMIT,4986,1,BUY,LIMIT,9937,11
MODIFY,4839,0,,,9942,11
SUBMIT,4987,0,SELL,LIMIT,9944,2
SUBMIT,4988,0,SELL,MARKET,0,2
SUBMIT,4989,0,SELL,LIMIT,9940,8
SUBMIT,4990,0,BUY,LIMIT,9935,33
SUBMIT,4991,0,SELL,LIMIT,9941,1
SUBMIT,4992,0,SELL,LIMIT,9941,37
CANCEL,1704,0,,,0,0
CANCEL,4050,0,,,0,0
SUBMIT,4993,0,BUY,LIMIT,9931,13
SUBMIT,4994,0,BUY,LIMIT,9935,13
SUBMIT,4995,1,BUY,LIMIT,9934,18
MODIFY,4839,0,,,9939,18
SUBMIT,4996,0,SELL,LIMIT,9939,39
SUBMIT,4997,0,SELL,MARKET,0,33
SUBMIT,4998,0,SELL,LIMIT,9940,13
CANCEL,3342,0,,,0,0
SUBMIT,4999,0,SELL,MARKET,0,18
SUBMIT,5000,0,SELL,MARKET,0,24
SUBMIT,5001,0,BUY,LIMIT,9933,31
SUBMIT,5002,0,SELL,MARKET,0,42
SUBMIT,5003,0,SELL,LIMIT,9937,27
CANCEL,4109,0,,,0,0
MODIFY,4995,0,,,9932,9
MODIFY,4839,0,,,9935,9
SUBMIT,5004,0,BUY,LIMIT,9929,3
CANCEL,4057,0,,,0,0
CANCEL,3062,0,,,0,0
SUBMIT,5005,0,SELL,LIMIT,9939,38
SUBMIT,5006,0,BUY,LIMIT,9934,34
SUBMIT,5007,0,BUY,MARKET,0,17
CANCEL,2338,0,,,0,0
SUBMIT,5008,0,SELL,LIMIT,9936,25
CANCEL,4539,0,,,0,0
CANCEL,2536,0,,,0,0
MODIFY,4995,0,,,9932,9
SUBMIT,5009,1,SELL,LIMIT,9935,9
SUBMIT,5010,0,SELL,LIMIT,9936,16
SUBMIT,5011,0,BUY,MARKET,0,47
SUBMIT,5012,0,SELL,LIMIT,9940,4
CANCEL,4621,0,,,0,0
SUBMIT,5013,0,SELL,LIMIT,9938,43
SUBMIT,5014,0,BUY,LIMIT,9932,28
CANCEL,4430,0,,,0,0
CANCEL,4588,0,,,0,0
SUBMIT,5015,0,SELL,LIMIT,9940,35
SUBMIT,5016,0,SELL,LIMIT,9940,39
MODIFY,4995,0,,,9934,19
SUBMIT,5017,1,SELL,LIMIT,9937,19
SUBMIT,5018,0,BUY,LIMIT,9931,32
CANCEL,3946,0,,,0,0
SUBMIT,5019,0,BUY,LIMIT,9934,7
SUBMIT,5020,0,BUY,LIMIT,9934,4
SUBMIT,5021,0,BUY,LIMIT,9932,17
CANCEL,1030,0,,,0,0
SUBMIT,5022,0,SELL,LIMIT,9938,27
SUBMIT,5023,0,BUY,LIMIT,9930,18
CANCEL,5005,0,,,0,0
SUBMIT,5024,0,BUY,LIMIT,9930,47
MODIFY,4995,0,,,9932,18
MODIFY,5017,0,,,9937,18
SUBMIT,5025,0,BUY,LIMIT,9930,2
SUBMIT,5026,0,BUY,LIMIT,9929,21
SUBMIT,5027,0,SELL,LIMIT,9938,26
SUBMIT,5028,0,SELL,LIMIT,9935,44
SUBMIT,5029,0,SELL,MARKET,0,10
CANCEL,2844,0,,,0,0
CANCEL,2831,0,,,0,0
CANCEL,1880,0,,,0,0
SUBMIT,5030,0,SELL,LIMIT,9937,27
SUBMIT,5031,0,BUY,LIMIT,9932,21
MODIFY,4995,0,,,9932,1
MODIFY,5017,0,,,9935,1
CANCEL,4941,0,,,0,0
SUBMIT,5032,0,BUY,LIMIT,9931,19
SUBMIT,5033,0,SELL,LIMIT,9935,38
SUBMIT,5034,0,SELL,LIMIT,9938,49
CANCEL,3661,0,,,0,0
SUBMIT,5035,0,BUY,LIMIT,9930,26
SUBMIT,5036,0,BUY,MARKET,0,15
SUBMIT,5037,0,SELL,LIMIT,9937,34
CANCEL,2796,0,,,0,0
SUBMIT,5038,0,SELL,MARKET,0,5
MODIFY,4995,0,,,9931,16
MODIFY,5017,0,,,9933,16
SUBMIT,5039,0,SELL,MARKET,0,9
SUBMIT,5040,0,SELL,MARKET,0,41
CANCEL,4441,0,,,0,0
SUBMIT,5041,0,BUY,LIMIT,9928,28
SUBMIT,5042,0,SELL,LIMIT,9937,30
SUBMIT,5043,0,SELL,MARKET,0,47
SUBMIT,5044,0,BUY,LIMIT,9930,29
CANCEL,4940,0,,,0,0
SUBMIT,5045,0,BUY,LIMIT,9929,26
CANCEL,3109,0,,,0,0
MODIFY,4995,0,,,9932,11
SUBMIT,5046,1,SELL,LIMIT,9936,11
SUBMIT,5047,0,BUY,LIMIT,9928,48
CANCEL,4761,0,,,0,0
SUBMIT,5048,0,BUY,LIMIT,9930,17
SUBMIT,5049,0,SELL,LIMIT,9937,30
SUBMIT,5050,0,BUY,MARKET,0,24
SUBMIT,5051,0,BUY,LIMIT,9927,26
CANCEL,3104,0,,,0,0
SUBMIT,5052,0,SELL,LIMIT,9935,35
CANCEL,4974,0,,,0,0
SUBMIT,5053,0,BUY,LIMIT,9926,38
MODIFY,4995,0,,,9929,16
MODIFY,5046,0,,,9931,16
SUBMIT,5054,0,SELL,LIMIT,9935,42
CANCEL,4446,0,,,0,0
SUBMIT,5055,0,BUY,LIMIT,9928,21
SUBMIT,5056,0,SELL,LIMIT,9937,26
SUBMIT,5057,0,SELL,LIMIT,9935,31
SUBMIT,5058,0,BUY,LIMIT,9928,50
CANCEL,3773,0,,,0,0
SUBMIT,5059,0,BUY,LIMIT,9927,18
SUBMIT,5060,0,SELL,LIMIT,9934,20
CANCEL,3786,0,,,0,0
MODIFY,4995,0,,,9932,3
SUBMIT,5061,1,SELL,LIMIT,9935,3
SUBMIT,5062,0,SELL,LIMIT,9937,42
CANCEL,3718,0,,,0,0
SUBMIT,5063,0,SELL,LIMIT,9934,4
SUBMIT,5064,0,BUY,MARKET,0,45
CANCEL,4364,0,,,0,0
CANCEL,2940,0,,,0,0
SUBMIT,5065,0,BUY,LIMIT,9926,43
SUBMIT,5066,0,SELL,MARKET,0,19
SUBMIT,5067,0,BUY,LIMIT,9925,20
SUBMIT,5068,0,SELL,MARKET,0,5
MODIFY,4995,0,,,9928,1
MODIFY,5061,0,,,9930,1
SUBMIT,5069,0,BUY,LIMIT,9926,12
CANCEL,3919,0,,,0,0
SUBMIT,5070,0,SELL,LIMIT,9931,33
SUBMIT,5071,0,BUY,LIMIT,9923,14
CANCEL,1908,0,,,0,0
SUBMIT,5072,0,BUY,MARKET,0,21
CANCEL,1603,0,,,0,0
SUBMIT,5073,0,SELL,LIMIT,9931,48
CANCEL,3113,0,,,0,0
CANCEL,4270,0,,,0,0
MODIFY,4995,0,,,9924,7
SUBMIT,5074,1,SELL,LIMIT,9928,7
SUBMIT,5075,0,BUY,MARKET,0,23
SUBMIT,5076,0,SELL,LIMIT,9929,11
SUBMIT,5077,0,SELL,LIMIT,9930,39
SUBMIT,5078,0,SELL,LIMIT,9929,38
SUBMIT,5079,0,BUY,LIMIT,9924,20
CANCEL,4762,0,,,0,0
SUBMIT,5080,0,SELL,LIMIT,9930,37
CANCEL,4902,0,,,0,0
SUBMIT,5081,0,SELL,LIMIT,9930,31
SUBMIT,5082,0,BUY,MARKET,0,15
MODIFY,4995,0,,,9922,6
SUBMIT,5083,1,SELL,LIMIT,9928,6
SUBMIT,5084,0,SELL,LIMIT,9928,13
SUBMIT,5085,0,BUY,LIMIT,9924,6
CANCEL,3671,0,,,0,0
SUBMIT,5086,0,BUY,LIMIT,9925,26
SUBMIT,5087,0,SELL,MARKET,0,30
CANCEL,4674,0,,,0,0
SUBMIT,5088,0,BUY,LIMIT,9925,47
SUBMIT,5089,0,SELL,LIMIT,9930,47
CANCEL,4522,0,,,0,0
SUBMIT,5090,0,BUY,LIMIT,9922,17
MODIFY,4995,0,,,9924,17
SUBMIT,5091,1,SELL,LIMIT,9928,17
SUBMIT,5092,0,SELL,LIMIT,9929,8
SUBMIT,5093,0,BUY,MARKET,0,27
SUBMIT,5094,0,SELL,LIMIT,9932,30
SUBMIT,5095,0,BUY,LIMIT,9925,30
CANCEL,5067,0,,,0,0
SUBMIT,5096,0,BUY,LIMIT,9922,28
SUBMIT,5097,0,BUY,LIMIT,9926,33
SUBMIT,5098,0,BUY,LIMIT,9925,42
SUBMIT,5099,0,SELL,LIMIT,9932,36
CANCEL,4659,0,,,0,0
MODIFY,4995,0,,,9924,2
SUBMIT,5100,1,SELL,LIMIT,9929,2
SUBMIT,5101,0,SELL,LIMIT,9931,28
SUBMIT,5102,0,SELL,LIMIT,9929,45
SUBMIT,5103,0,BUY,LIMIT,9925,4
SUBMIT,5104,0,BUY,LIMIT,9922,17
SUBMIT,5105,0,SELL,LIMIT,9931,35
SUBMIT,5106,0,SELL,LIMIT,9931,35
SUBMIT,5107,0,SELL,LIMIT,9929,34
SUBMIT,5108,0,SELL,LIMIT,9929,27
SUBMIT,5109,0,BUY,LIMIT,9923,26
SUBMIT,5110,0,BUY,LIMIT,9925,45
MODIFY,4995,0,,,9925,15
SUBMIT,5111,1,SELL,LIMIT,9930,15
SUBMIT,5112,0,SELL,LIMIT,9930,14
SUBMIT,5113,0,SELL,MARKET,0,18
CANCEL,2509,0,,,0,0
SUBMIT,5114,0,SELL,LIMIT,9933,2
CANCEL,4481,0,,,0,0
SUBMIT,5115,0,BUY,LIMIT,9927,43
CANCEL,2440,0,,,0,0
CANCEL,2162,0,,,0,0
CANCEL,3847,0,,,0,0
SUBMIT,5116,0,SELL,LIMIT,9935,21
MODIFY,4995,0,,,9929,13
SUBMIT,5117,1,SELL,LIMIT,9933,13
SUBMIT,5118,0,BUY,LIMIT,9928,16
CANCEL,3519,0,,,0,0
SUBMIT,5119,0,BUY,LIMIT,9926,17
SUBMIT,5120,0,SELL,LIMIT,9931,46
SUBMIT,5121,0,BUY,LIMIT,9927,6
SUBMIT,5122,0,SELL,LIMIT,9933,50
CANCEL,2935,0,,,0,0
SUBMIT,5123,0,SELL,MARKET,0,29
CANCEL,834,0,,,0,0
SUBMIT,5124,0,BUY,LIMIT,9924,7
MODIFY,4995,0,,,9926,14
MODIFY,5117,0,,,9930,14
SUBMIT,5125,0,SELL,MARKET,0,42
CANCEL,4198,0,,,0,0
SUBMIT,5126,0,BUY,LIMIT,9925,41
SUBMIT,5127,0,SELL,LIMIT,9932,27
SUBMIT,5128,0,SELL,MARKET,0,18
CANCEL,5069,0,,,0,0
SUBMIT,5129,0,BUY,LIMIT,9928,21
CANCEL,2633,0,,,0,0
SUBMIT,5130,0,SELL,LIMIT,9934,40
CANCEL,4644,0,,,0,0
MODIFY,4995,0,,,9928,12
SUBMIT,5131,1,SELL,LIMIT,9933,12
SUBMIT,5132,0,BUY,LIMIT,9926,5
SUBMIT,5133,0,SELL,LIMIT,9933,50
SUBMIT,5134,0,SELL,LIMIT,9930,43
SUBMIT,5135,0,BUY,MARKET,0,22
CANCEL,3771,0,,,0,0
CANCEL,2435,0,,,0,0
SUBMIT,5136,0,BUY,LIMIT,9923,48
SUBMIT,5137,0,BUY,LIMIT,9927,30
CANCEL,2941,0,,,0,0
SUBMIT,5138,0,SELL,LIMIT,9932,47
MODIFY,4995,0,,,9925,13
MODIFY,5131,0,,,9930,13
CANCEL,2854,0,,,0,0
CANCEL,475,0,,,0,0
SUBMIT,5139,0,SELL,LIMIT,9929,36
SUBMIT,5140,0,SELL,LIMIT,9931,19
CANCEL,1397,0,,,0,0
SUBMIT,5141,0,BUY,LIMIT,9927,46
CANCEL,4330,0,,,0,0
SUBMIT,5142,0,SELL,LIMIT,9931,24
SUBMIT,5143,0,SELL,MARKET,0,29
SUBMIT,5144,0,BUY,LIMIT,9924,48
MODIFY,4995,0,,,9926,11
SUBMIT,5145,1,SELL,LIMIT,9931,11
CANCEL,4965,0,,,0,0
SUBMIT,5146,0,BUY,LIMIT,9928,15
SUBMIT,5147,0,SELL,MARKET,0,48
SUBMIT,5148,0,SELL,LIMIT,9932,8
SUBMIT,5149,0,BUY,LIMIT,9927,15
SUBMIT,5150,0,BUY,LIMIT,9926,29
CANCEL,4927,0,,,0,0
SUBMIT,5151,0,BUY,LIMIT,9925,49
SUBMIT,5152,0,SELL,LIMIT,9933,49
CANCEL,4111,0,,,0,0
MODIFY,4995,0,,,9929,19
MODIFY,5145,0,,,9931,19
SUBMIT,5153,0,SELL,MARKET,0,35
SUBMIT,5154,0,SELL,MARKET,0,46
SUBMIT,5155,0,BUY,LIMIT,9928,40
SUBMIT,5156,0,BUY,MARKET,0,48
CANCEL,3017,0,,,0,0
CANCEL,4328,0,,,0,0
SUBMIT,5157,0,BUY,LIMIT,9925,43
SUBMIT,5158,0,BUY,LIMIT,9927,48
SUBMIT,5159,0,BUY,MARKET,0,13
CANCEL,4132,0,,,0,0
MODIFY,4995,0,,,9927,2
SUBMIT,5160,1,SELL,LIMIT,9930,2
SUBMIT,5161,0,SELL,LIMIT,9932,40
SUBMIT,5162,0,BUY,LIMIT,9927,11
CANCEL,4282,0,,,0,0
SUBMIT,5163,0,SELL,LIMIT,9934,1
SUBMIT,5164,0,SELL,LIMIT,9936,47
SUBMIT,5165,0,BUY,LIMIT,9927,8
SUBMIT,5166,0,BUY,LIMIT,9927,10
SUBMIT,5167,0,SELL,MARKET,0,22
CANCEL,5086,0,,,0,0
CANCEL,2047,0,,,0,0
MODIFY,4995,0,,,9928,7
SUBMIT,5168,1,SELL,LIMIT,9932,7
SUBMIT,5169,0,BUY,LIMIT,9929,47
SUBMIT,5170,0,SELL,LIMIT,9934,48
SUBMIT,5171,0,BUY,LIMIT,9927,17
SUBMIT,5172,0,BUY,LIMIT,9926,15
SUBMIT,5173,0,SELL,LIMIT,9933,9
SUBMIT,5174,0,SELL,LIMIT,9932,11
CANCEL,4107,0,,,0,0
SUBMIT,5175,0,BUY,LIMIT,9931,10
SUBMIT,5176,0,SELL,MARKET,0,26
SUBMIT,5177,0,BUY,LIMIT,9927,14
MODIFY,4995,0,,,9931,20
MODIFY,5168,0,,,9935,20
SUBMIT,5178,0,BUY,LIMIT,9932,1
CANCEL,4344,0,,,0,0
SUBMIT,5179,0,BUY,MARKET,0,15
CANCEL,2989,0,,,0,0
SUBMIT,5180,0,BUY,LIMIT,9934,31
SUBMIT,5181,0,SELL,MARKET,0,40
SUBMIT,5182,0,BUY,LIMIT,9930,6
CANCEL,4731,0,,,0,0
SUBMIT,5183,0,SELL,LIMIT,9938,43
SUBMIT,5184,0,BUY,MARKET,0,2
SUBMIT,5185,1,BUY,LIMIT,9933,20
MODIFY,5168,0,,,9936,20
SUBMIT,5186,0,SELL,MARKET,0,14
SUBMIT,5187,0,SELL,LIMIT,9938,24
SUBMIT,5188,0,BUY,LIMIT,9932,14
CANCEL,2770,0,,,0,0
SUBMIT,5189,0,BUY,LIMIT,9931,34
CANCEL,5026,0,,,0,0
SUBMIT,5190,0,SELL,LIMIT,9935,36
CANCEL,5122,0,,,0,0
CANCEL,4759,0,,,0,0
CANCEL,2101,0,,,0,0
SUBMIT,5191,1,BUY,LIMIT,9931,5
MODIFY,5168,0,,,9934,5
CANCEL,2203,0,,,0,0
SUBMIT,5192,0,BUY,LIMIT,9930,39
CANCEL,4930,0,,,0,0
SUBMIT,5193,0,SELL,LIMIT,9937,35
SUBMIT,5194,0,SELL,LIMIT,9937,6
SUBMIT,5195,0,SELL,MARKET,0,2
SUBMIT,5196,0,BUY,LIMIT,9929,24
SUBMIT,5197,0,SELL,LIMIT,9934,2
CANCEL,4885,0,,,0,0
SUBMIT,5198,0,SELL,LIMIT,9932,29
MODIFY,5191,0,,,9929,4
MODIFY,5168,0,,,9933,4
CANCEL,3996,0,,,0,0
SUBMIT,5199,0,BUY,LIMIT,9926,37
SUBMIT,5200,0,SELL,LIMIT,9932,27
CANCEL,756,0,,,0,0
SUBMIT,5201,0,SELL,LIMIT,9933,2
SUBMIT,5202,0,SELL,MARKET,0,45
SUBMIT,5203,0,SELL,LIMIT,9933,45
CANCEL,4356,0,,,0,0
CANCEL,3136,0,,,0,0
SUBMIT,5204,0,BUY,LIMIT,9927,49
MODIFY,5191,0,,,9930,7
MODIFY,5168,0,,,9932,7
SUBMIT,5205,0,BUY,LIMIT,9927,37
SUBMIT,5206,0,SELL,LIMIT,9932,49
SUBMIT,5207,0,BUY,LIMIT,9925,26
CANCEL,4946,0,,,0,0
SUBMIT,5208,0,SELL,LIMIT,9932,30
SUBMIT,5209,0,SELL,MARKET,0,28
CANCEL,4667,0,,,0,0
SUBMIT,5210,0,BUY,LIMIT,9931,41
SUBMIT,5211,0,BUY,LIMIT,9932,13
SUBMIT,5212,0,SELL,LIMIT,9934,41
MODIFY,5191,0,,,9930,17
MODIFY,5168,0,,,9934,17
SUBMIT,5213,0,SELL,LIMIT,9933,3
CANCEL,3830,0,,,0,0
CANCEL,4583,0,,,0,0
CANCEL,3655,0,,,0,0
CANCEL,5023,0,,,0,0
CANCEL,5171,0,,,0,0
SUBMIT,5214,0,SELL,LIMIT,9936,35
SUBMIT,5215,0,BUY,LIMIT,9929,29
CANCEL,1579,0,,,0,0
SUBMIT,5216,0,SELL,MARKET,0,12
MODIFY,5191,0,,,9931,5
MODIFY,5168,0,,,9933,5
SUBMIT,5217,0,BUY,LIMIT,9929,22
SUBMIT,5218,0,BUY,LIMIT,9928,49
SUBMIT,5219,0,BUY,LIMIT,9927,50
SUBMIT,5220,0,SELL,LIMIT,9934,35
SUBMIT,5221,0,SELL,LIMIT,9934,38
SUBMIT,5222,0,BUY,LIMIT,9929,13
CANCEL,4627,0,,,0,0
SUBMIT,5223,0,BUY,LIMIT,9926,5
CANCEL,3792,0,,,0,0
SUBMIT,5224,0,BUY,LIMIT,9927,32
MODIFY,5191,0,,,9930,8
MODIFY,5168,0,,,9935,8
SUBMIT,5225,0,BUY,LIMIT,9927,3
SUBMIT,5226,0,SELL,MARKET,0,42
SUBMIT,5227,0,BUY,LIMIT,9931,6
SUBMIT,5228,0,SELL,LIMIT,9936,5
SUBMIT,5229,0,BUY,LIMIT,9928,45
CANCEL,4904,0,,,0,0
SUBMIT,5230,0,SELL,LIMIT,9932,3
CANCEL,5192,0,,,0,0
SUBMIT,5231,0,BUY,LIMIT,9927,39
CANCEL,4410,0,,,0,0
MODIFY,5191,0,,,9927,18
MODIFY,5168,0,,,9933,18
SUBMIT,5232,0,SELL,LIMIT,9933,17
SUBMIT,5233,0,BUY,LIMIT,9928,47
SUBMIT,5234,0,SELL,LIMIT,9931,34
SUBMIT,5235,0,SELL,LIMIT,9934,20
SUBMIT,5236,0,BUY,LIMIT,9925,14
SUBMIT,5237,0,SELL,MARKET,0,26
SUBMIT,5238,0,SELL,LIMIT,9932,37
SUBMIT,5239,0,SELL,MARKET,0,50
SUBMIT,5240,0,SELL,LIMIT,9931,25
SUBMIT,5241,0,BUY,LIMIT,9927,39
MODIFY,5191,0,,,9928,1
MODIFY,5168,0,,,9932,1
CANCEL,5196,0,,,0,0
CANCEL,4800,0,,,0,0
SUBMIT,5242,0,SELL,LIMIT,9934,32
SUBMIT,5243,0,SELL,LIMIT,9936,6
SUBMIT,5244,0,SELL,LIMIT,9935,48
SUBMIT,5245,0,BUY,LIMIT,9929,26
CANCEL,2396,0,,,0,0
CANCEL,4472,0,,,0,0
CANCEL,3901,0,,,0,0
CANCEL,4697,0,,,0,0
MODIFY,5191,0,,,9929,1
MODIFY,5168,0,,,9933,1
SUBMIT,5246,0,SELL,LIMIT,9934,4
CANCEL,4275,0,,,0,0
SUBMIT,5247,0,BUY,LIMIT,9929,49
SUBMIT,5248,0,BUY,LIMIT,9929,50
SUBMIT,5249,0,SELL,LIMIT,9937,32
SUBMIT,5250,0,SELL,LIMIT,9934,29
CANCEL,5088,0,,,0,0
SUBMIT,5251,0,BUY,LIMIT,9928,30
SUBMIT,5252,0,SELL,LIMIT,9936,17
SUBMIT,5253,0,BUY,LIMIT,9927,23
MODIFY,5191,0,,,9930,20
MODIFY,5168,0,,,9933,20
SUBMIT,5254,0,SELL,LIMIT,9936,41
SUBMIT,5255,0,BUY,LIMIT,9931,19
SUBMIT,5256,0,BUY,LIMIT,9931,12
CANCEL,4125,0,,,0,0
SUBMIT,5257,0,SELL,LIMIT,9936,33
SUBMIT,5258,0,SELL,LIMIT,9937,42
SUBMIT,5259,0,SELL,MARKET,0,34
SUBMIT,5260,0,BUY,LIMIT,9932,27
SUBMIT,5261,0,SELL,LIMIT,9934,49
SUBMIT,5262,0,SELL,LIMIT,9938,16
MODIFY,5191,0,,,9930,6
MODIFY,5168,0,,,9935,6
CANCEL,2340,0,,,0,0
SUBMIT,5263,0,BUY,LIMIT,9932,44
SUBMIT,5264,0,BUY,LIMIT,9931,15
CANCEL,3077,0,,,0,0
SUBMIT,5265,0,BUY,LIMIT,9933,43
CANCEL,5138,0,,,0,0
SUBMIT,5266,0,SELL,LIMIT,9936,28
CANCEL,4799,0,,,0,0
CANCEL,4565,0,,,0,0
SUBMIT,5267,0,BUY,LIMIT,9932,6
MODIFY,5191,0,,,9930,10
MODIFY,5168,0,,,9935,10
CANCEL,5003,0,,,0,0
CANCEL,4537,0,,,0,0
CANCEL,4884,0,,,0,0
SUBMIT,5268,0,SELL,LIMIT,9934,34
SUBMIT,5269,0,SELL,LIMIT,9937,36
SUBMIT,5270,0,SELL,LIMIT,9937,29
SUBMIT,5271,0,BUY,MARKET,0,42
SUBMIT,5272,0,BUY,LIMIT,9926,3
SUBMIT,5273,0,SELL,LIMIT,9932,2
CANCEL,4973,0,,,0,0
MODIFY,5191,0,,,9929,15
MODIFY,5168,0,,,9931,15
SUBMIT,5274,0,SELL,LIMIT,9932,4
SUBMIT,5275,0,SELL,LIMIT,9931,2
SUBMIT,5276,0,SELL,MARKET,0,19
CANCEL,5174,0,,,0,0
SUBMIT,5277,0,SELL,LIMIT,9929,5
CANCEL,4639,0,,,0,0
SUBMIT,5278,0,SELL,LIMIT,9933,46
CANCEL,4538,0,,,0,0
SUBMIT,5279,0,BUY,MARKET,0,5
CANCEL,704,0,,,0,0
MODIFY,5191,0,,,9927,7
SUBMIT,5280,1,SELL,LIMIT,9931,7
CANCEL,4753,0,,,0,0
SUBMIT,5281,0,BUY,LIMIT,9927,34
SUBMIT,5282,0,BUY,LIMIT,9927,25
SUBMIT,5283,0,SELL,LIMIT,9931,25
SUBMIT,5284,0,BUY,LIMIT,9926,33
SUBMIT,5285,0,BUY,LIMIT,9925,44
SUBMIT,5286,0,BUY,MARKET,0,18
SUBMIT,5287,0,SELL,LIMIT,9933,12
SUBMIT,5288,0,BUY,LIMIT,9924,42
CANCEL,3004,0,,,0,0
MODIFY,5191,0,,,9928,17
SUBMIT,5289,1,SELL,LIMIT,9930,17
SUBMIT,5290,0,SELL,LIMIT,9931,3
SUBMIT,5291,0,SELL,LIMIT,9930,37
SUBMIT,5292,0,SELL,LIMIT,9931,28
SUBMIT,5293,0,BUY,LIMIT,9923,36
SUBMIT,5294,0,SELL,LIMIT,9930,7
SUBMIT,5295,0,SELL,LIMIT,9931,49
CANCEL,3060,0,,,0,0
CANCEL,4335,0,,,0,0
SUBMIT,5296,0,SELL,MARKET,0,20
SUBMIT,5297,0,BUY,LIMIT,9925,46
MODIFY,5191,0,,,9925,17
SUBMIT,5298,1,SELL,LIMIT,9929,17
CANCEL,2525,0,,,0,0
CANCEL,4164,0,,,0,0
SUBMIT,5299,0,SELL,LIMIT,9930,10
SUBMIT,5300,0,BUY,LIMIT,9925,14
SUBMIT,5301,0,SELL,LIMIT,9934,46
SUBMIT,5302,0,BUY,LIMIT,9928,5
CANCEL,4307,0,,,0,0
SUBMIT,5303,0,SELL,LIMIT,9931,13
SUBMIT,5304,0,BUY,LIMIT,9928,40
SUBMIT,5305,0,BUY,LIMIT,9929,5
MODIFY,5191,0,,,9928,12
SUBMIT,5306,1,SELL,LIMIT,9931,12
CANCEL,4544,0,,,0,0
SUBMIT,5307,0,SELL,LIMIT,9932,47
CANCEL,3387,0,,,0,0
SUBMIT,5308,0,BUY,LIMIT,9929,46
CANCEL,4960,0,,,0,0
SUBMIT,5309,0,SELL,LIMIT,9936,40
CANCEL,4452,0,,,0,0
SUBMIT,5310,0,BUY,LIMIT,9928,4
SUBMIT,5311,0,SELL,LIMIT,9931,48
CANCEL,5200,0,,,0,0
MODIFY,5191,0,,,9928,19
MODIFY,5306,0,,,9932,19
SUBMIT,5312,0,BUY,LIMIT,9925,24
CANCEL,5231,0,,,0,0
SUBMIT,5313,0,BUY,LIMIT,9927,12
CANCEL,2793,0,,,0,0
SUBMIT,5314,0,BUY,LIMIT,9931,45
CANCEL,4645,0,,,0,0
SUBMIT,5315,0,BUY,LIMIT,9928,20
SUBMIT,5316,0,BUY,LIMIT,9930,10
SUBMIT,5317,0,BUY,LIMIT,9931,1
CANCEL,4844,0,,,0,0
MODIFY,5191,0,,,9930,6
MODIFY,5306,0,,,9933,6
CANCEL,3724,0,,,0,0
SUBMIT,5318,0,SELL,MARKET,0,33
CANCEL,2821,0,,,0,0
SUBMIT,5319,0,BUY,LIMIT,9931,28
SUBMIT,5320,0,BUY,LIMIT,9928,44
SUBMIT,5321,0,SELL,LIMIT,9932,11
SUBMIT,5322,0,SELL,MARKET,0,34
SUBMIT,5323,0,BUY,LIMIT,9930,33
SUBMIT,5324,0,SELL,LIMIT,9934,19
CANCEL,2978,0,,,0,0
MODIFY,5191,0,,,9930,1
MODIFY,5306,0,,,9933,1
SUBMIT,5325,0,SELL,LIMIT,9934,39
SUBMIT,5326,0,BUY,LIMIT,9930,17
CANCEL,5045,0,,,0,0
SUBMIT,5327,0,BUY,LIMIT,9930,16
SUBMIT,5328,0,SELL,LIMIT,9937,32
SUBMIT,5329,0,BUY,MARKET,0,6
CANCEL,5042,0,,,0,0
SUBMIT,5330,0,SELL,LIMIT,9932,39
SUBMIT,5331,0,BUY,LIMIT,9928,46
CANCEL,1942,0,,,0,0
MODIFY,5191,0,,,9930,9
MODIFY,5306,0,,,9933,9
CANCEL,4827,0,,,0,0
SUBMIT,5332,0,SELL,LIMIT,9933,1
SUBMIT,5333,0,SELL,LIMIT,9937,45
CANCEL,4951,0,,,0,0
SUBMIT,5334,0,BUY,MARKET,0,29
SUBMIT,5335,0,SELL,MARKET,0,34
SUBMIT,5336,0,SELL,LIMIT,9935,37
CANCEL,5051,0,,,0,0
SUBMIT,5337,0,SELL,LIMIT,9937,41
CANCEL,4841,0,,,0,0
MODIFY,5191,0,,,9931,20
MODIFY,5306,0,,,9934,20
SUBMIT,5338,0,SELL,LIMIT,9935,17
SUBMIT,5339,0,BUY,LIMIT,9927,11
SUBMIT,5340,0,BUY,LIMIT,9931,6
SUBMIT,5341,0,SELL,LIMIT,9936,11
SUBMIT,5342,0,BUY,MARKET,0,7
SUBMIT,5343,0,SELL,LIMIT,9936,19
SUBMIT,5344,0,SELL,LIMIT,9937,25
SUBMIT,5345,0,SELL,LIMIT,9932,3
SUBMIT,5346,0,SELL,LIMIT,9934,49
SUBMIT,5347,0,BUY,LIMIT,9930,43
SUBMIT,5348,1,BUY,LIMIT,9930,1
MODIFY,5306,0,,,9933,1
SUBMIT,5349,0,BUY,LIMIT,9931,41
SUBMIT,5350,0,SELL,MARKET,0,33
SUBMIT,5351,0,SELL,MARKET,0,5
SUBMIT,5352,0,BUY,MARKET,0,30
SUBMIT,5353,0,BUY,MARKET,0,42
SUBMIT,5354,0,SELL,LIMIT,9935,23
SUBMIT,5355,0,SELL,LIMIT,9936,22
CANCEL,4711,0,,,0,0
SUBMIT,5356,0,BUY,LIMIT,9928,25
SUBMIT,5357,0,BUY,LIMIT,9926,14
MODIFY,5348,0,,,9928,12
MODIFY,5306,0,,,9932,12
SUBMIT,5358,0,SELL,LIMIT,9934,42
CANCEL,5345,0,,,0,0
SUBMIT,5359,0,BUY,LIMIT,9928,39
SUBMIT,5360,0,BUY,MARKET,0,32
SUBMIT,5361,0,SELL,MARKET,0,35
SUBMIT,5362,0,BUY,MARKET,0,46
SUBMIT,5363,0,BUY,LIMIT,9926,27
SUBMIT,5364,0,BUY,LIMIT,9930,17
SUBMIT,5365,0,SELL,MARKET,0,19
CANCEL,3003,0,,,0,0
MODIFY,5348,0,,,9929,4
MODIFY,5306,0,,,9933,4
SUBMIT,5366,0,SELL,LIMIT,9932,50
SUBMIT,5367,0,SELL,LIMIT,9934,50
SUBMIT,5368,0,BUY,LIMIT,9929,50
SUBMIT,5369,0,SELL,LIMIT,9934,31
SUBMIT,5370,0,BUY,LIMIT,9927,3
SUBMIT,5371,0,SELL,LIMIT,9934,36
SUBMIT,5372,0,BUY,LIMIT,9929,2
SUBMIT,5373,0,BUY,LIMIT,9931,2
SUBMIT,5374,0,SELL,LIMIT,9935,44
SUBMIT,5375,0,SELL,LIMIT,9935,45
MODIFY,5348,0,,,9932,7
MODIFY,5306,0,,,9935,7
SUBMIT,5376,0,BUY,LIMIT,9929,28
SUBMIT,5377,0,BUY,LIMIT,9930,19
SUBMIT,5378,0,BUY,LIMIT,9929,14
SUBMIT,5379,0,SELL,LIMIT,9939,24
SUBMIT,5380,0,BUY,LIMIT,9929,26
SUBMIT,5381,0,BUY,MARKET,0,9
CANCEL,4393,0,,,0,0
SUBMIT,5382,0,SELL,LIMIT,9935,45
CANCEL,3711,0,,,0,0
SUBMIT,5383,0,SELL,LIMIT,9936,43
SUBMIT,5384,1,BUY,LIMIT,9931,11
MODIFY,5306,0,,,9936,11
SUBMIT,5385,0,BUY,LIMIT,9928,25
SUBMIT,5386,0,BUY,LIMIT,9927,21
SUBMIT,5387,0,BUY,LIMIT,9928,8
SUBMIT,5388,0,BUY,LIMIT,9928,49
SUBMIT,5389,0,SELL,LIMIT,9933,44
SUBMIT,5390,0,SELL,LIMIT,9937,48
SUBMIT,5391,0,BUY,MARKET,0,20
SUBMIT,5392,0,SELL,MARKET,0,13
SUBMIT,5393,0,SELL,LIMIT,9935,27
CANCEL,5382,0,,,0,0
SUBMIT,5394,1,BUY,LIMIT,9930,16
MODIFY,5306,0,,,9935,16
CANCEL,4943,0,,,0,0
SUBMIT,5395,0,BUY,LIMIT,9927,8
SUBMIT,5396,0,SELL,LIMIT,9935,2
SUBMIT,5397,0,BUY,LIMIT,9930,34
CANCEL,5183,0,,,0,0
CANCEL,4852,0,,,0,0
CANCEL,5165,0,,,0,0
SUBMIT,5398,0,SELL,LIMIT,9935,38
SUBMIT,5399,0,SELL,LIMIT,9935,31
CANCEL,3677,0,,,0,0
MODIFY,5394,0,,,9931,7
MODIFY,5306,0,,,9937,7
CANCEL,4520,0,,,0,0
SUBMIT,5400,0,BUY,LIMIT,9930,14
SUBMIT,5401,0,SELL,LIMIT,9935,19
SUBMIT,5402,0,BUY,LIMIT,9933,37
SUBMIT,5403,0,SELL,LIMIT,9936,4
SUBMIT,5404,0,BUY,LIMIT,9934,24
CANCEL,4778,0,,,0,0
SUBMIT,5405,0,SELL,MARKET,0,25
SUBMIT,5406,0,SELL,LIMIT,9937,23
SUBMIT,5407,0,BUY,MARKET,0,29
SUBMIT,5408,1,BUY,LIMIT,9932,12
MODIFY,5306,0,,,9938,12
SUBMIT,5409,0,SELL,LIMIT,9938,19
SUBMIT,5410,0,SELL,LIMIT,9937,10
SUBMIT,5411,0,SELL,MARKET,0,48
SUBMIT,5412,0,SELL,LIMIT,9936,26
SUBMIT,5413,0,BUY,MARKET,0,38
SUBMIT,5414,0,SELL,LIMIT,9940,43
SUBMIT,5415,0,SELL,LIMIT,9937,15
SUBMIT,5416,0,BUY,LIMIT,9934,7
SUBMIT,5417,0,SELL,LIMIT,9937,11
CANCEL,5331,0,,,0,0
SUBMIT,5418,1,BUY,LIMIT,9932,6
MODIFY,5306,0,,,9938,6
CANCEL,4889,0,,,0,0
CANCEL,4176,0,,,0,0
SUBMIT,5419,0,SELL,LIMIT,9939,25
SUBMIT,5420,0,SELL,LIMIT,9939,4
SUBMIT,5421,0,BUY,LIMIT,9929,47
SUBMIT,5422,0,SELL,LIMIT,9939,42
SUBMIT,5423,0,BUY,LIMIT,9931,9
CANCEL,3843,0,,,0,0
SUBMIT,5424,0,SELL,LIMIT,9934,36
CANCEL,5297,0,,,0,0
MODIFY,5418,0,,,9932,10
MODIFY,5306,0,,,9934,10
CANCEL,5249,0,,,0,0
CANCEL,5208,0,,,0,0
CANCEL,4615,0,,,0,0
CANCEL,5025,0,,,0,0
SUBMIT,5425,0,BUY,LIMIT,9931,25
CANCEL,2703,0,,,0,0
SUBMIT,5426,0,BUY,LIMIT,9927,21
SUBMIT,5427,0,BUY,LIMIT,9927,29
CANCEL,4217,0,,,0,0
SUBMIT,5428,0,SELL,MARKET,0,1
MODIFY,5418,0,,,9930,5
MODIFY,5306,0,,,9933,5
SUBMIT,5429,0,BUY,MARKET,0,30
SUBMIT,5430,0,SELL,LIMIT,9934,20
SUBMIT,5431,0,BUY,LIMIT,9930,26
CANCEL,2805,0,,,0,0
SUBMIT,5432,0,SELL,MARKET,0,16
SUBMIT,5433,0,SELL,LIMIT,9933,40
CANCEL,4241,0,,,0,0
CANCEL,4322,0,,,0,0
SUBMIT,5434,0,BUY,LIMIT,9929,33
SUBMIT,5435,0,BUY,MARKET,0,6
MODIFY,5418,0,,,9929,6
MODIFY,5306,0,,,9934,6
SUBMIT,5436,0,SELL,LIMIT,9933,48
CANCEL,1109,0,,,0,0
SUBMIT,5437,0,BUY,LIMIT,9925,9
SUBMIT,5438,0,BUY,LIMIT,9928,38
SUBMIT,5439,0,SELL,MARKET,0,45
SUBMIT,5440,0,BUY,LIMIT,9926,22
SUBMIT,5441,0,BUY,LIMIT,9927,28
SUBMIT,5442,0,SELL,LIMIT,9937,27
SUBMIT,5443,0,SELL,LIMIT,9934,5
CANCEL,2765,0,,,0,0
MODIFY,5418,0,,,9929,16
MODIFY,5306,0,,,9935,16
SUBMIT,5444,0,BUY,LIMIT,9931,29
SUBMIT,5445,0,SELL,LIMIT,9933,28
SUBMIT,5446,0,BUY,LIMIT,9929,25
SUBMIT,5447,0,BUY,LIMIT,9927,36
SUBMIT,5448,0,SELL,LIMIT,9933,20
CANCEL,4681,0,,,0,0
SUBMIT,5449,0,SELL,LIMIT,9935,2
CANCEL,4490,0,,,0,0
CANCEL,5389,0,,,0,0
SUBMIT,5450,0,SELL,LIMIT,9935,32
MODIFY,5418,0,,,9928,11
MODIFY,5306,0,,,9933,11
SUBMIT,5451,0,BUY,LIMIT,9926,3
SUBMIT,5452,0,SELL,LIMIT,9935,1
SUBMIT,5453,0,SELL,MARKET,0,40
CANCEL,5155,0,,,0,0
SUBMIT,5454,0,SELL,MARKET,0,48
SUBMIT,5455,0,BUY,LIMIT,9930,48
CANCEL,2302,0,,,0,0
SUBMIT,5456,0,BUY,LIMIT,9929,26
CANCEL,3020,0,,,0,0
SUBMIT,5457,0,BUY,MARKET,0,5
MODIFY,5418,0,,,9928,9
MODIFY,5306,0,,,9932,9
SUBMIT,5458,0,SELL,LIMIT,9931,43
SUBMIT,5459,0,BUY,LIMIT,9927,19
SUBMIT,5460,0,SELL,LIMIT,9932,36
SUBMIT,5461,0,BUY,LIMIT,9927,10
CANCEL,2306,0,,,0,0
SUBMIT,5462,0,BUY,LIMIT,9927,3
SUBMIT,5463,0,SELL,LIMIT,9933,31
CANCEL,5379,0,,,0,0
SUBMIT,5464,0,SELL,MARKET,0,45
SUBMIT,5465,0,SELL,LIMIT,9935,50
MODIFY,5418,0,,,9930,3
MODIFY,5306,0,,,9933,3
SUBMIT,5466,0,BUY,LIMIT,9930,35
SUBMIT,5467,0,BUY,MARKET,0,37
SUBMIT,5468,0,BUY,LIMIT,9928,28
SUBMIT,5469,0,SELL,LIMIT,9934,7
SUBMIT,5470,0,BUY,MARKET,0,23
CANCEL,5451,0,,,0,0
CANCEL,4869,0,,,0,0
CANCEL,2332,0,,,0,0
SUBMIT,5471,0,BUY,LIMIT,9929,48
SUBMIT,5472,0,SELL,MARKET,0,12
SUBMIT,5473,1,BUY,LIMIT,9928,11
MODIFY,5306,0,,,9931,11
SUBMIT,5474,0,SELL,LIMIT,9935,16
CANCEL,4219,0,,,0,0
CANCEL,5245,0,,,0,0
SUBMIT,5475,0,BUY,MARKET,0,30
SUBMIT,5476,0,BUY,MARKET,0,17
SUBMIT,5477,0,BUY,LIMIT,9928,25
CANCEL,5367,0,,,0,0
SUBMIT,5478,0,BUY,MARKET,0,2
SUBMIT,5479,0,BUY,LIMIT,9925,8
CANCEL,2917,0,,,0,0
MODIFY,5473,0,,,9927,20
SUBMIT,5480,1,SELL,LIMIT,9932,20
CANCEL,3042,0,,,0,0
SUBMIT,5481,0,SELL,LIMIT,9931,32
CANCEL,4187,0,,,0,0
SUBMIT,5482,0,SELL,LIMIT,9932,12
SUBMIT,5483,0,SELL,MARKET,0,50
SUBMIT,5484,0,SELL,LIMIT,9932,38
SUBMIT,5485,0,SELL,LIMIT,9932,2
SUBMIT,5486,0,BUY,LIMIT,9927,11
SUBMIT,5487,0,SELL,MARKET,0,43
SUBMIT,5488,0,SELL,LIMIT,9932,29
MODIFY,5473,0,,,9925,3
MODIFY,5480,0,,,9930,3
SUBMIT,5489,0,BUY,LIMIT,9923,29
SUBMIT,5490,0,BUY,LIMIT,9923,35
CANCEL,5359,0,,,0,0
CANCEL,5309,0,,,0,0
SUBMIT,5491,0,SELL,LIMIT,9932,49
SUBMIT,5492,0,SELL,LIMIT,9932,34
SUBMIT,5493,0,BUY,LIMIT,9925,41
SUBMIT,5494,0,SELL,LIMIT,9929,36
SUBMIT,5495,0,SELL,LIMIT,9932,4
SUBMIT,5496,0,SELL,LIMIT,9928,49
MODIFY,5473,0,,,9924,18
MODIFY,5480,0,,,9929,18
SUBMIT,5497,0,SELL,MARKET,0,22
CANCEL,4504,0,,,0,0
SUBMIT,5498,0,BUY,LIMIT,9924,32
CANCEL,5325,0,,,0,0
CANCEL,1545,0,,,0,0
SUBMIT,5499,0,BUY,LIMIT,9926,49
SUBMIT,5500,0,BUY,LIMIT,9921,4
SUBMIT,5501,0,SELL,LIMIT,9932,41
SUBMIT,5502,0,BUY,LIMIT,9925,19
SUBMIT,5503,0,BUY,LIMIT,9925,17
MODIFY,5473,0,,,9924,6
SUBMIT,5504,1,SELL,LIMIT,9928,6
CANCEL,1384,0,,,0,0
SUBMIT,5505,0,BUY,LIMIT,9922,48
SUBMIT,5506,0,SELL,LIMIT,9930,9
SUBMIT,5507,0,SELL,LIMIT,9929,10
SUBMIT,5508,0,BUY,LIMIT,9926,7
SUBMIT,5509,0,SELL,LIMIT,9931,18
CANCEL,5032,0,,,0,0
SUBMIT,5510,0,BUY,LIMIT,9922,28
CANCEL,3331,0,,,0,0
CANCEL,3824,0,,,0,0
MODIFY,5473,0,,,9927,10
SUBMIT,5511,1,SELL,LIMIT,9931,10
SUBMIT,5512,0,SELL,LIMIT,9930,3
CANCEL,5438,0,,,0,0
CANCEL,2350,0,,,0,0
SUBMIT,5513,0,SELL,LIMIT,9929,21
CANCEL,5448,0,,,0,0
CANCEL,4134,0,,,0,0
SUBMIT,5514,0,BUY,LIMIT,9925,29
SUBMIT,5515,0,SELL,LIMIT,9933,47
SUBMIT,5516,0,SELL,LIMIT,9931,45
CANCEL,4825,0,,,0,0
MODIFY,5473,0,,,9925,11
MODIFY,5511,0,,,9929,11
CANCEL,4183,0,,,0,0
SUBMIT,5517,0,BUY,LIMIT,9924,32
SUBMIT,5518,0,SELL,MARKET,0,44
SUBMIT,5519,0,SELL,LIMIT,9928,22
CANCEL,5241,0,,,0,0
SUBMIT,5520,0,BUY,LIMIT,9922,5
SUBMIT,5521,0,BUY,LIMIT,9924,50
CANCEL,5500,0,,,0,0
SUBMIT,5522,0,SELL,LIMIT,9928,30
SUBMIT,5523,0,BUY,LIMIT,9919,41
MODIFY,5473,0,,,9922,10
SUBMIT,5524,1,SELL,LIMIT,9926,10
CANCEL,310,0,,,0,0
SUBMIT,5525,0,SELL,LIMIT,9925,46
SUBMIT,5526,0,SELL,MARKET,0,14
SUBMIT,5527,0,BUY,LIMIT,9920,1
SUBMIT,5528,0,SELL,LIMIT,9925,40
CANCEL,911,0,,,0,0
SUBMIT,5529,0,BUY,LIMIT,9920,12
SUBMIT,5530,0,SELL,MARKET,0,8
CANCEL,4797,0,,,0,0
SUBMIT,5531,0,SELL,LIMIT,9925,16
MODIFY,5473,0,,,9922,6
SUBMIT,5532,1,SELL,LIMIT,9926,6
CANCEL,4064,0,,,0,0
SUBMIT,5533,0,BUY,LIMIT,9922,39
CANCEL,3574,0,,,0,0
CANCEL,3755,0,,,0,0
SUBMIT,5534,0,BUY,LIMIT,9922,37
SUBMIT,5535,0,BUY,LIMIT,9919,25
SUBMIT,5536,0,SELL,LIMIT,9924,26
SUBMIT,5537,0,SELL,LIMIT,9926,14
CANCEL,4790,0,,,0,0
SUBMIT,5538,0,BUY,LIMIT,9923,37
MODIFY,5473,0,,,9922,10
SUBMIT,5539,1,SELL,LIMIT,9925,10
SUBMIT,5540,0,SELL,LIMIT,9929,40
CANCEL,3870,0,,,0,0
SUBMIT,5541,0,BUY,LIMIT,9920,28
SUBMIT,5542,0,BUY,LIMIT,9918,26
CANCEL,1570,0,,,0,0
SUBMIT,5543,0,BUY,LIMIT,9921,22
SUBMIT,5544,0,SELL,LIMIT,9925,50
SUBMIT,5545,0,SELL,LIMIT,9925,49
SUBMIT,5546,0,SELL,LIMIT,9925,32
SUBMIT,5547,0,BUY,LIMIT,9919,5
MODIFY,5473,0,,,9921,19
SUBMIT,5548,1,SELL,LIMIT,9926,19
SUBMIT,5549,0,SELL,MARKET,0,9
CANCEL,2325,0,,,0,0
SUBMIT,5550,0,SELL,MARKET,0,35
SUBMIT,5551,0,BUY,MARKET,0,17
SUBMIT,5552,0,SELL,LIMIT,9927,15
SUBMIT,5553,0,BUY,MARKET,0,23
SUBMIT,5554,0,BUY,MARKET,0,19
SUBMIT,5555,0,BUY,LIMIT,9922,47
CANCEL,4876,0,,,0,0
SUBMIT,5556,0,BUY,LIMIT,9921,25
MODIFY,5473,0,,,9920,6
SUBMIT,5557,1,SELL,LIMIT,9923,6
SUBMIT,5558,0,SELL,LIMIT,9924,32
SUBMIT,5559,0,BUY,LIMIT,9917,14
SUBMIT,5560,0,SELL,MARKET,0,2
CANCEL,4873,0,,,0,0
SUBMIT,5561,0,SELL,LIMIT,9925,13
CANCEL,1128,0,,,0,0
SUBMIT,5562,0,SELL,LIMIT,9925,19
CANCEL,1184,0,,,0,0
SUBMIT,5563,0,SELL,LIMIT,9927,45
CANCEL,4161,0,,,0,0
MODIFY,5473,0,,,9922,16
SUBMIT,5564,1,SELL,LIMIT,9927,16
SUBMIT,5565,0,BUY,LIMIT,9922,15
SUBMIT,5566,0,BUY,LIMIT,9918,9
SUBMIT,5567,0,SELL,LIMIT,9927,13
SUBMIT,5568,0,BUY,LIMIT,9919,3
CANCEL,5228,0,,,0,0
SUBMIT,5569,0,BUY,MARKET,0,41
CANCEL,5403,0,,,0,0
CANCEL,2264,0,,,0,0
SUBMIT,5570,0,BUY,LIMIT,9919,49
SUBMIT,5571,0,SELL,MARKET,0,28
MODIFY,5473,0,,,9920,5
SUBMIT,5572,1,SELL,LIMIT,9926,5
CANCEL,2240,0,,,0,0
SUBMIT,5573,0,BUY,LIMIT,9921,16
SUBMIT,5574,0,BUY,LIMIT,9922,22
SUBMIT,5575,0,SELL,LIMIT,9925,16
SUBMIT,5576,0,SELL,LIMIT,9927,29
CANCEL,3561,0,,,0,0
SUBMIT,5577,0,BUY,LIMIT,9919,1
SUBMIT,5578,0,SELL,LIMIT,9923,27
SUBMIT,5579,0,BUY,LIMIT,9920,9
SUBMIT,5580,0,BUY,LIMIT,9921,45
MODIFY,5473,0,,,9920,10
SUBMIT,5581,1,SELL,LIMIT,9923,10
SUBMIT,5582,0,BUY,LIMIT,9919,41
SUBMIT,5583,0,SELL,LIMIT,9927,27
CANCEL,2399,0,,,0,0
SUBMIT,5584,0,BUY,LIMIT,9919,16
SUBMIT,5585,0,BUY,LIMIT,9918,14
SUBMIT,5586,0,BUY,LIMIT,9920,18
CANCEL,3386,0,,,0,0
SUBMIT,5587,0,SELL,LIMIT,9927,46
SUBMIT,5588,0,BUY,LIMIT,9918,45
CANCEL,2110,0,,,0,0
MODIFY,5473,0,,,9922,6
SUBMIT,5589,1,SELL,LIMIT,9925,6
SUBMIT,5590,0,SELL,LIMIT,9928,20
SUBMIT,5591,0,SELL,MARKET,0,9
CANCEL,4384,0,,,0,0
SUBMIT,5592,0,BUY,LIMIT,9917,27
SUBMIT,5593,0,BUY,LIMIT,9919,49
CANCEL,3829,0,,,0,0
SUBMIT,5594,0,BUY,MARKET,0,40
CANCEL,4676,0,,,0,0
CANCEL,4914,0,,,0,0
SUBMIT,5595,0,BUY,LIMIT,9915,43
MODIFY,5473,0,,,9917,8
SUBMIT,5596,1,SELL,LIMIT,9921,8
SUBMIT,5597,0,BUY,LIMIT,9914,23
CANCEL,4768,0,,,0,0
SUBMIT,5598,0,SELL,LIMIT,9922,16
SUBMIT,5599,0,SELL,LIMIT,9925,31
CANCEL,5103,0,,,0,0
SUBMIT,5600,0,BUY,LIMIT,9919,49
CANCEL,3239,0,,,0,0
SUBMIT,5601,0,SELL,LIMIT,9925,23
SUBMIT,5602,0,BUY,LIMIT,9917,10
SUBMIT,5603,0,BUY,LIMIT,9918,5
MODIFY,5473,0,,,9921,10
SUBMIT,5604,1,SELL,LIMIT,9925,10
CANCEL,4998,0,,,0,0
SUBMIT,5605,0,SELL,LIMIT,9924,30
CANCEL,4158,0,,,0,0
SUBMIT,5606,0,SELL,LIMIT,9927,2
SUBMIT,5607,0,BUY,MARKET,0,37
SUBMIT,5608,0,BUY,LIMIT,9919,44
SUBMIT,5609,0,SELL,LIMIT,9928,36
CANCEL,5349,0,,,0,0
CANCEL,5565,0,,,0,0
SUBMIT,5610,0,SELL,LIMIT,9924,19
MODIFY,5473,0,,,9920,13
SUBMIT,5611,1,SELL,LIMIT,9924,13
SUBMIT,5612,0,SELL,LIMIT,9926,30
SUBMIT,5613,0,BUY,LIMIT,9921,47
SUBMIT,5614,0,BUY,LIMIT,9921,32
SUBMIT,5615,0,SELL,LIMIT,9925,48
CANCEL,4769,0,,,0,0
CANCEL,2339,0,,,0,0
SUBMIT,5616,0,BUY,LIMIT,9919,28
CANCEL,5521,0,,,0,0
SUBMIT,5617,0,SELL,LIMIT,9928,24
SUBMIT,5618,0,SELL,LIMIT,9929,24
MODIFY,5473,0,,,9921,7
SUBMIT,5619,1,SELL,LIMIT,9926,7
SUBMIT,5620,0,BUY,LIMIT,9920,12
SUBMIT,5621,0,SELL,LIMIT,9928,5
SUBMIT,5622,0,SELL,LIMIT,9928,2
CANCEL,684,0,,,0,0
SUBMIT,5623,0,SELL,LIMIT,9925,38
SUBMIT,5624,0,BUY,LIMIT,9921,38
CANCEL,4099,0,,,0,0
SUBMIT,5625,0,SELL,LIMIT,9926,27
CANCEL,3537,0,,,0,0
SUBMIT,5626,0,BUY,LIMIT,9923,38
MODIFY,5473,0,,,9922,6
SUBMIT,5627,1,SELL,LIMIT,9927,6
SUBMIT,5628,0,BUY,LIMIT,9921,1
SUBMIT,5629,0,BUY,LIMIT,9921,50
SUBMIT,5630,0,SELL,LIMIT,9929,22
CANCEL,5586,0,,,0,0
CANCEL,2148,0,,,0,0
SUBMIT,5631,0,BUY,MARKET,0,23
SUBMIT,5632,0,BUY,LIMIT,9922,5
SUBMIT,5633,0,SELL,MARKET,0,26
CANCEL,2461,0,,,0,0
SUBMIT,5634,0,BUY,LIMIT,9923,5
MODIFY,5473,0,,,9923,1
SUBMIT,5635,1,SELL,LIMIT,9927,1
CANCEL,2632,0,,,0,0
CANCEL,2749,0,,,0,0
SUBMIT,5636,0,SELL,LIMIT,9928,45
CANCEL,1566,0,,,0,0
SUBMIT,5637,0,SELL,LIMIT,9925,4
SUBMIT,5638,0,BUY,LIMIT,9923,19
SUBMIT,5639,0,SELL,LIMIT,9927,7
CANCEL,4906,0,,,0,0
SUBMIT,5640,0,SELL,LIMIT,9930,28
CANCEL,5501,0,,,0,0
MODIFY,5473,0,,,9925,2
SUBMIT,5641,1,SELL,LIMIT,9929,2
SUBMIT,5642,0,BUY,LIMIT,9922,4
CANCEL,4855,0,,,0,0
SUBMIT,5643,0,SELL,LIMIT,9928,29
CANCEL,4281,0,,,0,0
SUBMIT,5644,0,BUY,LIMIT,9921,34
SUBMIT,5645,0,BUY,LIMIT,9919,29
SUBMIT,5646,0,BUY,MARKET,0,45
CANCEL,3586,0,,,0,0
CANCEL,1398,0,,,0,0
SUBMIT,5647,0,SELL,LIMIT,9927,41
MODIFY,5473,0,,,9923,19
SUBMIT,5648,1,SELL,LIMIT,9925,19
SUBMIT,5649,0,SELL,LIMIT,9924,48
CANCEL,2562,0,,,0,0
SUBMIT,5650,0,SELL,LIMIT,9928,31
SUBMIT,5651,0,SELL,LIMIT,9926,12
SUBMIT,5652,0,SELL,LIMIT,9927,19
SUBMIT,5653,0,SELL,MARKET,0,37
SUBMIT,5654,0,SELL,LIMIT,9925,12
SUBMIT,5655,0,SELL,LIMIT,9925,4
SUBMIT,5656,0,BUY,LIMIT,9922,1
SUBMIT,5657,0,BUY,LIMIT,9918,46
MODIFY,5473,0,,,9921,5
SUBMIT,5658,1,SELL,LIMIT,9924,5
CANCEL,5354,0,,,0,0
CANCEL,4268,0,,,0,0
SUBMIT,5659,0,SELL,LIMIT,9928,16
SUBMIT,5660,0,BUY,MARKET,0,15
SUBMIT,5661,0,BUY,LIMIT,9919,49
CANCEL,5523,0,,,0,0
SUBMIT,5662,0,SELL,LIMIT,9928,16
SUBMIT,5663,0,SELL,LIMIT,9927,38
SUBMIT,5664,0,BUY,MARKET,0,12
SUBMIT,5665,0,SELL,LIMIT,9928,4
MODIFY,5473,0,,,9922,13
SUBMIT,5666,1,SELL,LIMIT,9926,13
SUBMIT,5667,0,SELL,LIMIT,9929,9
SUBMIT,5668,0,BUY,LIMIT,9919,24
CANCEL,4127,0,,,0,0
SUBMIT,5669,0,SELL,LIMIT,9928,16
SUBMIT,5670,0,SELL,LIMIT,9924,29
SUBMIT,5671,0,SELL,LIMIT,9928,9
SUBMIT,5672,0,BUY,MARKET,0,46
SUBMIT,5673,0,BUY,LIMIT,9920,18
SUBMIT,5674,0,SELL,LIMIT,9928,1
SUBMIT,5675,0,BUY,MARKET,0,18
MODIFY,5473,0,,,9922,6
SUBMIT,5676,1,SELL,LIMIT,9926,6
SUBMIT,5677,0,BUY,LIMIT,9923,6
SUBMIT,5678,0,SELL,LIMIT,9927,29
SUBMIT,5679,0,SELL,LIMIT,9926,50
SUBMIT,5680,0,BUY,LIMIT,9924,42
SUBMIT,5681,0,BUY,MARKET,0,5
SUBMIT,5682,0,SELL,LIMIT,9930,34
CANCEL,4849,0,,,0,0
SUBMIT,5683,0,BUY,LIMIT,9920,19
SUBMIT,5684,0,SELL,LIMIT,9928,38
SUBMIT,5685,0,BUY,MARKET,0,38
MODIFY,5473,0,,,9922,16
SUBMIT,5686,1,SELL,LIMIT,9927,16
SUBMIT,5687,0,SELL,LIMIT,9928,37
SUBMIT,5688,0,SELL,MARKET,0,40
SUBMIT,5689,0,SELL,LIMIT,9925,25
SUBMIT,5690,0,SELL,LIMIT,9926,36
CANCEL,2968,0,,,0,0
SUBMIT,5691,0,SELL,LIMIT,9924,24
SUBMIT,5692,0,SELL,MARKET,0,45
SUBMIT,5693,0,SELL,LIMIT,9924,27
SUBMIT,5694,0,SELL,LIMIT,9926,14
SUBMIT,5695,0,SELL,LIMIT,9927,12
MODIFY,5473,0,,,9922,13
SUBMIT,5696,1,SELL,LIMIT,9924,13
SUBMIT,5697,0,SELL,MARKET,0,16
SUBMIT,5698,0,BUY,LIMIT,9921,3
CANCEL,5096,0,,,0,0
CANCEL,5030,0,,,0,0
SUBMIT,5699,0,SELL,LIMIT,9928,37
SUBMIT,5700,0,SELL,LIMIT,9929,4
CANCEL,3897,0,,,0,0
SUBMIT,5701,0,SELL,LIMIT,9929,29
SUBMIT,5702,0,SELL,MARKET,0,26
SUBMIT,5703,0,BUY,LIMIT,9926,24
MODIFY,5473,0,,,9925,7
SUBMIT,5704,1,SELL,LIMIT,9928,7
SUBMIT,5705,0,SELL,LIMIT,9930,1
CANCEL,3772,0,,,0,0
SUBMIT,5706,0,BUY,LIMIT,9922,1
SUBMIT,5707,0,BUY,LIMIT,9923,46
SUBMIT,5708,0,SELL,LIMIT,9927,17
SUBMIT,5709,0,BUY,LIMIT,9921,15
SUBMIT,5710,0,BUY,LIMIT,9925,31
SUBMIT,5711,0,BUY,LIMIT,9923,40
SUBMIT,5712,0,SELL,LIMIT,9928,2
CANCEL,4585,0,,,0,0
MODIFY,5473,0,,,9924,7
MODIFY,5704,0,,,9929,7
SUBMIT,5713,0,SELL,LIMIT,9929,39
SUBMIT,5714,0,SELL,LIMIT,9927,16
SUBMIT,5715,0,SELL,LIMIT,9928,17
SUBMIT,5716,0,BUY,LIMIT,9923,39
SUBMIT,5717,0,SELL,LIMIT,9930,17
CANCEL,5020,0,,,0,0
SUBMIT,5718,0,BUY,MARKET,0,9
CANCEL,2798,0,,,0,0
SUBMIT,5719,0,SELL,MARKET,0,8
CANCEL,3683,0,,,0,0
MODIFY,5473,0,,,9923,10
MODIFY,5704,0,,,9929,10
SUBMIT,5720,0,SELL,LIMIT,9930,49
SUBMIT,5721,0,BUY,LIMIT,9927,44
SUBMIT,5722,0,BUY,LIMIT,9924,21
SUBMIT,5723,0,SELL,LIMIT,9932,50
CANCEL,5717,0,,,0,0
SUBMIT,5724,0,SELL,MARKET,0,25
SUBMIT,5725,0,BUY,MARKET,0,5
SUBMIT,5726,0,BUY,LIMIT,9926,15
SUBMIT,5727,0,BUY,LIMIT,9928,9
SUBMIT,5728,0,SELL,LIMIT,9935,40
MODIFY,5473,0,,,9929,11
MODIFY,5704,0,,,9933,11
SUBMIT,5729,0,SELL,LIMIT,9935,19
SUBMIT,5730,0,SELL,LIMIT,9931,35
SUBMIT,5731,0,SELL,LIMIT,9935,28
SUBMIT,5732,0,BUY,MARKET,0,21
SUBMIT,5733,0,BUY,LIMIT,9928,12
SUBMIT,5734,0,SELL,LIMIT,9934,7
CANCEL,3522,0,,,0,0
CANCEL,2438,0,,,0,0
CANCEL,4528,0,,,0,0
SUBMIT,5735,0,SELL,LIMIT,9932,10
SUBMIT,5736,1,BUY,LIMIT,9925,10
MODIFY,5704,0,,,9929,10
SUBMIT,5737,0,BUY,LIMIT,9923,23
SUBMIT,5738,0,BUY,MARKET,0,23
SUBMIT,5739,0,SELL,LIMIT,9931,44
CANCEL,5465,0,,,0,0
SUBMIT,5740,0,SELL,MARKET,0,30
CANCEL,4595,0,,,0,0
SUBMIT,5741,0,SELL,LIMIT,9933,1
CANCEL,5671,0,,,0,0
CANCEL,204,0,,,0,0
CANCEL,5632,0,,,0,0
MODIFY,5736,0,,,9927,14
MODIFY,5704,0,,,9930,14
CANCEL,5141,0,,,0,0
CANCEL,5095,0,,,0,0
SUBMIT,5742,0,SELL,LIMIT,9932,17
CANCEL,5028,0,,,0,0
SUBMIT,5743,0,BUY,LIMIT,9925,25
SUBMIT,5744,0,BUY,LIMIT,9925,27
SUBMIT,5745,0,SELL,LIMIT,9933,5
SUBMIT,5746,0,BUY,MARKET,0,50
SUBMIT,5747,0,BUY,LIMIT,9924,6
SUBMIT,5748,0,BUY,MARKET,0,20
MODIFY,5736,0,,,9927,4
MODIFY,5704,0,,,9931,4
SUBMIT,5749,0,BUY,LIMIT,9926,13
SUBMIT,5750,0,SELL,LIMIT,9929,40
SUBMIT,5751,0,SELL,LIMIT,9932,35
CANCEL,4530,0,,,0,0
SUBMIT,5752,0,BUY,LIMIT,9924,41
SUBMIT,5753,0,SELL,LIMIT,9932,44
CANCEL,4091,0,,,0,0
SUBMIT,5754,0,BUY,LIMIT,9923,17
SUBMIT,5755,0,SELL,LIMIT,9932,27
SUBMIT,5756,0,SELL,LIMIT,9934,27
MODIFY,5736,0,,,9928,20
MODIFY,5704,0,,,9932,20
SUBMIT,5757,0,SELL,LIMIT,9932,3
SUBMIT,5758,0,SELL,LIMIT,9931,39
SUBMIT,5759,0,BUY,LIMIT,9928,28
SUBMIT,5760,0,SELL,LIMIT,9933,18
SUBMIT,5761,0,SELL,LIMIT,9932,43
SUBMIT,5762,0,BUY,MARKET,0,46
SUBMIT,5763,0,BUY,LIMIT,9925,2
CANCEL,4175,0,,,0,0
SUBMIT,5764,0,SELL,MARKET,0,41
SUBMIT,5765,0,BUY,LIMIT,9924,43
SUBMIT,5766,1,BUY,LIMIT,9928,15
MODIFY,5704,0,,,9932,15
SUBMIT,5767,0,SELL,LIMIT,9934,13
CANCEL,2553,0,,,0,0
SUBMIT,5768,0,BUY,LIMIT,9925,49
SUBMIT,5769,0,BUY,LIMIT,9925,38
SUBMIT,5770,0,BUY,LIMIT,9925,22
SUBMIT,5771,0,BUY,LIMIT,9927,16
SUBMIT,5772,0,BUY,LIMIT,9927,14
SUBMIT,5773,0,BUY,LIMIT,9925,31
SUBMIT,5774,0,SELL,LIMIT,9933,44
CANCEL,4095,0,,,0,0
MODIFY,5766,0,,,9928,13
MODIFY,5704,0,,,9931,13
CANCEL,4987,0,,,0,0
CANCEL,5148,0,,,0,0
CANCEL,5315,0,,,0,0
SUBMIT,5775,0,SELL,LIMIT,9933,16
SUBMIT,5776,0,SELL,LIMIT,9931,38
CANCEL,5233,0,,,0,0
SUBMIT,5777,0,SELL,LIMIT,9930,49
SUBMIT,5778,0,BUY,LIMIT,9925,26
SUBMIT,5779,0,SELL,LIMIT,9930,1
SUBMIT,5780,0,BUY,LIMIT,9924,48
MODIFY,5766,0,,,9925,5
MODIFY,5704,0,,,9930,5
SUBMIT,5781,0,BUY,LIMIT,9925,25
CANCEL,2672,0,,,0,0
SUBMIT,5782,0,BUY,LIMIT,9924,18
SUBMIT,5783,0,BUY,LIMIT,9921,47
CANCEL,4898,0,,,0,0
SUBMIT,5784,0,BUY,LIMIT,9924,26
SUBMIT,5785,0,SELL,MARKET,0,38
SUBMIT,5786,0,BUY,LIMIT,9924,26
SUBMIT,5787,0,SELL,LIMIT,9928,37
SUBMIT,5788,0,SELL,LIMIT,9931,43
MODIFY,5766,0,,,9925,4
MODIFY,5704,0,,,9929,4
CANCEL,2896,0,,,0,0
SUBMIT,5789,0,BUY,LIMIT,9923,1
CANCEL,4704,0,,,0,0
CANCEL,3988,0,,,0,0
SUBMIT,5790,0,BUY,MARKET,0,38
CANCEL,5618,0,,,0,0
CANCEL,5161,0,,,0,0
SUBMIT,5791,0,BUY,LIMIT,9926,28
SUBMIT,5792,0,SELL,MARKET,0,44
SUBMIT,5793,0,BUY,LIMIT,9925,10
MODIFY,5766,0,,,9926,18
MODIFY,5704,0,,,9931,18
SUBMIT,5794,0,SELL,LIMIT,9929,11
SUBMIT,5795,0,BUY,LIMIT,9927,48
CANCEL,3038,0,,,0,0
CANCEL,5268,0,,,0,0
SUBMIT,5796,0,SELL,LIMIT,9930,22
SUBMIT,5797,0,SELL,LIMIT,9933,38
SUBMIT,5798,0,BUY,MARKET,0,40
SUBMIT,5799,0,SELL,MARKET,0,41
CANCEL,5722,0,,,0,0
SUBMIT,5800,0,SELL,LIMIT,9933,48
MODIFY,5766,0,,,9928,1
MODIFY,5704,0,,,9931,1
CANCEL,4503,0,,,0,0
CANCEL,4793,0,,,0,0
CANCEL,2174,0,,,0,0
SUBMIT,5801,0,SELL,LIMIT,9934,33
SUBMIT,5802,0,BUY,LIMIT,9927,44
SUBMIT,5803,0,SELL,LIMIT,9931,16
CANCEL,5251,0,,,0,0
SUBMIT,5804,0,SELL,LIMIT,9932,18
SUBMIT,5805,0,SELL,LIMIT,9931,34
SUBMIT,5806,0,SELL,LIMIT,9931,34
MODIFY,5766,0,,,9927,2
MODIFY,5704,0,,,9930,2
SUBMIT,5807,0,SELL,MARKET,0,42
CANCEL,4488,0,,,0,0
SUBMIT,5808,0,SELL,LIMIT,9931,9
SUBMIT,5809,0,BUY,LIMIT,9929,45
SUBMIT,5810,0,SELL,MARKET,0,42
CANCEL,3511,0,,,0,0
SUBMIT,5811,0,SELL,LIMIT,9933,16
CANCEL,759,0,,,0,0
SUBMIT,5812,0,BUY,LIMIT,9924,35
CANCEL,1427,0,,,0,0
MODIFY,5766,0,,,9926,8
MODIFY,5704,0,,,9930,8
SUBMIT,5813,0,BUY,LIMIT,9927,31
CANCEL,4653,0,,,0,0
SUBMIT,5814,0,BUY,MARKET,0,43
CANCEL,3429,0,,,0,0
SUBMIT,5815,0,BUY,LIMIT,9928,22
SUBMIT,5816,0,BUY,LIMIT,9924,25
CANCEL,4248,0,,,0,0
CANCEL,4851,0,,,0,0
SUBMIT,5817,0,SELL,LIMIT,9932,12
CANCEL,4460,0,,,0,0
MODIFY,5766,0,,,9925,6
MODIFY,5704,0,,,9930,6
SUBMIT,5818,0,BUY,MARKET,0,42
SUBMIT,5819,0,BUY,LIMIT,9926,49
CANCEL,5600,0,,,0,0
CANCEL,5347,0,,,0,0
SUBMIT,5820,0,SELL,LIMIT,9930,30
SUBMIT,5821,0,BUY,LIMIT,9926,15
SUBMIT,5822,0,SELL,LIMIT,9933,35
SUBMIT,5823,0,SELL,LIMIT,9931,39
SUBMIT,5824,0,SELL,MARKET,0,19
SUBMIT,5825,0,SELL,LIMIT,9930,27
MODIFY,5766,0,,,9927,8
MODIFY,5704,0,,,9930,8
SUBMIT,5826,0,BUY,LIMIT,9927,1
CANCEL,5412,0,,,0,0
SUBMIT,5827,0,BUY,LIMIT,9926,26
SUBMIT,5828,0,SELL,LIMIT,9932,13
SUBMIT,5829,0,BUY,LIMIT,9929,44
SUBMIT,5830,0,BUY,MARKET,0,32
SUBMIT,5831,0,SELL,LIMIT,9931,43
SUBMIT,5832,0,SELL,LIMIT,9931,11
SUBMIT,5833,0,SELL,LIMIT,9935,16
SUBMIT,5834,0,SELL,MARKET,0,44
MODIFY,5766,0,,,9926,9
MODIFY,5704,0,,,9930,9
CANCEL,2609,0,,,0,0
SUBMIT,5835,0,SELL,LIMIT,9932,41
SUBMIT,5836,0,SELL,LIMIT,9930,21
SUBMIT,5837,0,BUY,LIMIT,9926,2
CANCEL,5037,0,,,0,0
CANCEL,4959,0,,,0,0
SUBMIT,5838,0,SELL,LIMIT,9931,38
CANCEL,5358,0,,,0,0
CANCEL,5293,0,,,0,0
CANCEL,4848,0,,,0,0
MODIFY,5766,0,,,9927,5
MODIFY,5704,0,,,9930,5
CANCEL,2823,0,,,0,0
CANCEL,5033,0,,,0,0
SUBMIT,5839,0,BUY,LIMIT,9925,44
CANCEL,4203,0,,,0,0
SUBMIT,5840,0,BUY,LIMIT,9925,36
SUBMIT,5841,0,SELL,LIMIT,9929,12
SUBMIT,5842,0,SELL,LIMIT,9927,47
SUBMIT,5843,0,BUY,LIMIT,9925,25
SUBMIT,5844,0,SELL,LIMIT,9928,29
CANCEL,4417,0,,,0,0
MODIFY,5766,0,,,9927,15
MODIFY,5704,0,,,9930,15
SUBMIT,5845,0,BUY,MARKET,0,47
SUBMIT,5846,0,SELL,LIMIT,9932,25
SUBMIT,5847,0,SELL,LIMIT,9932,50
SUBMIT,5848,0,BUY,LIMIT,9924,25
CANCEL,4610,0,,,0,0
SUBMIT,5849,0,SELL,LIMIT,9928,37
SUBMIT,5850,0,BUY,MARKET,0,26
SUBMIT,5851,0,SELL,LIMIT,9931,42
SUBMIT,5852,0,BUY,LIMIT,9923,16
CANCEL,4113,0,,,0,0
MODIFY,5766,0,,,9924,16
MODIFY,5704,0,,,9929,16
CANCEL,5010,0,,,0,0
SUBMIT,5853,0,BUY,MARKET,0,16
SUBMIT,5854,0,BUY,LIMIT,9922,32
SUBMIT,5855,0,BUY,LIMIT,9920,46
CANCEL,2869,0,,,0,0
SUBMIT,5856,0,BUY,LIMIT,9921,6
SUBMIT,5857,0,BUY,LIMIT,9923,21
SUBMIT,5858,0,BUY,LIMIT,9927,37
SUBMIT,5859,0,BUY,LIMIT,9926,31
SUBMIT,5860,0,BUY,LIMIT,9924,5
MODIFY,5766,0,,,9927,13
MODIFY,5704,0,,,9930,13
SUBMIT,5861,0,SELL,MARKET,0,46
SUBMIT,5862,0,BUY,LIMIT,9924,21
SUBMIT,5863,0,SELL,LIMIT,9933,26
SUBMIT,5864,0,BUY,LIMIT,9927,46
SUBMIT,5865,0,SELL,MARKET,0,46
SUBMIT,5866,0,SELL,MARKET,0,42
SUBMIT,5867,0,SELL,LIMIT,9928,11
SUBMIT,5868,0,SELL,LIMIT,9932,8
SUBMIT,5869,0,SELL,LIMIT,9933,43
SUBMIT,5870,0,SELL,LIMIT,9929,3
SUBMIT,5871,1,BUY,LIMIT,9927,15
MODIFY,5704,0,,,9931,15
SUBMIT,5872,0,SELL,MARKET,0,46
CANCEL,4563,0,,,0,0
CANCEL,5121,0,,,0,0
SUBMIT,5873,0,BUY,LIMIT,9922,28
SUBMIT,5874,0,SELL,LIMIT,9930,4
SUBMIT,5875,0,BUY,LIMIT,9925,32
CANCEL,5469,0,,,0,0
CANCEL,3689,0,,,0,0
SUBMIT,5876,0,SELL,LIMIT,9931,14
SUBMIT,5877,0,SELL,LIMIT,9926,16
SUBMIT,5878,1,BUY,LIMIT,9924,17
MODIFY,5704,0,,,9928,17
CANCEL,4938,0,,,0,0
SUBMIT,5879,0,SELL,MARKET,0,18
SUBMIT,5880,0,SELL,LIMIT,9926,17
SUBMIT,5881,0,SELL,LIMIT,9924,29
SUBMIT,5882,0,BUY,LIMIT,9918,29
SUBMIT,5883,0,BUY,LIMIT,9918,29
CANCEL,5300,0,,,0,0
CANCEL,4485,0,,,0,0
CANCEL,2201,0,,,0,0
CANCEL,4532,0,,,0,0
MODIFY,5878,0,,,9921,2
MODIFY,5704,0,,,9926,2
SUBMIT,5884,0,SELL,LIMIT,9927,14
SUBMIT,5885,0,SELL,LIMIT,9928,43
SUBMIT,5886,0,SELL,LIMIT,9924,2
CANCEL,4810,0,,,0,0
SUBMIT,5887,0,BUY,LIMIT,9920,30
CANCEL,4204,0,,,0,0
SUBMIT,5888,0,BUY,LIMIT,9920,9
SUBMIT,5889,0,BUY,LIMIT,9918,40
SUBMIT,5890,0,SELL,LIMIT,9927,37
SUBMIT,5891,0,SELL,LIMIT,9928,25
MODIFY,5878,0,,,9921,11
SUBMIT,5892,1,SELL,LIMIT,9926,11
SUBMIT,5893,0,SELL,LIMIT,9926,40
SUBMIT,5894,0,SELL,LIMIT,9926,36
CANCEL,5864,0,,,0,0
CANCEL,5832,0,,,0,0
SUBMIT,5895,0,BUY,LIMIT,9924,4
SUBMIT,5896,0,BUY,LIMIT,9922,6
SUBMIT,5897,0,SELL,MARKET,0,37
CANCEL,5797,0,,,0,0
SUBMIT,5898,0,BUY,LIMIT,9924,36
CANCEL,3790,0,,,0,0
MODIFY,5878,0,,,9923,8
SUBMIT,5899,1,SELL,LIMIT,9929,8
SUBMIT,5900,0,BUY,LIMIT,9923,28
SUBMIT,5901,0,BUY,MARKET,0,32
CANCEL,5236,0,,,0,0
CANCEL,5455,0,,,0,0
SUBMIT,5902,0,BUY,LIMIT,9922,2
SUBMIT,5903,0,BUY,MARKET,0,47
SUBMIT,5904,0,BUY,MARKET,0,32
SUBMIT,5905,0,SELL,LIMIT,9930,33
SUBMIT,5906,0,BUY,LIMIT,9926,39
CANCEL,3757,0,,,0,0
MODIFY,5878,0,,,9926,18
MODIFY,5899,0,,,9930,18
SUBMIT,5907,0,SELL,LIMIT,9928,39
SUBMIT,5908,0,SELL,LIMIT,9930,19
SUBMIT,5909,0,BUY,MARKET,0,47
SUBMIT,5910,0,SELL,LIMIT,9929,29
SUBMIT,5911,0,BUY,LIMIT,9924,41
CANCEL,5052,0,,,0,0
CANCEL,5730,0,,,0,0
CANCEL,4425,0,,,0,0
CANCEL,5847,0,,,0,0
SUBMIT,5912,0,SELL,LIMIT,9926,11
MODIFY,5878,0,,,9922,1
MODIFY,5899,0,,,9927,1
SUBMIT,5913,0,BUY,LIMIT,9921,40
SUBMIT,5914,0,BUY,LIMIT,9919,41
CANCEL,4295,0,,,0,0
CANCEL,4252,0,,,0,0
SUBMIT,5915,0,SELL,LIMIT,9928,41
CANCEL,5232,0,,,0,0
CANCEL,4975,0,,,0,0
SUBMIT,5916,0,BUY,LIMIT,9921,49
SUBMIT,5917,0,BUY,LIMIT,9922,24
SUBMIT,5918,0,BUY,MARKET,0,31
MODIFY,5878,0,,,9922,4
SUBMIT,5919,1,SELL,LIMIT,9926,4
SUBMIT,5920,0,SELL,LIMIT,9930,3
SUBMIT,5921,0,BUY,MARKET,0,37
CANCEL,5420,0,,,0,0
SUBMIT,5922,0,SELL,MARKET,0,17
CANCEL,5262,0,,,0,0
SUBMIT,5923,0,BUY,MARKET,0,45
CANCEL,5856,0,,,0,0
CANCEL,5761,0,,,0,0
SUBMIT,5924,0,BUY,MARKET,0,37
SUBMIT,5925,0,BUY,LIMIT,9922,40
MODIFY,5878,0,,,9924,4
SUBMIT,5926,1,SELL,LIMIT,9928,4
CANCEL,5743,0,,,0,0
SUBMIT,5927,0,BUY,LIMIT,9920,27
SUBMIT,5928,0,SELL,LIMIT,9926,6
SUBMIT,5929,0,SELL,LIMIT,9926,43
SUBMIT,5930,0,BUY,LIMIT,9922,49
SUBMIT,5931,0,SELL,LIMIT,9929,2
SUBMIT,5932,0,BUY,MARKET,0,1
SUBMIT,5933,0,BUY,LIMIT,9920,22
CANCEL,1819,0,,,0,0
SUBMIT,5934,0,SELL,LIMIT,9926,16
MODIFY,5878,0,,,9924,12
MODIFY,5926,0,,,9927,12
SUBMIT,5935,0,BUY,LIMIT,9921,34
SUBMIT,5936,0,BUY,LIMIT,9921,40
SUBMIT,5937,0,SELL,LIMIT,9926,15
SUBMIT,5938,0,SELL,LIMIT,9926,27
CANCEL,2506,0,,,0,0
CANCEL,4732,0,,,0,0
CANCEL,5079,0,,,0,0
CANCEL,3733,0,,,0,0
SUBMIT,5939,0,BUY,LIMIT,9921,4
SUBMIT,5940,0,SELL,LIMIT,9927,10
MODIFY,5878,0,,,9924,3
MODIFY,5926,0,,,9927,3
SUBMIT,5941,0,SELL,LIMIT,9927,42
SUBMIT,5942,0,SELL,LIMIT,9929,46
SUBMIT,5943,0,SELL,LIMIT,9928,17
SUBMIT,5944,0,BUY,LIMIT,9924,5
SUBMIT,5945,0,BUY,LIMIT,9924,15
SUBMIT,5946,0,SELL,LIMIT,9930,37
CANCEL,5616,0,,,0,0
SUBMIT,5947,0,SELL,LIMIT,9927,48
SUBMIT,5948,0,SELL,LIMIT,9928,47
CANCEL,5393,0,,,0,0
MODIFY,5878,0,,,9923,17
MODIFY,5926,0,,,9928,17
CANCEL,5388,0,,,0,0
SUBMIT,5949,0,BUY,LIMIT,9926,34
SUBMIT,5950,0,SELL,MARKET,0,45
SUBMIT,5951,0,SELL,LIMIT,9933,32
CANCEL,5193,0,,,0,0
SUBMIT,5952,0,BUY,LIMIT,9923,32
SUBMIT,5953,0,SELL,LIMIT,9932,7
SUBMIT,5954,0,BUY,LIMIT,9923,2
SUBMIT,5955,0,BUY,MARKET,0,33
SUBMIT,5956,0,SELL,LIMIT,9933,43
MODIFY,5878,0,,,9925,7
MODIFY,5926,0,,,9931,7
CANCEL,5698,0,,,0,0
SUBMIT,5957,0,SELL,MARKET,0,17
SUBMIT,5958,0,SELL,MARKET,0,1
SUBMIT,5959,0,BUY,LIMIT,9927,11
SUBMIT,5960,0,SELL,MARKET,0,45
SUBMIT,5961,0,SELL,LIMIT,9930,41
CANCEL,5914,0,,,0,0
CANCEL,4717,0,,,0,0
SUBMIT,5962,0,BUY,LIMIT,9923,10
SUBMIT,5963,0,BUY,LIMIT,9922,11
MODIFY,5878,0,,,9925,2
MODIFY,5926,0,,,9929,2
SUBMIT,5964,0,SELL,LIMIT,9928,21
SUBMIT,5965,0,BUY,MARKET,0,28
CANCEL,3102,0,,,0,0
SUBMIT,5966,0,SELL,LIMIT,9930,23
SUBMIT,5967,0,BUY,LIMIT,9927,5
SUBMIT,5968,0,SELL,MARKET,0,16
CANCEL,4623,0,,,0,0
CANCEL,5913,0,,,0,0
SUBMIT,5969,0,BUY,LIMIT,9924,45
SUBMIT,5970,0,SELL,MARKET,0,29
MODIFY,5878,0,,,9925,1
MODIFY,5926,0,,,9928,1
CANCEL,5118,0,,,0,0
CANCEL,2166,0,,,0,0
SUBMIT,5971,0,SELL,LIMIT,9930,39
SUBMIT,5972,0,BUY,MARKET,0,41
CANCEL,4932,0,,,0,0
SUBMIT,5973,0,SELL,LIMIT,9928,48
CANCEL,5311,0,,,0,0
CANCEL,5119,0,,,0,0
SUBMIT,5974,0,SELL,LIMIT,9931,42
SUBMIT,5975,0,SELL,LIMIT,9933,23
MODIFY,5878,0,,,9926,8
MODIFY,5926,0,,,9930,8
SUBMIT,5976,0,BUY,LIMIT,9924,29
SUBMIT,5977,0,BUY,LIMIT,9927,43
SUBMIT,5978,0,SELL,LIMIT,9933,8
CANCEL,4993,0,,,0,0
CANCEL,2669,0,,,0,0
SUBMIT,5979,0,SELL,LIMIT,9933,41
SUBMIT,5980,0,SELL,LIMIT,9933,24
CANCEL,5312,0,,,0,0
SUBMIT,5981,0,SELL,LIMIT,9933,7
SUBMIT,5982,0,BUY,LIMIT,9929,25
MODIFY,5878,0,,,9929,19
MODIFY,5926,0,,,9932,19
SUBMIT,5983,0,BUY,LIMIT,9927,9
SUBMIT,5984,0,BUY,LIMIT,9925,8
CANCEL,5427,0,,,0,0
SUBMIT,5985,0,BUY,LIMIT,9926,36
SUBMIT,5986,0,SELL,LIMIT,9930,21
CANCEL,4494,0,,,0,0
SUBMIT,5987,0,BUY,LIMIT,9923,45
CANCEL,4866,0,,,0,0
SUBMIT,5988,0,SELL,LIMIT,9929,8
CANCEL,4172,0,,,0,0
SUBMIT,5989,1,BUY,LIMIT,9925,1
MODIFY,5926,0,,,9931,1
SUBMIT,5990,0,BUY,LIMIT,9926,21
SUBMIT,5991,0,SELL,MARKET,0,26
SUBMIT,5992,0,BUY,LIMIT,9926,10
SUBMIT,5993,0,BUY,MARKET,0,49
CANCEL,4106,0,,,0,0
SUBMIT,5994,0,SELL,LIMIT,9930,39
SUBMIT,5995,0,BUY,MARKET,0,18
SUBMIT,5996,0,SELL,LIMIT,9929,14
CANCEL,5006,0,,,0,0
SUBMIT,5997,0,BUY,LIMIT,9924,46
MODIFY,5989,0,,,9926,2
MODIFY,5926,0,,,9928,2
SUBMIT,5998,0,SELL,LIMIT,9930,8
SUBMIT,5999,0,BUY,MARKET,0,10
SUBMIT,6000,0,SELL,LIMIT,9928,44
CANCEL,5945,0,,,0,0
SUBMIT,6001,0,SELL,LIMIT,9932,11
SUBMIT,6002,0,SELL,MARKET,0,26
CANCEL,3374,0,,,0,0
SUBMIT,6003,0,BUY,LIMIT,9922,36
SUBMIT,6004,0,BUY,LIMIT,9926,18
SUBMIT,6005,0,BUY,LIMIT,9923,14
MODIFY,5989,0,,,9923,11
SUBMIT,6006,1,SELL,LIMIT,9929,11
CANCEL,5130,0,,,0,0
SUBMIT,6007,0,BUY,LIMIT,9922,30
SUBMIT,6008,0,SELL,MARKET,0,38
CANCEL,4709,0,,,0,0
CANCEL,2159,0,,,0,0
SUBMIT,6009,0,BUY,LIMIT,9923,40
SUBMIT,6010,0,BUY,LIMIT,9925,42
SUBMIT,6011,0,SELL,LIMIT,9929,32
CANCEL,5925,0,,,0,0
SUBMIT,6012,0,BUY,LIMIT,9924,30
MODIFY,5989,0,,,9925,19
MODIFY,6006,0,,,9929,19
SUBMIT,6013,0,BUY,LIMIT,9922,39
CANCEL,1659,0,,,0,0
SUBMIT,6014,0,SELL,LIMIT,9931,47
SUBMIT,6015,0,SELL,LIMIT,9930,32
SUBMIT,6016,0,BUY,LIMIT,9923,11
SUBMIT,6017,0,BUY,LIMIT,9924,17
SUBMIT,6018,0,BUY,LIMIT,9923,2
SUBMIT,6019,0,BUY,LIMIT,9924,29
SUBMIT,6020,0,BUY,LIMIT,9925,10
SUBMIT,6021,0,SELL,LIMIT,9929,7
MODIFY,5989,0,,,9927,3
MODIFY,6006,0,,,9931,3
CANCEL,3367,0,,,0,0
SUBMIT,6022,0,SELL,LIMIT,9929,9
CANCEL,3212,0,,,0,0
CANCEL,3666,0,,,0,0
SUBMIT,6023,0,BUY,LIMIT,9924,39
SUBMIT,6024,0,SELL,LIMIT,9932,34
SUBMIT,6025,0,SELL,MARKET,0,14
SUBMIT,6026,0,SELL,LIMIT,9930,42
SUBMIT,6027,0,SELL,MARKET,0,16
SUBMIT,6028,0,SELL,MARKET,0,43
SUBMIT,6029,1,BUY,LIMIT,9925,16
MODIFY,6006,0,,,9929,16
SUBMIT,6030,0,BUY,LIMIT,9923,38
SUBMIT,6031,0,SELL,LIMIT,9933,35
SUBMIT,6032,0,SELL,LIMIT,9931,7
CANCEL,2886,0,,,0,0
SUBMIT,6033,0,BUY,LIMIT,9927,3
SUBMIT,6034,0,BUY,LIMIT,9925,29
SUBMIT,6035,0,SELL,MARKET,0,27
SUBMIT,6036,0,BUY,LIMIT,9926,7
SUBMIT,6037,0,SELL,LIMIT,9929,32
SUBMIT,6038,0,BUY,LIMIT,9924,2
MODIFY,6029,0,,,9926,4
MODIFY,6006,0,,,9930,4
SUBMIT,6039,0,BUY,LIMIT,9924,45
SUBMIT,6040,0,SELL,MARKET,0,20
SUBMIT,6041,0,BUY,LIMIT,9926,28
SUBMIT,6042,0,BUY,LIMIT,9926,37
SUBMIT,6043,0,SELL,LIMIT,9932,3
SUBMIT,6044,0,BUY,LIMIT,9924,2
SUBMIT,6045,0,BUY,LIMIT,9928,1
SUBMIT,6046,0,BUY,LIMIT,9925,44
SUBMIT,6047,0,BUY,LIMIT,9927,35
CANCEL,5041,0,,,0,0
MODIFY,6029,0,,,9927,18
MODIFY,6006,0,,,9933,18
SUBMIT,6048,0,SELL,MARKET,0,12
SUBMIT,6049,0,BUY,LIMIT,9928,48
SUBMIT,6050,0,BUY,LIMIT,9925,31
SUBMIT,6051,0,SELL,LIMIT,9930,29
CANCEL,5137,0,,,0,0
SUBMIT,6052,0,BUY,LIMIT,9927,49
SUBMIT,6053,0,BUY,LIMIT,9926,41
SUBMIT,6054,0,BUY,LIMIT,9928,40
SUBMIT,6055,0,BUY,LIMIT,9926,48
CANCEL,6053,0,,,0,0
MODIFY,6029,0,,,9926,15
MODIFY,6006,0,,,9932,15
SUBMIT,6056,0,SELL,MARKET,0,6
SUBMIT,6057,0,SELL,LIMIT,9929,48
CANCEL,2335,0,,,0,0
SUBMIT,6058,0,SELL,MARKET,0,28
SUBMIT,6059,0,BUY,LIMIT,9924,27
SUBMIT,6060,0,BUY,LIMIT,9927,20
CANCEL,2723,0,,,0,0
SUBMIT,6061,0,SELL,MARKET,0,12
SUBMIT,6062,0,BUY,LIMIT,9923,28
SUBMIT,6063,0,SELL,MARKET,0,45
MODIFY,6029,0,,,9925,10
MODIFY,6006,0,,,9931,10
SUBMIT,6064,0,BUY,LIMIT,9927,6
SUBMIT,6065,0,BUY,LIMIT,9928,14
CANCEL,2787,0,,,0,0
SUBMIT,6066,0,BUY,LIMIT,9924,21
SUBMIT,6067,0,SELL,MARKET,0,31
SUBMIT,6068,0,BUY,LIMIT,9926,6
SUBMIT,6069,0,BUY,LIMIT,9924,34
CANCEL,5495,0,,,0,0
SUBMIT,6070,0,BUY,LIMIT,9928,24
CANCEL,5400,0,,,0,0
MODIFY,6029,0,,,9927,9
MODIFY,6006,0,,,9932,9
CANCEL,3333,0,,,0,0
CANCEL,5837,0,,,0,0
SUBMIT,6071,0,SELL,LIMIT,9933,3
SUBMIT,6072,0,BUY,LIMIT,9925,33
SUBMIT,6073,0,BUY,LIMIT,9922,23
SUBMIT,6074,0,BUY,MARKET,0,19
SUBMIT,6075,0,BUY,LIMIT,9925,43
SUBMIT,6076,0,BUY,LIMIT,9923,1
SUBMIT,6077,0,SELL,LIMIT,9932,11
SUBMIT,6078,0,BUY,LIMIT,9925,17
MODIFY,6029,0,,,9924,18
MODIFY,6006,0,,,9928,18
SUBMIT,6079,0,BUY,MARKET,0,21
SUBMIT,6080,0,SELL,LIMIT,9928,24
CANCEL,4670,0,,,0,0
SUBMIT,6081,0,SELL,MARKET,0,38
SUBMIT,6082,0,BUY,LIMIT,9925,13
CANCEL,5057,0,,,0,0
SUBMIT,6083,0,SELL,MARKET,0,21
SUBMIT,6084,0,BUY,LIMIT,9923,21
CANCEL,2052,0,,,0,0
SUBMIT,6085,0,SELL,LIMIT,9932,25
MODIFY,6029,0,,,9928,17
SUBMIT,6086,1,SELL,LIMIT,9932,17
SUBMIT,6087,0,SELL,LIMIT,9934,27
CANCEL,5947,0,,,0,0
CANCEL,4274,0,,,0,0
CANCEL,3173,0,,,0,0
SUBMIT,6088,0,SELL,LIMIT,9931,46
CANCEL,5876,0,,,0,0
SUBMIT,6089,0,BUY,LIMIT,9925,11
SUBMIT,6090,0,SELL,LIMIT,9932,9
SUBMIT,6091,0,BUY,LIMIT,9926,25
SUBMIT,6092,0,BUY,MARKET,0,43
SUBMIT,6093,1,BUY,LIMIT,9927,2
MODIFY,6086,0,,,9929,2
CANCEL,4354,0,,,0,0
SUBMIT,6094,0,BUY,LIMIT,9927,19
CANCEL,4457,0,,,0,0
SUBMIT,6095,0,BUY,LIMIT,9925,48
SUBMIT,6096,0,SELL,LIMIT,9930,46
SUBMIT,6097,0,SELL,MARKET,0,5
SUBMIT,6098,0,SELL,LIMIT,9934,26
SUBMIT,6099,0,BUY,LIMIT,9924,8
CANCEL,5387,0,,,0,0
SUBMIT,6100,0,SELL,LIMIT,9934,14
SUBMIT,6101,1,BUY,LIMIT,9927,14
MODIFY,6086,0,,,9931,14
SUBMIT,6102,0,BUY,MARKET,0,46
SUBMIT,6103,0,BUY,LIMIT,9924,2
SUBMIT,6104,0,BUY,LIMIT,9929,6
SUBMIT,6105,0,SELL,LIMIT,9932,37
SUBMIT,6106,0,SELL,MARKET,0,8
SUBMIT,6107,0,SELL,MARKET,0,23
SUBMIT,6108,0,BUY,MARKET,0,27
SUBMIT,6109,0,SELL,LIMIT,9936,7
SUBMIT,6110,0,SELL,LIMIT,9932,26
SUBMIT,6111,0,SELL,MARKET,0,17
SUBMIT,6112,1,BUY,LIMIT,9930,16
MODIFY,6086,0,,,9933,16
CANCEL,6022,0,,,0,0
SUBMIT,6113,0,BUY,LIMIT,9926,1
SUBMIT,6114,0,SELL,LIMIT,9933,17
SUBMIT,6115,0,BUY,LIMIT,9925,3
SUBMIT,6116,0,SELL,LIMIT,9930,30
CANCEL,5253,0,,,0,0
CANCEL,4178,0,,,0,0
SUBMIT,6117,0,BUY,LIMIT,9925,21
CANCEL,5656,0,,,0,0
CANCEL,5219,0,,,0,0
SUBMIT,6118,1,BUY,LIMIT,9925,13
MODIFY,6086,0,,,9928,13
SUBMIT,6119,0,SELL,LIMIT,9929,14
SUBMIT,6120,0,SELL,MARKET,0,47
CANCEL,5328,0,,,0,0
SUBMIT,6121,0,BUY,LIMIT,9924,44
SUBMIT,6122,0,BUY,LIMIT,9921,20
SUBMIT,6123,0,BUY,LIMIT,9920,21
SUBMIT,6124,0,BUY,LIMIT,9920,15
SUBMIT,6125,0,BUY,LIMIT,9922,35
CANCEL,5677,0,,,0,0
CANCEL,5250,0,,,0,0
MODIFY,6118,0,,,9924,13
MODIFY,6086,0,,,9928,13
SUBMIT,6126,0,SELL,LIMIT,9929,50
SUBMIT,6127,0,BUY,LIMIT,9924,7
CANCEL,5240,0,,,0,0
SUBMIT,6128,0,SELL,LIMIT,9926,35
CANCEL,5048,0,,,0,0
CANCEL,5482,0,,,0,0
CANCEL,5462,0,,,0,0
SUBMIT,6129,0,SELL,LIMIT,9927,39
SUBMIT,6130,0,BUY,LIMIT,9922,31
SUBMIT,6131,0,BUY,LIMIT,9924,43
MODIFY,6118,0,,,9923,9
MODIFY,6086,0,,,9926,9
CANCEL,5220,0,,,0,0
CANCEL,5423,0,,,0,0
SUBMIT,6132,0,BUY,MARKET,0,16
SUBMIT,6133,0,SELL,LIMIT,9931,11
SUBMIT,6134,0,BUY,MARKET,0,48
SUBMIT,6135,0,BUY,MARKET,0,9
CANCEL,5021,0,,,0,0
SUBMIT,6136,0,SELL,LIMIT,9931,33
SUBMIT,6137,0,SELL,LIMIT,9931,38
SUBMIT,6138,0,BUY,LIMIT,9922,47
MODIFY,6118,0,,,9925,10
SUBMIT,6139,1,SELL,LIMIT,9930,10
CANCEL,2713,0,,,0,0
CANCEL,5988,0,,,0,0
SUBMIT,6140,0,BUY,MARKET,0,14
SUBMIT,6141,0,SELL,MARKET,0,32
SUBMIT,6142,0,BUY,LIMIT,9921,41
SUBMIT,6143,0,SELL,LIMIT,9925,7
CANCEL,4169,0,,,0,0
CANCEL,6055,0,,,0,0
SUBMIT,6144,0,SELL,LIMIT,9925,3
SUBMIT,6145,0,BUY,LIMIT,9921,7
MODIFY,6118,0,,,9923,18
MODIFY,6139,0,,,9927,18
SUBMIT,6146,0,SELL,MARKET,0,17
SUBMIT,6147,0,SELL,LIMIT,9927,39
CANCEL,4573,0,,,0,0
CANCEL,3009,0,,,0,0
CANCEL,4870,0,,,0,0
SUBMIT,6148,0,SELL,LIMIT,9929,40
SUBMIT,6149,0,SELL,LIMIT,9927,29
CANCEL,5854,0,,,0,0
CANCEL,5915,0,,,0,0
SUBMIT,6150,0,BUY,LIMIT,9922,23
MODIFY,6118,0,,,9924,1
MODIFY,6139,0,,,9929,1
SUBMIT,6151,0,SELL,LIMIT,9927,15
SUBMIT,6152,0,BUY,LIMIT,9925,4
SUBMIT,6153,0,SELL,LIMIT,9928,24
SUBMIT,6154,0,BUY,LIMIT,9922,42
SUBMIT,6155,0,SELL,LIMIT,9928,40
SUBMIT,6156,0,SELL,MARKET,0,2
SUBMIT,6157,0,BUY,LIMIT,9923,21
SUBMIT,6158,0,BUY,MARKET,0,5
SUBMIT,6159,0,BUY,LIMIT,9926,2
CANCEL,5370,0,,,0,0
MODIFY,6118,0,,,9927,2
MODIFY,6139,0,,,9930,2
CANCEL,2217,0,,,0,0
SUBMIT,6160,0,SELL,LIMIT,9929,7
SUBMIT,6161,0,SELL,LIMIT,9930,50
CANCEL,4666,0,,,0,0
SUBMIT,6162,0,BUY,MARKET,0,5
SUBMIT,6163,0,SELL,LIMIT,9931,11
SUBMIT,6164,0,SELL,LIMIT,9932,7
SUBMIT,6165,0,SELL,LIMIT,9932,14
SUBMIT,6166,0,SELL,LIMIT,9931,46
CANCEL,5425,0,,,0,0
SUBMIT,6167,1,BUY,LIMIT,9927,6
MODIFY,6139,0,,,9932,6
SUBMIT,6168,0,SELL,MARKET,0,12
SUBMIT,6169,0,SELL,LIMIT,9931,24
CANCEL,4685,0,,,0,0
SUBMIT,6170,0,BUY,LIMIT,9928,23
SUBMIT,6171,0,SELL,LIMIT,9935,18
SUBMIT,6172,0,BUY,LIMIT,9928,32
SUBMIT,6173,0,SELL,LIMIT,9933,6
SUBMIT,6174,0,BUY,LIMIT,9931,38
SUBMIT,6175,0,SELL,MARKET,0,36
SUBMIT,6176,0,SELL,LIMIT,9935,37
SUBMIT,6177,1,BUY,LIMIT,9929,6
MODIFY,6139,0,,,9935,6
CANCEL,6150,0,,,0,0
SUBMIT,6178,0,BUY,LIMIT,9929,42
SUBMIT,6179,0,SELL,LIMIT,9937,21
SUBMIT,6180,0,BUY,LIMIT,9931,9
SUBMIT,6181,0,SELL,MARKET,0,21
SUBMIT,6182,0,SELL,MARKET,0,17
SUBMIT,6183,0,BUY,LIMIT,9930,15
SUBMIT,6184,0,BUY,LIMIT,9926,47
SUBMIT,6185,0,SELL,LIMIT,9934,34
SUBMIT,6186,0,BUY,MARKET,0,5
SUBMIT,6187,1,BUY,LIMIT,9930,5
MODIFY,6139,0,,,9932,5
SUBMIT,6188,0,SELL,LIMIT,9936,4
SUBMIT,6189,0,SELL,LIMIT,9934,31
SUBMIT,6190,0,SELL,LIMIT,9934,39
SUBMIT,6191,0,SELL,LIMIT,9932,15
SUBMIT,6192,0,BUY,MARKET,0,31
SUBMIT,6193,0,SELL,LIMIT,9930,32
CANCEL,5215,0,,,0,0
SUBMIT,6194,0,BUY,LIMIT,9927,20
SUBMIT,6195,0,BUY,LIMIT,9925,38
SUBMIT,6196,0,BUY,LIMIT,9928,1
SUBMIT,6197,1,BUY,LIMIT,9928,17
MODIFY,6139,0,,,9932,17
SUBMIT,6198,0,BUY,LIMIT,9927,7
CANCEL,5489,0,,,0,0
SUBMIT,6199,0,BUY,LIMIT,9925,27
SUBMIT,6200,0,BUY,LIMIT,9926,10
SUBMIT,6201,0,BUY,LIMIT,9927,17
SUBMIT,6202,0,SELL,LIMIT,9930,17
SUBMIT,6203,0,SELL,MARKET,0,42
SUBMIT,6204,0,SELL,LIMIT,9933,33
CANCEL,6195,0,,,0,0
SUBMIT,6205,0,BUY,LIMIT,9925,27
SUBMIT,6206,1,BUY,LIMIT,9925,17
MODIFY,6139,0,,,9931,17
SUBMIT,6207,0,BUY,LIMIT,9925,15
SUBMIT,6208,0,BUY,LIMIT,9926,24
CANCEL,4139,0,,,0,0
SUBMIT,6209,0,BUY,LIMIT,9927,2
SUBMIT,6210,0,SELL,LIMIT,9930,12
CANCEL,5898,0,,,0,0
SUBMIT,6211,0,SELL,LIMIT,9928,16
SUBMIT,6212,0,BUY,LIMIT,9924,24
SUBMIT,6213,0,SELL,LIMIT,9929,20
CANCEL,4908,0,,,0,0
MODIFY,6206,0,,,9925,18
MODIFY,6139,0,,,9930,18
SUBMIT,6214,0,BUY,LIMIT,9925,32
SUBMIT,6215,0,BUY,LIMIT,9925,3
SUBMIT,6216,0,BUY,LIMIT,9927,11
CANCEL,5716,0,,,0,0
SUBMIT,6217,0,SELL,MARKET,0,20
SUBMIT,6218,0,SELL,LIMIT,9933,29
SUBMIT,6219,0,BUY,LIMIT,9928,8
SUBMIT,6220,0,BUY,MARKET,0,27
CANCEL,3282,0,,,0,0
CANCEL,5133,0,,,0,0
MODIFY,6206,0,,,9927,12
MODIFY,6139,0,,,9931,12
SUBMIT,6221,0,BUY,LIMIT,9926,30
SUBMIT,6222,0,SELL,LIMIT,9934,50
SUBMIT,6223,0,SELL,LIMIT,9931,5
CANCEL,4116,0,,,0,0
SUBMIT,6224,0,SELL,MARKET,0,7
SUBMIT,6225,0,SELL,LIMIT,9932,39
SUBMIT,6226,0,SELL,LIMIT,9936,49
SUBMIT,6227,0,BUY,LIMIT,9930,14
SUBMIT,6228,0,SELL,LIMIT,9934,32
SUBMIT,6229,0,SELL,LIMIT,9937,5
MODIFY,6206,0,,,9931,2
MODIFY,6139,0,,,9933,2
SUBMIT,6230,0,BUY,LIMIT,9926,32
SUBMIT,6231,0,BUY,LIMIT,9928,47
SUBMIT,6232,0,SELL,MARKET,0,29
CANCEL,4454,0,,,0,0
SUBMIT,6233,0,BUY,LIMIT,9930,39
SUBMIT,6234,0,SELL,LIMIT,9938,48
SUBMIT,6235,0,SELL,LIMIT,9937,47
SUBMIT,6236,0,SELL,LIMIT,9938,8
SUBMIT,6237,0,BUY,LIMIT,9929,39
SUBMIT,6238,0,BUY,LIMIT,9930,49
SUBMIT,6239,1,BUY,LIMIT,9932,18
MODIFY,6139,0,,,9934,18
SUBMIT,6240,0,BUY,LIMIT,9930,34
SUBMIT,6241,0,BUY,LIMIT,9928,25
SUBMIT,6242,0,SELL,LIMIT,9937,44
SUBMIT,6243,0,BUY,LIMIT,9930,41
SUBMIT,6244,0,SELL,LIMIT,9935,24
CANCEL,5332,0,,,0,0
SUBMIT,6245,0,SELL,LIMIT,9934,40
SUBMIT,6246,0,SELL,LIMIT,9936,28
SUBMIT,6247,0,SELL,LIMIT,9935,14
CANCEL,2226,0,,,0,0
SUBMIT,6248,1,BUY,LIMIT,9931,11
MODIFY,6139,0,,,9936,11
SUBMIT,6249,0,SELL,LIMIT,9935,47
CANCEL,5447,0,,,0,0
SUBMIT,6250,0,SELL,LIMIT,9938,13
SUBMIT,6251,0,SELL,MARKET,0,17
CANCEL,5757,0,,,0,0
SUBMIT,6252,0,BUY,LIMIT,9927,50
SUBMIT,6253,0,SELL,LIMIT,9934,22
SUBMIT,6254,0,BUY,MARKET,0,18
CANCEL,4214,0,,,0,0
SUBMIT,6255,0,BUY,LIMIT,9928,36
SUBMIT,6256,1,BUY,LIMIT,9930,7
MODIFY,6139,0,,,9934,7
CANCEL,6253,0,,,0,0
SUBMIT,6257,0,BUY,LIMIT,9930,25
CANCEL,3125,0,,,0,0
SUBMIT,6258,0,BUY,LIMIT,9927,1
CANCEL,6094,0,,,0,0
SUBMIT,6259,0,SELL,LIMIT,9937,5
SUBMIT,6260,0,SELL,LIMIT,9935,29
SUBMIT,6261,0,BUY,LIMIT,9929,8
SUBMIT,6262,0,SELL,LIMIT,9934,42
SUBMIT,6263,0,SELL,MARKET,0,22
SUBMIT,6264,1,BUY,LIMIT,9928,6
MODIFY,6139,0,,,9932,6
SUBMIT,6265,0,BUY,LIMIT,9926,11
SUBMIT,6266,0,BUY,LIMIT,9929,2
SUBMIT,6267,0,SELL,MARKET,0,35
CANCEL,3572,0,,,0,0
SUBMIT,6268,0,SELL,LIMIT,9933,26
SUBMIT,6269,0,SELL,MARKET,0,16
CANCEL,5173,0,,,0,0
SUBMIT,6270,0,SELL,MARKET,0,31
SUBMIT,6271,0,BUY,LIMIT,9929,12
SUBMIT,6272,0,SELL,LIMIT,9933,9
MODIFY,6264,0,,,9928,3
MODIFY,6139,0,,,9932,3
CANCEL,4937,0,,,0,0
SUBMIT,6273,0,SELL,LIMIT,9933,26
SUBMIT,6274,0,SELL,LIMIT,9936,13
CANCEL,4820,0,,,0,0
SUBMIT,6275,0,SELL,LIMIT,9934,10
SUBMIT,6276,0,BUY,MARKET,0,6
CANCEL,5062,0,,,0,0
SUBMIT,6277,0,SELL,LIMIT,9936,20
SUBMIT,6278,0,BUY,MARKET,0,41
SUBMIT,6279,0,SELL,LIMIT,9936,11
MODIFY,6264,0,,,9928,15
MODIFY,6139,0,,,9933,15
SUBMIT,6280,0,SELL,LIMIT,9935,37
SUBMIT,6281,0,BUY,MARKET,0,31
SUBMIT,6282,0,BUY,MARKET,0,21
CANCEL,5954,0,,,0,0
SUBMIT,6283,0,SELL,LIMIT,9932,7
SUBMIT,6284,0,SELL,LIMIT,9936,12
SUBMIT,6285,0,BUY,LIMIT,9929,43
CANCEL,4511,0,,,0,0
CANCEL,5806,0,,,0,0
SUBMIT,6286,0,SELL,LIMIT,9932,48
MODIFY,6264,0,,,9928,2
MODIFY,6139,0,,,9932,2
CANCEL,2642,0,,,0,0
SUBMIT,6287,0,SELL,LIMIT,9935,24
CANCEL,2655,0,,,0,0
SUBMIT,6288,0,SELL,LIMIT,9934,13
SUBMIT,6289,0,SELL,LIMIT,9933,7
SUBMIT,6290,0,SELL,LIMIT,9933,43
SUBMIT,6291,0,SELL,LIMIT,9935,19
CANCEL,5459,0,,,0,0
SUBMIT,6292,0,SELL,LIMIT,9931,6
SUBMIT,6293,0,BUY,LIMIT,9928,17
MODIFY,6264,0,,,9929,6
MODIFY,6139,0,,,9932,6
SUBMIT,6294,0,SELL,LIMIT,9937,31
SUBMIT,6295,0,BUY,MARKET,0,14
SUBMIT,6296,0,SELL,MARKET,0,47
SUBMIT,6297,0,BUY,LIMIT,9927,42
SUBMIT,6298,0,BUY,MARKET,0,28
SUBMIT,6299,0,BUY,LIMIT,9930,35
SUBMIT,6300,0,SELL,MARKET,0,1
SUBMIT,6301,0,SELL,MARKET,0,34
CANCEL,4918,0,,,0,0
SUBMIT,6302,0,BUY,MARKET,0,5
SUBMIT,6303,1,BUY,LIMIT,9931,3
MODIFY,6139,0,,,9934,3
SUBMIT,6304,0,SELL,LIMIT,9934,13
CANCEL,6024,0,,,0,0
SUBMIT,6305,0,BUY,LIMIT,9929,7
CANCEL,3692,0,,,0,0
CANCEL,4626,0,,,0,0
SUBMIT,6306,0,SELL,LIMIT,9935,43
SUBMIT,6307,0,SELL,LIMIT,9937,50
CANCEL,5602,0,,,0,0
CANCEL,3831,0,,,0,0
SUBMIT,6308,0,SELL,MARKET,0,40
SUBMIT,6309,1,BUY,LIMIT,9931,16
MODIFY,6139,0,,,9933,16
CANCEL,5668,0,,,0,0
CANCEL,5424,0,,,0,0
CANCEL,4786,0,,,0,0
SUBMIT,6310,0,BUY,LIMIT,9930,40
CANCEL,5980,0,,,0,0
SUBMIT,6311,0,SELL,LIMIT,9937,38
SUBMIT,6312,0,BUY,LIMIT,9928,6
SUBMIT,6313,0,SELL,LIMIT,9934,16
SUBMIT,6314,0,BUY,LIMIT,9928,49
SUBMIT,6315,0,BUY,MARKET,0,33
SUBMIT,6316,1,BUY,LIMIT,9931,20
MODIFY,6139,0,,,9934,20
SUBMIT,6317,0,SELL,LIMIT,9937,41
CANCEL,5320,0,,,0,0
CANCEL,4137,0,,,0,0
SUBMIT,6318,0,BUY,LIMIT,9932,40
SUBMIT,6319,0,SELL,LIMIT,9937,38
SUBMIT,6320,0,SELL,LIMIT,9933,13
SUBMIT,6321,0,BUY,LIMIT,9931,5
CANCEL,6060,0,,,0,0
SUBMIT,6322,0,SELL,LIMIT,9935,28
SUBMIT,6323,0,BUY,MARKET,0,4
SUBMIT,6324,1,BUY,LIMIT,9931,17
MODIFY,6139,0,,,9935,17
SUBMIT,6325,0,BUY,LIMIT,9929,29
SUBMIT,6326,0,SELL,LIMIT,9934,22
SUBMIT,6327,0,BUY,LIMIT,9930,10
CANCEL,4191,0,,,0,0
SUBMIT,6328,0,BUY,MARKET,0,33
SUBMIT,6329,0,BUY,LIMIT,9932,30
SUBMIT,6330,0,BUY,LIMIT,9928,11
SUBMIT,6331,0,SELL,LIMIT,9936,31
CANCEL,6073,0,,,0,0
SUBMIT,6332,0,BUY,LIMIT,9929,6
SUBMIT,6333,1,BUY,LIMIT,9932,10
MODIFY,6139,0,,,9934,10
CANCEL,4020,0,,,0,0
SUBMIT,6334,0,BUY,LIMIT,9931,10
SUBMIT,6335,0,SELL,LIMIT,9936,9
SUBMIT,6336,0,BUY,LIMIT,9931,23
SUBMIT,6337,0,SELL,LIMIT,9935,39
SUBMIT,6338,0,SELL,LIMIT,9935,7
CANCEL,5434,0,,,0,0
SUBMIT,6339,0,BUY,LIMIT,9930,44
SUBMIT,6340,0,BUY,LIMIT,9930,13
SUBMIT,6341,0,BUY,LIMIT,9930,6
SUBMIT,6342,1,BUY,LIMIT,9930,19
MODIFY,6139,0,,,9935,19
SUBMIT,6343,0,BUY,LIMIT,9929,34
SUBMIT,6344,0,SELL,LIMIT,9936,32
SUBMIT,6345,0,BUY,LIMIT,9933,34
CANCEL,5642,0,,,0,0
CANCEL,5823,0,,,0,0
SUBMIT,6346,0,BUY,LIMIT,9931,7
SUBMIT,6347,0,BUY,LIMIT,9933,14
SUBMIT,6348,0,BUY,LIMIT,9935,45
SUBMIT,6349,0,SELL,LIMIT,9940,28
SUBMIT,6350,0,BUY,MARKET,0,21
MODIFY,6342,0,,,9933,6
MODIFY,6139,0,,,9937,6
SUBMIT,6351,0,BUY,LIMIT,9932,11
SUBMIT,6352,0,BUY,LIMIT,9934,12
CANCEL,6259,0,,,0,0
CANCEL,6085,0,,,0,0
SUBMIT,6353,0,SELL,LIMIT,9941,7
SUBMIT,6354,0,SELL,LIMIT,9938,6
SUBMIT,6355,0,SELL,LIMIT,9937,35
CANCEL,5884,0,,,0,0
SUBMIT,6356,0,BUY,LIMIT,9935,11
SUBMIT,6357,0,SELL,LIMIT,9940,46
SUBMIT,6358,1,BUY,LIMIT,9933,10
MODIFY,6139,0,,,9939,10
SUBMIT,6359,0,BUY,LIMIT,9935,2
CANCEL,6179,0,,,0,0
CANCEL,4259,0,,,0,0
SUBMIT,6360,0,BUY,LIMIT,9930,26
SUBMIT,6361,0,BUY,LIMIT,9931,38
SUBMIT,6362,0,BUY,LIMIT,9934,45
SUBMIT,6363,0,BUY,LIMIT,9933,22
SUBMIT,6364,0,BUY,LIMIT,9930,20
CANCEL,3546,0,,,0,0
CANCEL,4402,0,,,0,0
SUBMIT,6365,1,BUY,LIMIT,9933,20
MODIFY,6139,0,,,9936,20
CANCEL,3390,0,,,0,0
SUBMIT,6366,0,SELL,LIMIT,9941,22
SUBMIT,6367,0,BUY,LIMIT,9936,33
CANCEL,2114,0,,,0,0
SUBMIT,6368,0,BUY,LIMIT,9934,50
SUBMIT,6369,0,SELL,LIMIT,9936,50
SUBMIT,6370,0,SELL,LIMIT,9937,28
SUBMIT,6371,0,BUY,LIMIT,9930,4
SUBMIT,6372,0,SELL,LIMIT,9939,44
SUBMIT,6373,0,SELL,LIMIT,9939,10
SUBMIT,6374,1,BUY,LIMIT,9933,14
MODIFY,6139,0,,,9937,14
SUBMIT,6375,0,BUY,LIMIT,9933,34
SUBMIT,6376,0,SELL,LIMIT,9940,20
SUBMIT,6377,0,SELL,LIMIT,9939,3
CANCEL,4555,0,,,0,0
CANCEL,5574,0,,,0,0
CANCEL,5060,0,,,0,0
SUBMIT,6378,0,SELL,LIMIT,9937,9
CANCEL,2847,0,,,0,0
SUBMIT,6379,0,SELL,LIMIT,9935,30
CANCEL,4782,0,,,0,0
SUBMIT,6380,1,BUY,LIMIT,9932,12
MODIFY,6139,0,,,9936,12
CANCEL,1460,0,,,0,0
CANCEL,5512,0,,,0,0
CANCEL,5303,0,,,0,0
SUBMIT,6381,0,SELL,LIMIT,9935,31
SUBMIT,6382,0,SELL,LIMIT,9934,15
SUBMIT,6383,0,BUY,MARKET,0,24
SUBMIT,6384,0,BUY,MARKET,0,31
CANCEL,4579,0,,,0,0
CANCEL,4333,0,,,0,0
CANCEL,4805,0,,,0,0
SUBMIT,6385,1,BUY,LIMIT,9931,18
MODIFY,6139,0,,,9936,18
SUBMIT,6386,0,BUY,LIMIT,9933,47
CANCEL,5687,0,,,0,0
SUBMIT,6387,0,BUY,LIMIT,9932,12
CANCEL,6290,0,,,0,0
SUBMIT,6388,0,SELL,LIMIT,9939,42
CANCEL,4678,0,,,0,0
SUBMIT,6389,0,BUY,LIMIT,9928,49
SUBMIT,6390,0,BUY,LIMIT,9930,9
CANCEL,4772,0,,,0,0
SUBMIT,6391,0,BUY,LIMIT,9928,44
SUBMIT,6392,1,BUY,LIMIT,9931,5
MODIFY,6139,0,,,9935,5
SUBMIT,6393,0,SELL,LIMIT,9934,39
SUBMIT,6394,0,SELL,LIMIT,9937,37
SUBMIT,6395,0,SELL,MARKET,0,41
SUBMIT,6396,0,BUY,LIMIT,9929,20
CANCEL,5013,0,,,0,0
CANCEL,6377,0,,,0,0
SUBMIT,6397,0,SELL,LIMIT,9935,14
SUBMIT,6398,0,BUY,LIMIT,9929,34
CANCEL,1166,0,,,0,0
SUBMIT,6399,0,SELL,LIMIT,9934,25
SUBMIT,6400,1,BUY,LIMIT,9929,19
MODIFY,6139,0,,,9933,19
SUBMIT,6401,0,SELL,LIMIT,9937,37
SUBMIT,6402,0,SELL,LIMIT,9936,39
SUBMIT,6403,0,SELL,MARKET,0,45
SUBMIT,6404,0,BUY,LIMIT,9930,23
SUBMIT,6405,0,BUY,LIMIT,9931,15
SUBMIT,6406,0,BUY,LIMIT,9927,10
SUBMIT,6407,0,BUY,LIMIT,9930,39
SUBMIT,6408,0,SELL,MARKET,0,31
SUBMIT,6409,0,BUY,LIMIT,9929,6
SUBMIT,6410,0,SELL,MARKET,0,37
MODIFY,6400,0,,,9928,14
MODIFY,6139,0,,,9932,14
SUBMIT,6411,0,SELL,MARKET,0,30
CANCEL,6390,0,,,0,0
SUBMIT,6412,0,SELL,LIMIT,9933,21
SUBMIT,6413,0,BUY,LIMIT,9930,50
SUBMIT,6414,0,BUY,LIMIT,9928,7
SUBMIT,6415,0,BUY,LIMIT,9929,27
SUBMIT,6416,0,BUY,LIMIT,9929,44
CANCEL,3828,0,,,0,0
CANCEL,2628,0,,,0,0
SUBMIT,6417,0,BUY,LIMIT,9930,3
MODIFY,6400,0,,,9928,17
MODIFY,6139,0,,,9934,17
CANCEL,5144,0,,,0,0
SUBMIT,6418,0,BUY,LIMIT,9930,8
SUBMIT,6419,0,SELL,LIMIT,9934,40
SUBMIT,6420,0,SELL,LIMIT,9935,1
SUBMIT,6421,0,SELL,LIMIT,9932,8
SUBMIT,6422,0,BUY,LIMIT,9928,42
CANCEL,3365,0,,,0,0
SUBMIT,6423,0,SELL,MARKET,0,27
CANCEL,3595,0,,,0,0
SUBMIT,6424,0,BUY,MARKET,0,42
MODIFY,6400,0,,,9930,17
MODIFY,6139,0,,,9933,17
SUBMIT,6425,0,BUY,MARKET,0,31
SUBMIT,6426,0,BUY,MARKET,0,38
SUBMIT,6427,0,SELL,LIMIT,9934,18
SUBMIT,6428,0,SELL,LIMIT,9936,36
SUBMIT,6429,0,BUY,LIMIT,9930,47
CANCEL,6142,0,,,0,0
SUBMIT,6430,0,BUY,LIMIT,9928,4
SUBMIT,6431,0,BUY,MARKET,0,16
SUBMIT,6432,0,BUY,LIMIT,9930,24
SUBMIT,6433,0,BUY,LIMIT,9930,50
MODIFY,6400,0,,,9932,20
MODIFY,6139,0,,,9934,20
CANCEL,5376,0,,,0,0
SUBMIT,6434,0,BUY,LIMIT,9932,10
CANCEL,5669,0,,,0,0
CANCEL,6343,0,,,0,0
SUBMIT,6435,0,SELL,MARKET,0,7
SUBMIT,6436,0,SELL,LIMIT,9935,23
CANCEL,4798,0,,,0,0
SUBMIT,6437,0,BUY,LIMIT,9930,23
SUBMIT,6438,0,SELL,MARKET,0,22
SUBMIT,6439,0,BUY,LIMIT,9931,35
SUBMIT,6440,1,BUY,LIMIT,9929,2
MODIFY,6139,0,,,9935,2
SUBMIT,6441,0,BUY,LIMIT,9930,21
SUBMIT,6442,0,SELL,LIMIT,9933,1
SUBMIT,6443,0,BUY,LIMIT,9928,34
SUBMIT,6444,0,BUY,LIMIT,9928,8
SUBMIT,6445,0,SELL,LIMIT,9935,22
CANCEL,5811,0,,,0,0
SUBMIT,6446,0,SELL,LIMIT,9932,2
SUBMIT,6447,0,SELL,MARKET,0,37
SUBMIT,6448,0,BUY,LIMIT,9930,38
SUBMIT,6449,0,BUY,LIMIT,9928,50
MODIFY,6440,0,,,9929,18
MODIFY,6139,0,,,9934,18
SUBMIT,6450,0,SELL,LIMIT,9935,20
SUBMIT,6451,0,SELL,MARKET,0,9
CANCEL,6427,0,,,0,0
SUBMIT,6452,0,SELL,LIMIT,9936,45
CANCEL,4126,0,,,0,0
SUBMIT,6453,0,SELL,LIMIT,9934,3
SUBMIT,6454,0,BUY,LIMIT,9931,46
SUBMIT,6455,0,SELL,MARKET,0,28
SUBMIT,6456,0,BUY,LIMIT,9928,25
CANCEL,6235,0,,,0,0
MODIFY,6440,0,,,9929,17
MODIFY,6139,0,,,9935,17
SUBMIT,6457,0,BUY,MARKET,0,45
SUBMIT,6458,0,SELL,LIMIT,9938,41
SUBMIT,6459,0,BUY,LIMIT,9933,32
SUBMIT,6460,0,SELL,LIMIT,9936,33
SUBMIT,6461,0,BUY,LIMIT,9929,1
CANCEL,6116,0,,,0,0
SUBMIT,6462,0,SELL,LIMIT,9936,6
CANCEL,5126,0,,,0,0
SUBMIT,6463,0,BUY,LIMIT,9925,49
SUBMIT,6464,0,BUY,LIMIT,9928,40
MODIFY,6440,0,,,9930,13
MODIFY,6139,0,,,9934,13
SUBMIT,6465,0,BUY,LIMIT,9929,39
SUBMIT,6466,0,BUY,LIMIT,9926,8
SUBMIT,6467,0,SELL,LIMIT,9933,11
CANCEL,3340,0,,,0,0
CANCEL,5031,0,,,0,0
SUBMIT,6468,0,SELL,LIMIT,9935,49
SUBMIT,6469,0,BUY,LIMIT,9927,35
SUBMIT,6470,0,BUY,MARKET,0,18
CANCEL,6285,0,,,0,0
CANCEL,4074,0,,,0,0
MODIFY,6440,0,,,9929,3
MODIFY,6139,0,,,9933,3
CANCEL,3806,0,,,0,0
CANCEL,4590,0,,,0,0
CANCEL,1747,0,,,0,0
CANCEL,4181,0,,,0,0
CANCEL,5374,0,,,0,0
SUBMIT,6471,0,SELL,LIMIT,9934,40
SUBMIT,6472,0,BUY,LIMIT,9925,37
CANCEL,6389,0,,,0,0
CANCEL,5357,0,,,0,0
SUBMIT,6473,0,SELL,LIMIT,9932,20
MODIFY,6440,0,,,9930,14
MODIFY,6139,0,,,9932,14
SUBMIT,6474,0,BUY,LIMIT,9926,43
SUBMIT,6475,0,BUY,MARKET,0,1
SUBMIT,6476,0,BUY,LIMIT,9930,36
SUBMIT,6477,0,BUY,LIMIT,9929,23
SUBMIT,6478,0,SELL,LIMIT,9937,49
CANCEL,5700,0,,,0,0
SUBMIT,6479,0,BUY,MARKET,0,25
CANCEL,6417,0,,,0,0
SUBMIT,6480,0,BUY,MARKET,0,13
CANCEL,4888,0,,,0,0
MODIFY,6440,0,,,9931,20
MODIFY,6139,0,,,9933,20
SUBMIT,6481,0,BUY,LIMIT,9929,39
SUBMIT,6482,0,SELL,LIMIT,9934,11
SUBMIT,6483,0,BUY,LIMIT,9929,48
SUBMIT,6484,0,SELL,MARKET,0,44
CANCEL,5363,0,,,0,0
SUBMIT,6485,0,SELL,LIMIT,9935,4
CANCEL,3396,0,,,0,0
SUBMIT,6486,0,BUY,LIMIT,9928,14
SUBMIT,6487,0,BUY,MARKET,0,50
SUBMIT,6488,0,SELL,LIMIT,9934,17
SUBMIT,6489,1,BUY,LIMIT,9930,4
MODIFY,6139,0,,,9935,4
SUBMIT,6490,0,SELL,LIMIT,9933,31
CANCEL,6474,0,,,0,0
SUBMIT,6491,0,SELL,MARKET,0,34
SUBMIT,6492,0,BUY,MARKET,0,36
SUBMIT,6493,0,BUY,MARKET,0,34
SUBMIT,6494,0,BUY,LIMIT,9929,3
SUBMIT,6495,0,SELL,LIMIT,9934,10
SUBMIT,6496,0,SELL,LIMIT,9937,2
SUBMIT,6497,0,BUY,LIMIT,9931,14
SUBMIT,6498,0,SELL,MARKET,0,27
MODIFY,6489,0,,,9929,5
MODIFY,6139,0,,,9933,5
SUBMIT,6499,0,BUY,LIMIT,9930,33
CANCEL,6460,0,,,0,0
SUBMIT,6500,0,BUY,LIMIT,9930,5
CANCEL,5709,0,,,0,0
SUBMIT,6501,0,SELL,LIMIT,9934,48
SUBMIT,6502,0,BUY,LIMIT,9930,23
CANCEL,5527,0,,,0,0
SUBMIT,6503,0,BUY,LIMIT,9929,19
SUBMIT,6504,0,SELL,MARKET,0,50
SUBMIT,6505,0,SELL,LIMIT,9935,18
MODIFY,6489,0,,,9929,3
MODIFY,6139,0,,,9934,3
CANCEL,6218,0,,,0,0
SUBMIT,6506,0,BUY,LIMIT,9927,1
CANCEL,4969,0,,,0,0
SUBMIT,6507,0,BUY,LIMIT,9929,27
CANCEL,4366,0,,,0,0
CANCEL,5906,0,,,0,0
SUBMIT,6508,0,BUY,LIMIT,9930,6
SUBMIT,6509,0,BUY,MARKET,0,17
CANCEL,6405,0,,,0,0
CANCEL,6312,0,,,0,0
MODIFY,6489,0,,,9932,1
MODIFY,6139,0,,,9935,1
SUBMIT,6510,0,SELL,LIMIT,9934,25
SUBMIT,6511,0,BUY,LIMIT,9929,37
CANCEL,5182,0,,,0,0
SUBMIT,6512,0,BUY,LIMIT,9932,15
SUBMIT,6513,0,BUY,MARKET,0,45
CANCEL,4223,0,,,0,0
CANCEL,5109,0,,,0,0
SUBMIT,6514,0,SELL,MARKET,0,6
CANCEL,4880,0,,,0,0
SUBMIT,6515,0,BUY,LIMIT,9933,24
SUBMIT,6516,1,BUY,LIMIT,9933,2
MODIFY,6139,0,,,9935,2
CANCEL,4119,0,,,0,0
CANCEL,4929,0,,,0,0
SUBMIT,6517,0,BUY,MARKET,0,31
CANCEL,6098,0,,,0,0
SUBMIT,6518,0,SELL,LIMIT,9935,13
SUBMIT,6519,0,BUY,LIMIT,9930,36
SUBMIT,6520,0,BUY,LIMIT,9930,17
SUBMIT,6521,0,BUY,LIMIT,9928,40
SUBMIT,6522,0,SELL,LIMIT,9936,9
SUBMIT,6523,0,BUY,LIMIT,9928,43
SUBMIT,6524,1,BUY,LIMIT,9931,2
MODIFY,6139,0,,,9934,2
CANCEL,5852,0,,,0,0
SUBMIT,6525,0,BUY,LIMIT,9930,7
SUBMIT,6526,0,SELL,LIMIT,9934,37
SUBMIT,6527,0,BUY,MARKET,0,25
SUBMIT,6528,0,BUY,LIMIT,9931,27
CANCEL,5275,0,,,0,0
SUBMIT,6529,0,BUY,LIMIT,9931,43
SUBMIT,6530,0,BUY,LIMIT,9928,8
SUBMIT,6531,0,SELL,LIMIT,9936,21
CANCEL,5765,0,,,0,0
MODIFY,6524,0,,,9931,12
MODIFY,6139,0,,,9935,12
CANCEL,6476,0,,,0,0
SUBMIT,6532,0,SELL,LIMIT,9933,48
SUBMIT,6533,0,BUY,LIMIT,9929,24
SUBMIT,6534,0,SELL,LIMIT,9937,45
SUBMIT,6535,0,BUY,MARKET,0,14
SUBMIT,6536,0,SELL,LIMIT,9937,11
SUBMIT,6537,0,BUY,MARKET,0,28
SUBMIT,6538,0,BUY,LIMIT,9931,33
SUBMIT,6539,0,BUY,MARKET,0,5
SUBMIT,6540,0,BUY,LIMIT,9930,12
MODIFY,6524,0,,,9932,1
MODIFY,6139,0,,,9937,1
SUBMIT,6541,0,BUY,LIMIT,9933,31
SUBMIT,6542,0,SELL,MARKET,0,34
SUBMIT,6543,0,SELL,LIMIT,9939,17
SUBMIT,6544,0,SELL,LIMIT,9939,32
CANCEL,5090,0,,,0,0
SUBMIT,6545,0,BUY,LIMIT,9930,41
CANCEL,2477,0,,,0,0
SUBMIT,6546,0,BUY,LIMIT,9934,5
SUBMIT,6547,0,BUY,MARKET,0,50
CANCEL,5446,0,,,0,0
SUBMIT,6548,1,BUY,LIMIT,9936,1
MODIFY,6139,0,,,9938,1
CANCEL,5788,0,,,0,0
SUBMIT,6549,0,BUY,LIMIT,9931,44
SUBMIT,6550,0,BUY,LIMIT,9935,13
SUBMIT,6551,0,BUY,LIMIT,9934,5
CANCEL,6490,0,,,0,0
CANCEL,4507,0,,,0,0
CANCEL,4833,0,,,0,0
CANCEL,3699,0,,,0,0
SUBMIT,6552,0,SELL,LIMIT,9941,29
CANCEL,4892,0,,,0,0
SUBMIT,6553,1,BUY,LIMIT,9935,1
MODIFY,6139,0,,,9939,1
SUBMIT,6554,0,BUY,LIMIT,9931,6
SUBMIT,6555,0,BUY,MARKET,0,11
SUBMIT,6556,0,SELL,LIMIT,9938,8
SUBMIT,6557,0,BUY,MARKET,0,40
SUBMIT,6558,0,BUY,LIMIT,9933,27
CANCEL,4231,0,,,0,0
SUBMIT,6559,0,SELL,LIMIT,9939,24
SUBMIT,6560,0,BUY,LIMIT,9930,23
SUBMIT,6561,0,SELL,LIMIT,9938,25
CANCEL,5753,0,,,0,0
SUBMIT,6562,1,BUY,LIMIT,9931,13
MODIFY,6139,0,,,9936,13
CANCEL,3176,0,,,0,0
SUBMIT,6563,0,BUY,LIMIT,9931,40
CANCEL,6124,0,,,0,0
CANCEL,6533,0,,,0,0
SUBMIT,6564,0,SELL,LIMIT,9937,2
CANCEL,5577,0,,,0,0
CANCEL,6506,0,,,0,0
SUBMIT,6565,0,BUY,LIMIT,9932,36
SUBMIT,6566,0,SELL,LIMIT,9939,38
SUBMIT,6567,0,SELL,MARKET,0,46
MODIFY,6562,0,,,9933,2
MODIFY,6139,0,,,9937,2
SUBMIT,6568,0,SELL,LIMIT,9939,5
SUBMIT,6569,0,SELL,LIMIT,9935,28
SUBMIT,6570,0,BUY,MARKET,0,36
CANCEL,4931,0,,,0,0
SUBMIT,6571,0,BUY,LIMIT,9934,36
CANCEL,4834,0,,,0,0
CANCEL,5492,0,,,0,0
SUBMIT,6572,0,SELL,LIMIT,9938,22
CANCEL,3484,0,,,0,0
CANCEL,3066,0,,,0,0
SUBMIT,6573,1,BUY,LIMIT,9933,6
MODIFY,6139,0,,,9939,6
SUBMIT,6574,0,BUY,LIMIT,9931,9
SUBMIT,6575,0,SELL,MARKET,0,7
SUBMIT,6576,0,SELL,MARKET,0,50
CANCEL,5440,0,,,0,0
CANCEL,3947,0,,,0,0
CANCEL,6115,0,,,0,0
SUBMIT,6577,0,SELL,LIMIT,9937,41
SUBMIT,6578,0,SELL,LIMIT,9940,3
SUBMIT,6579,0,SELL,LIMIT,9940,22
SUBMIT,6580,0,SELL,LIMIT,9937,44
SUBMIT,6581,1,BUY,LIMIT,9934,20
MODIFY,6139,0,,,9938,20
CANCEL,1319,0,,,0,0
CANCEL,4984,0,,,0,0
SUBMIT,6582,0,BUY,LIMIT,9930,21
SUBMIT,6583,0,SELL,MARKET,0,25
SUBMIT,6584,0,SELL,MARKET,0,21
CANCEL,3775,0,,,0,0
SUBMIT,6585,0,SELL,MARKET,0,50
SUBMIT,6586,0,BUY,MARKET,0,18
SUBMIT,6587,0,BUY,LIMIT,9932,33
SUBMIT,6588,0,SELL,LIMIT,9938,19
SUBMIT,6589,1,BUY,LIMIT,9933,7
MODIFY,6139,0,,,9937,7
CANCEL,5098,0,,,0,0
CANCEL,5863,0,,,0,0
CANCEL,1885,0,,,0,0
SUBMIT,6590,0,BUY,MARKET,0,25
SUBMIT,6591,0,SELL,LIMIT,9940,21
CANCEL,3218,0,,,0,0
SUBMIT,6592,0,SELL,LIMIT,9943,41
CANCEL,2829,0,,,0,0
SUBMIT,6593,0,BUY,LIMIT,9934,5
SUBMIT,6594,0,BUY,LIMIT,9938,26
SUBMIT,6595,1,BUY,LIMIT,9937,12
MODIFY,6139,0,,,9941,12
CANCEL,4662,0,,,0,0
SUBMIT,6596,0,SELL,MARKET,0,14
SUBMIT,6597,0,SELL,LIMIT,9943,23
SUBMIT,6598,0,SELL,LIMIT,9942,44
SUBMIT,6599,0,SELL,LIMIT,9944,3
SUBMIT,6600,0,SELL,LIMIT,9941,26
SUBMIT,6601,0,SELL,LIMIT,9939,13
CANCEL,5629,0,,,0,0
CANCEL,4171,0,,,0,0
SUBMIT,6602,0,SELL,MARKET,0,45
SUBMIT,6603,1,BUY,LIMIT,9938,12
MODIFY,6139,0,,,9942,12
SUBMIT,6604,0,SELL,LIMIT,9940,3
SUBMIT,6605,0,SELL,MARKET,0,22
CANCEL,4879,0,,,0,0
SUBMIT,6606,0,SELL,LIMIT,9941,5
SUBMIT,6607,0,SELL,LIMIT,9943,23
SUBMIT,6608,0,BUY,LIMIT,9939,11
CANCEL,954,0,,,0,0
SUBMIT,6609,0,SELL,LIMIT,9944,18
SUBMIT,6610,0,SELL,LIMIT,9942,42
CANCEL,6014,0,,,0,0
SUBMIT,6611,1,BUY,LIMIT,9937,8
MODIFY,6139,0,,,9941,8
SUBMIT,6612,0,BUY,LIMIT,9936,13
SUBMIT,6613,0,BUY,MARKET,0,28
CANCEL,6483,0,,,0,0
SUBMIT,6614,0,BUY,LIMIT,9935,28
CANCEL,2863,0,,,0,0
SUBMIT,6615,0,SELL,MARKET,0,36
CANCEL,6189,0,,,0,0
SUBMIT,6616,0,SELL,MARKET,0,4
SUBMIT,6617,0,BUY,LIMIT,9935,41
SUBMIT,6618,0,BUY,LIMIT,9935,28
SUBMIT,6619,1,BUY,LIMIT,9936,19
MODIFY,6139,0,,,9941,19
SUBMIT,6620,0,SELL,LIMIT,9943,35
SUBMIT,6621,0,BUY,LIMIT,9939,40
SUBMIT,6622,0,SELL,LIMIT,9944,28
SUBMIT,6623,0,BUY,LIMIT,9937,22
SUBMIT,6624,0,BUY,MARKET,0,16
SUBMIT,6625,0,BUY,LIMIT,9940,28
SUBMIT,6626,0,BUY,MARKET,0,6
SUBMIT,6627,0,BUY,LIMIT,9938,44
SUBMIT,6628,0,SELL,LIMIT,9943,4
CANCEL,5821,0,,,0,0
SUBMIT,6629,1,BUY,LIMIT,9937,7
MODIFY,6139,0,,,9942,7
CANCEL,5974,0,,,0,0
SUBMIT,6630,0,BUY,LIMIT,9935,48
SUBMIT,6631,0,BUY,LIMIT,9936,50
SUBMIT,6632,0,SELL,LIMIT,9939,41
SUBMIT,6633,0,BUY,MARKET,0,39
SUBMIT,6634,0,BUY,LIMIT,9934,35
SUBMIT,6635,0,BUY,LIMIT,9935,50
CANCEL,6279,0,,,0,0
CANCEL,6563,0,,,0,0
SUBMIT,6636,0,SELL,LIMIT,9944,48
SUBMIT,6637,1,BUY,LIMIT,9938,11
MODIFY,6139,0,,,9943,11
CANCEL,4631,0,,,0,0
SUBMIT,6638,0,SELL,LIMIT,9946,26
SUBMIT,6639,0,SELL,LIMIT,9943,24
SUBMIT,6640,0,SELL,MARKET,0,23
SUBMIT,6641,0,SELL,LIMIT,9941,23
SUBMIT,6642,0,BUY,LIMIT,9939,43
CANCEL,5327,0,,,0,0
SUBMIT,6643,0,SELL,LIMIT,9945,36
SUBMIT,6644,0,BUY,LIMIT,9937,5
SUBMIT,6645,0,SELL,LIMIT,9944,47
SUBMIT,6646,1,BUY,LIMIT,9940,4
MODIFY,6139,0,,,9944,4
SUBMIT,6647,0,BUY,LIMIT,9937,10
CANCEL,5330,0,,,0,0
CANCEL,5243,0,,,0,0
SUBMIT,6648,0,BUY,LIMIT,9937,17
SUBMIT,6649,0,SELL,LIMIT,9943,45
SUBMIT,6650,0,BUY,LIMIT,9936,36
SUBMIT,6651,0,BUY,LIMIT,9938,2
CANCEL,4572,0,,,0,0
SUBMIT,6652,0,BUY,LIMIT,9935,14
SUBMIT,6653,0,SELL,LIMIT,9943,38
SUBMIT,6654,1,BUY,LIMIT,9936,14
MODIFY,6139,0,,,9940,14
SUBMIT,6655,0,SELL,LIMIT,9941,20
SUBMIT,6656,0,BUY,LIMIT,9934,21
SUBMIT,6657,0,SELL,LIMIT,9943,11
SUBMIT,6658,0,SELL,LIMIT,9941,43
SUBMIT,6659,0,BUY,MARKET,0,3
CANCEL,6004,0,,,0,0
CANCEL,4083,0,,,0,0
CANCEL,4324,0,,,0,0
CANCEL,5170,0,,,0,0
SUBMIT,6660,0,SELL,LIMIT,9943,27
SUBMIT,6661,1,BUY,LIMIT,9935,11
MODIFY,6139,0,,,9939,11
SUBMIT,6662,0,SELL,LIMIT,9941,15
SUBMIT,6663,0,SELL,LIMIT,9942,38
SUBMIT,6664,0,BUY,LIMIT,9933,34
SUBMIT,6665,0,BUY,LIMIT,9937,13
SUBMIT,6666,0,BUY,LIMIT,9935,42
CANCEL,6664,0,,,0,0
CANCEL,6577,0,,,0,0
SUBMIT,6667,0,SELL,LIMIT,9942,36
SUBMIT,6668,0,BUY,LIMIT,9934,17
SUBMIT,6669,0,SELL,LIMIT,9940,31
SUBMIT,6670,1,BUY,LIMIT,9934,19
MODIFY,6139,0,,,9940,19
CANCEL,5204,0,,,0,0
SUBMIT,6671,0,BUY,MARKET,0,27
SUBMIT,6672,0,BUY,LIMIT,9935,16
SUBMIT,6673,0,BUY,LIMIT,9936,39
SUBMIT,6674,0,SELL,LIMIT,9942,40
SUBMIT,6675,0,SELL,LIMIT,9943,25
SUBMIT,6676,0,BUY,MARKET,0,34
SUBMIT,6677,0,BUY,LIMIT,9934,39
SUBMIT,6678,0,SELL,MARKET,0,36
CANCEL,1415,0,,,0,0
SUBMIT,6679,1,BUY,LIMIT,9935,7
MODIFY,6139,0,,,9939,7
CANCEL,6519,0,,,0,0
CANCEL,6331,0,,,0,0
SUBMIT,6680,0,BUY,LIMIT,9933,2
SUBMIT,6681,0,SELL,MARKET,0,35
SUBMIT,6682,0,SELL,LIMIT,9941,16
SUBMIT,6683,0,SELL,MARKET,0,35
SUBMIT,6684,0,BUY,LIMIT,9935,41
SUBMIT,6685,0,SELL,LIMIT,9939,6
CANCEL,2400,0,,,0,0
CANCEL,2973,0,,,0,0
SUBMIT,6686,1,BUY,LIMIT,9934,15
MODIFY,6139,0,,,9940,15
CANCEL,6450,0,,,0,0
SUBMIT,6687,0,SELL,LIMIT,9938,43
CANCEL,4877,0,,,0,0
SUBMIT,6688,0,BUY,MARKET,0,13
SUBMIT,6689,0,SELL,MARKET,0,22
SUBMIT,6690,0,SELL,LIMIT,9942,34
SUBMIT,6691,0,SELL,LIMIT,9942,24
SUBMIT,6692,0,SELL,LIMIT,9939,30
SUBMIT,6693,0,SELL,LIMIT,9937,11
SUBMIT,6694,0,SELL,LIMIT,9937,29
SUBMIT,6695,1,BUY,LIMIT,9933,1
MODIFY,6139,0,,,9939,1
SUBMIT,6696,0,SELL,LIMIT,9941,16
CANCEL,6667,0,,,0,0
SUBMIT,6697,0,SELL,LIMIT,9938,25
SUBMIT,6698,0,BUY,MARKET,0,32
CANCEL,6610,0,,,0,0
SUBMIT,6699,0,BUY,MARKET,0,13
CANCEL,6090,0,,,0,0
SUBMIT,6700,0,BUY,LIMIT,9934,20
CANCEL,6471,0,,,0,0
SUBMIT,6701,0,BUY,LIMIT,9932,5
MODIFY,6695,0,,,9935,4
MODIFY,6139,0,,,9939,4
SUBMIT,6702,0,SELL,MARKET,0,1
SUBMIT,6703,0,SELL,LIMIT,9939,7
SUBMIT,6704,0,SELL,LIMIT,9943,4
CANCEL,4581,0,,,0,0
CANCEL,2036,0,,,0,0
SUBMIT,6705,0,SELL,MARKET,0,12
SUBMIT,6706,0,SELL,LIMIT,9938,30
SUBMIT,6707,0,SELL,LIMIT,9941,16
SUBMIT,6708,0,SELL,LIMIT,9941,6
SUBMIT,6709,0,SELL,LIMIT,9939,3
SUBMIT,6710,1,BUY,LIMIT,9933,1
MODIFY,6139,0,,,9937,1
SUBMIT,6711,0,BUY,LIMIT,9934,42
SUBMIT,6712,0,SELL,LIMIT,9941,47
SUBMIT,6713,0,BUY,LIMIT,9931,4
SUBMIT,6714,0,BUY,LIMIT,9934,44
CANCEL,5346,0,,,0,0
CANCEL,5742,0,,,0,0
SUBMIT,6715,0,SELL,LIMIT,9936,20
SUBMIT,6716,0,BUY,LIMIT,9932,2
SUBMIT,6717,0,SELL,MARKET,0,50
SUBMIT,6718,0,SELL,LIMIT,9934,16
SUBMIT,6719,1,BUY,LIMIT,9930,18
MODIFY,6139,0,,,9936,18
CANCEL,6406,0,,,0,0
SUBMIT,6720,0,BUY,LIMIT,9928,46
CANCEL,6169,0,,,0,0
SUBMIT,6721,0,SELL,LIMIT,9939,14
SUBMIT,6722,0,BUY,LIMIT,9930,19
SUBMIT,6723,0,SELL,MARKET,0,37
SUBMIT,6724,0,BUY,LIMIT,9931,9
SUBMIT,6725,0,SELL,LIMIT,9938,23
SUBMIT,6726,0,BUY,LIMIT,9930,16
SUBMIT,6727,0,SELL,LIMIT,9937,6
MODIFY,6719,0,,,9934,16
MODIFY,6139,0,,,9938,16
SUBMIT,6728,0,SELL,LIMIT,9940,40
SUBMIT,6729,0,SELL,LIMIT,9939,26
CANCEL,6164,0,,,0,0
SUBMIT,6730,0,SELL,LIMIT,9940,48
CANCEL,3644,0,,,0,0
CANCEL,4622,0,,,0,0
SUBMIT,6731,0,BUY,LIMIT,9931,24
CANCEL,5813,0,,,0,0
CANCEL,5613,0,,,0,0
SUBMIT,6732,0,BUY,LIMIT,9935,26
SUBMIT,6733,1,BUY,LIMIT,9936,3
MODIFY,6139,0,,,9940,3
SUBMIT,6734,0,BUY,LIMIT,9933,50
SUBMIT,6735,0,BUY,LIMIT,9930,41
SUBMIT,6736,0,SELL,LIMIT,9937,15
SUBMIT,6737,0,BUY,LIMIT,9929,36
SUBMIT,6738,0,SELL,LIMIT,9936,28
SUBMIT,6739,0,BUY,MARKET,0,49
SUBMIT,6740,0,BUY,LIMIT,9932,39
SUBMIT,6741,0,SELL,MARKET,0,32
SUBMIT,6742,0,SELL,LIMIT,9937,32
SUBMIT,6743,0,SELL,LIMIT,9938,33
SUBMIT,6744,1,BUY,LIMIT,9933,9
MODIFY,6139,0,,,9937,9
SUBMIT,6745,0,BUY,LIMIT,9928,12
SUBMIT,6746,0,SELL,LIMIT,9934,1
CANCEL,6291,0,,,0,0
CANCEL,6335,0,,,0,0
SUBMIT,6747,0,SELL,MARKET,0,21
SUBMIT,6748,0,BUY,LIMIT,9928,48
SUBMIT,6749,0,SELL,LIMIT,9938,31
CANCEL,6441,0,,,0,0
SUBMIT,6750,0,SELL,LIMIT,9938,50
CANCEL,2404,0,,,0,0
MODIFY,6744,0,,,9931,15
MODIFY,6139,0,,,9936,15
SUBMIT,6751,0,BUY,LIMIT,9928,15
SUBMIT,6752,0,BUY,LIMIT,9928,27
CANCEL,6250,0,,,0,0
SUBMIT,6753,0,SELL,LIMIT,9935,12
CANCEL,5502,0,,,0,0
CANCEL,5986,0,,,0,0
SUBMIT,6754,0,BUY,LIMIT,9928,48
CANCEL,4160,0,,,0,0
CANCEL,5290,0,,,0,0
SUBMIT,6755,0,SELL,LIMIT,9935,50
MODIFY,6744,0,,,9929,7
MODIFY,6139,0,,,9933,7
CANCEL,6338,0,,,0,0
SUBMIT,6756,0,SELL,LIMIT,9936,39
CANCEL,5946,0,,,0,0
SUBMIT,6757,0,BUY,MARKET,0,21
SUBMIT,6758,0,SELL,LIMIT,9935,45
SUBMIT,6759,0,SELL,LIMIT,9934,47
SUBMIT,6760,0,SELL,MARKET,0,2
CANCEL,1981,0,,,0,0
CANCEL,4811,0,,,0,0
SUBMIT,6761,0,SELL,LIMIT,9937,6
MODIFY,6744,0,,,9931,12
SUBMIT,6762,1,SELL,LIMIT,9935,12
CANCEL,4570,0,,,0,0
CANCEL,4535,0,,,0,0
SUBMIT,6763,0,SELL,MARKET,0,44
CANCEL,6628,0,,,0,0
SUBMIT,6764,0,BUY,LIMIT,9929,31
SUBMIT,6765,0,BUY,LIMIT,9930,20
CANCEL,5933,0,,,0,0
SUBMIT,6766,0,SELL,LIMIT,9932,38
SUBMIT,6767,0,SELL,LIMIT,9936,32
SUBMIT,6768,0,SELL,MARKET,0,34
MODIFY,6744,0,,,9930,7
MODIFY,6762,0,,,9934,7
CANCEL,4082,0,,,0,0
SUBMIT,6769,0,SELL,LIMIT,9934,35
CANCEL,4860,0,,,0,0
SUBMIT,6770,0,SELL,MARKET,0,5
SUBMIT,6771,0,BUY,MARKET,0,22
CANCEL,5368,0,,,0,0
CANCEL,6379,0,,,0,0
SUBMIT,6772,0,SELL,LIMIT,9933,17
SUBMIT,6773,0,SELL,MARKET,0,30
CANCEL,6521,0,,,0,0
MODIFY,6744,0,,,9928,1
MODIFY,6762,0,,,9933,1
SUBMIT,6774,0,BUY,LIMIT,9930,10
SUBMIT,6775,0,BUY,LIMIT,9926,9
CANCEL,3194,0,,,0,0
SUBMIT,6776,0,SELL,LIMIT,9936,12
SUBMIT,6777,0,SELL,LIMIT,9935,24
SUBMIT,6778,0,SELL,LIMIT,9937,26
SUBMIT,6779,0,SELL,LIMIT,9938,26
SUBMIT,6780,0,BUY,LIMIT,9931,19
SUBMIT,6781,0,SELL,LIMIT,9934,48
SUBMIT,6782,0,SELL,LIMIT,9936,31
MODIFY,6744,0,,,9931,20
MODIFY,6762,0,,,9935,20
CANCEL,6154,0,,,0,0
CANCEL,6066,0,,,0,0
SUBMIT,6783,0,SELL,MARKET,0,43
SUBMIT,6784,0,SELL,LIMIT,9935,1
SUBMIT,6785,0,BUY,LIMIT,9932,4
CANCEL,6103,0,,,0,0
SUBMIT,6786,0,SELL,LIMIT,9937,26
SUBMIT,6787,0,SELL,LIMIT,9935,13
SUBMIT,6788,0,SELL,LIMIT,9936,45
SUBMIT,6789,0,BUY,LIMIT,9930,12
SUBMIT,6790,1,BUY,LIMIT,9933,16
MODIFY,6762,0,,,9937,16
CANCEL,5008,0,,,0,0
CANCEL,3813,0,,,0,0
SUBMIT,6791,0,BUY,LIMIT,9929,27
SUBMIT,6792,0,BUY,LIMIT,9929,8
SUBMIT,6793,0,BUY,LIMIT,9931,46
SUBMIT,6794,0,BUY,LIMIT,9929,41
SUBMIT,6795,0,BUY,MARKET,0,3
CANCEL,3492,0,,,0,0
CANCEL,5337,0,,,0,0
SUBMIT,6796,0,BUY,MARKET,0,4
SUBMIT,6797,1,BUY,LIMIT,9931,5
MODIFY,6762,0,,,9933,5
SUBMIT,6798,0,SELL,LIMIT,9934,27
SUBMIT,6799,0,SELL,MARKET,0,14
SUBMIT,6800,0,BUY,LIMIT,9929,20
SUBMIT,6801,0,SELL,LIMIT,9934,18
SUBMIT,6802,0,BUY,MARKET,0,2
CANCEL,5855,0,,,0,0
CANCEL,4302,0,,,0,0
CANCEL,6436,0,,,0,0
SUBMIT,6803,0,SELL,LIMIT,9935,4
SUBMIT,6804,0,BUY,MARKET,0,4
MODIFY,6797,0,,,9927,16
MODIFY,6762,0,,,9932,16
SUBMIT,6805,0,BUY,LIMIT,9927,7
SUBMIT,6806,0,BUY,MARKET,0,11
SUBMIT,6807,0,SELL,LIMIT,9933,47
SUBMIT,6808,0,SELL,LIMIT,9933,15
SUBMIT,6809,0,BUY,LIMIT,9927,15
CANCEL,5729,0,,,0,0
CANCEL,6778,0,,,0,0
CANCEL,4291,0,,,0,0
SUBMIT,6810,0,BUY,LIMIT,9927,44
SUBMIT,6811,0,SELL,LIMIT,9935,45
MODIFY,6797,0,,,9929,9
MODIFY,6762,0,,,9932,9
SUBMIT,6812,0,SELL,MARKET,0,10
CANCEL,6171,0,,,0,0
SUBMIT,6813,0,BUY,LIMIT,9924,13
SUBMIT,6814,0,BUY,LIMIT,9925,15
SUBMIT,6815,0,BUY,MARKET,0,35
SUBMIT,6816,0,SELL,MARKET,0,44
SUBMIT,6817,0,SELL,LIMIT,9931,50
CANCEL,6341,0,,,0,0
SUBMIT,6818,0,BUY,LIMIT,9921,2
SUBMIT,6819,0,BUY,LIMIT,9921,27
MODIFY,6797,0,,,9924,12
SUBMIT,6820,1,SELL,LIMIT,9929,12
SUBMIT,6821,0,SELL,LIMIT,9928,44
SUBMIT,6822,0,SELL,LIMIT,9931,17
SUBMIT,6823,0,BUY,LIMIT,9921,46
SUBMIT,6824,0,SELL,LIMIT,9928,34
CANCEL,3346,0,,,0,0
CANCEL,6011,0,,,0,0
SUBMIT,6825,0,BUY,MARKET,0,17
SUBMIT,6826,0,SELL,LIMIT,9930,27
CANCEL,6062,0,,,0,0
CANCEL,4527,0,,,0,0
MODIFY,6797,0,,,9926,5
SUBMIT,6827,1,SELL,LIMIT,9928,5
SUBMIT,6828,0,SELL,MARKET,0,16
CANCEL,6641,0,,,0,0
CANCEL,4656,0,,,0,0
SUBMIT,6829,0,SELL,LIMIT,9931,18
CANCEL,5229,0,,,0,0
CANCEL,4950,0,,,0,0
CANCEL,4725,0,,,0,0
SUBMIT,6830,0,BUY,LIMIT,9925,11
CANCEL,5248,0,,,0,0
CANCEL,5437,0,,,0,0
MODIFY,6797,0,,,9925,17
SUBMIT,6831,1,SELL,LIMIT,9927,17
SUBMIT,6832,0,BUY,MARKET,0,26
SUBMIT,6833,0,SELL,LIMIT,9927,36
SUBMIT,6834,0,SELL,LIMIT,9929,14
SUBMIT,6835,0,SELL,MARKET,0,20
SUBMIT,6836,0,SELL,LIMIT,9931,25
CANCEL,6823,0,,,0,0
SUBMIT,6837,0,BUY,MARKET,0,8
SUBMIT,6838,0,SELL,LIMIT,9928,4
SUBMIT,6839,0,BUY,MARKET,0,45
SUBMIT,6840,0,BUY,LIMIT,9926,5
MODIFY,6797,0,,,9924,2
SUBMIT,6841,1,SELL,LIMIT,9928,2
SUBMIT,6842,0,BUY,MARKET,0,4
CANCEL,5952,0,,,0,0
CANCEL,6057,0,,,0,0
SUBMIT,6843,0,BUY,LIMIT,9925,2
CANCEL,5584,0,,,0,0
SUBMIT,6844,0,SELL,MARKET,0,48
SUBMIT,6845,0,BUY,LIMIT,9922,36
CANCEL,6680,0,,,0,0
SUBMIT,6846,0,BUY,LIMIT,9921,19
CANCEL,4664,0,,,0,0
MODIFY,6797,0,,,9922,2
SUBMIT,6847,1,SELL,LIMIT,9926,2
SUBMIT,6848,0,SELL,LIMIT,9928,29
SUBMIT,6849,0,BUY,LIMIT,9921,21
SUBMIT,6850,0,SELL,MARKET,0,32
CANCEL,5390,0,,,0,0
SUBMIT,6851,0,SELL,LIMIT,9926,1
CANCEL,6836,0,,,0,0
SUBMIT,6852,0,BUY,LIMIT,9923,31
CANCEL,6196,0,,,0,0
SUBMIT,6853,0,SELL,MARKET,0,35
SUBMIT,6854,0,SELL,LIMIT,9928,10
MODIFY,6797,0,,,9923,7
SUBMIT,6855,1,SELL,LIMIT,9926,7
SUBMIT,6856,0,BUY,LIMIT,9925,11
CANCEL,5471,0,,,0,0
SUBMIT,6857,0,SELL,LIMIT,9927,31
CANCEL,2079,0,,,0,0
SUBMIT,6858,0,BUY,LIMIT,9920,24
SUBMIT,6859,0,BUY,LIMIT,9924,1
SUBMIT,6860,0,BUY,LIMIT,9921,20
SUBMIT,6861,0,BUY,LIMIT,9924,33
SUBMIT,6862,0,SELL,MARKET,0,28
SUBMIT,6863,0,BUY,LIMIT,9925,5
MODIFY,6797,0,,,9924,17
SUBMIT,6864,1,SELL,LIMIT,9927,17
SUBMIT,6865,0,SELL,LIMIT,9931,23
CANCEL,3837,0,,,0,0
CANCEL,6091,0,,,0,0
CANCEL,6497,0,,,0,0
SUBMIT,6866,0,BUY,LIMIT,9925,4
SUBMIT,6867,0,SELL,LIMIT,9927,29
SUBMIT,6868,0,SELL,LIMIT,9926,17
SUBMIT,6869,0,SELL,LIMIT,9927,10
SUBMIT,6870,0,SELL,LIMIT,9928,27
CANCEL,5019,0,,,0,0
MODIFY,6797,0,,,9923,4
SUBMIT,6871,1,SELL,LIMIT,9925,4
SUBMIT,6872,0,BUY,LIMIT,9922,32
SUBMIT,6873,0,BUY,LIMIT,9919,1
SUBMIT,6874,0,SELL,LIMIT,9929,7
SUBMIT,6875,0,SELL,LIMIT,9926,29
SUBMIT,6876,0,SELL,LIMIT,9925,13
CANCEL,6041,0,,,0,0
SUBMIT,6877,0,SELL,LIMIT,9929,19
CANCEL,1971,0,,,0,0
SUBMIT,6878,0,SELL,LIMIT,9930,24
SUBMIT,6879,0,BUY,LIMIT,9923,28
MODIFY,6797,0,,,9924,7
SUBMIT,6880,1,SELL,LIMIT,9929,7
SUBMIT,6881,0,BUY,LIMIT,9924,21
CANCEL,5172,0,,,0,0
SUBMIT,6882,0,SELL,LIMIT,9928,15
SUBMIT,6883,0,SELL,LIMIT,9929,46
SUBMIT,6884,0,BUY,MARKET,0,30
SUBMIT,6885,0,SELL,LIMIT,9929,22
SUBMIT,6886,0,SELL,MARKET,0,17
SUBMIT,6887,0,SELL,LIMIT,9932,20
SUBMIT,6888,0,BUY,MARKET,0,7
SUBMIT,6889,0,BUY,LIMIT,9927,15
MODIFY,6797,0,,,9925,17
SUBMIT,6890,1,SELL,LIMIT,9931,17
CANCEL,4564,0,,,0,0
SUBMIT,6891,0,BUY,LIMIT,9926,8
SUBMIT,6892,0,BUY,MARKET,0,2
SUBMIT,6893,0,SELL,LIMIT,9931,3
SUBMIT,6894,0,BUY,LIMIT,9927,49
CANCEL,5506,0,,,0,0
SUBMIT,6895,0,BUY,MARKET,0,41
SUBMIT,6896,0,BUY,LIMIT,9926,35
SUBMIT,6897,0,SELL,MARKET,0,35
CANCEL,6127,0,,,0,0
MODIFY,6797,0,,,9928,14
MODIFY,6890,0,,,9933,14
SUBMIT,6898,0,BUY,MARKET,0,22
SUBMIT,6899,0,BUY,LIMIT,9929,17
SUBMIT,6900,0,BUY,LIMIT,9929,5
SUBMIT,6901,0,SELL,LIMIT,9931,5
CANCEL,4301,0,,,0,0
SUBMIT,6902,0,SELL,LIMIT,9934,35
SUBMIT,6903,0,BUY,LIMIT,9927,45
SUBMIT,6904,0,SELL,LIMIT,9937,33
SUBMIT,6905,0,BUY,LIMIT,9930,44
SUBMIT,6906,0,BUY,MARKET,0,21
MODIFY,6797,0,,,9930,5
MODIFY,6890,0,,,9934,5
SUBMIT,6907,0,SELL,LIMIT,9933,31
SUBMIT,6908,0,SELL,LIMIT,9933,30
SUBMIT,6909,0,SELL,LIMIT,9934,28
SUBMIT,6910,0,SELL,LIMIT,9933,9
SUBMIT,6911,0,SELL,LIMIT,9935,5
CANCEL,4093,0,,,0,0
CANCEL,4327,0,,,0,0
CANCEL,6813,0,,,0,0
CANCEL,5588,0,,,0,0
CANCEL,5771,0,,,0,0
MODIFY,6797,0,,,9928,12
MODIFY,6890,0,,,9933,12
CANCEL,6495,0,,,0,0
SUBMIT,6912,0,SELL,LIMIT,9935,37
SUBMIT,6913,0,BUY,LIMIT,9928,14
SUBMIT,6914,0,SELL,LIMIT,9933,24
SUBMIT,6915,0,BUY,LIMIT,9929,21
SUBMIT,6916,0,BUY,LIMIT,9927,19
SUBMIT,6917,0,SELL,LIMIT,9932,40
SUBMIT,6918,0,BUY,LIMIT,9925,29
SUBMIT,6919,0,BUY,LIMIT,9926,29
CANCEL,6023,0,,,0,0
MODIFY,6797,0,,,9926,7
MODIFY,6890,0,,,9931,7
SUBMIT,6920,0,SELL,MARKET,0,4
SUBMIT,6921,0,SELL,MARKET,0,3
SUBMIT,6922,0,BUY,LIMIT,9926,33
SUBMIT,6923,0,BUY,LIMIT,9924,45
SUBMIT,6924,0,BUY,LIMIT,9927,42
SUBMIT,6925,0,SELL,LIMIT,9934,48
CANCEL,6229,0,,,0,0
SUBMIT,6926,0,SELL,MARKET,0,24
SUBMIT,6927,0,BUY,LIMIT,9926,48
SUBMIT,6928,0,SELL,LIMIT,9932,38
MODIFY,6797,0,,,9928,18
MODIFY,6890,0,,,9931,18
CANCEL,3510,0,,,0,0
SUBMIT,6929,0,BUY,LIMIT,9925,23
SUBMIT,6930,0,SELL,LIMIT,9931,24
CANCEL,6901,0,,,0,0
CANCEL,6277,0,,,0,0
SUBMIT,6931,0,BUY,LIMIT,9926,4
SUBMIT,6932,0,SELL,LIMIT,9930,17
SUBMIT,6933,0,SELL,LIMIT,9934,18
SUBMIT,6934,0,BUY,LIMIT,9925,15
SUBMIT,6935,0,SELL,LIMIT,9934,26
MODIFY,6797,0,,,9927,20
MODIFY,6890,0,,,9931,20
CANCEL,3807,0,,,0,0
SUBMIT,6936,0,BUY,MARKET,0,28
SUBMIT,6937,0,SELL,LIMIT,9932,8
CANCEL,5935,0,,,0,0
SUBMIT,6938,0,BUY,LIMIT,9925,39
SUBMIT,6939,0,BUY,LIMIT,9927,24
CANCEL,6530,0,,,0,0
CANCEL,2220,0,,,0,0
SUBMIT,6940,0,BUY,LIMIT,9926,27
CANCEL,3660,0,,,0,0
MODIFY,6797,0,,,9927,11
MODIFY,6890,0,,,9930,11
SUBMIT,6941,0,SELL,LIMIT,9933,24
SUBMIT,6942,0,SELL,LIMIT,9931,10
SUBMIT,6943,0,BUY,LIMIT,9929,23
CANCEL,2013,0,,,0,0
SUBMIT,6944,0,SELL,LIMIT,9932,13
SUBMIT,6945,0,BUY,MARKET,0,24
SUBMIT,6946,0,BUY,LIMIT,9929,45
SUBMIT,6947,0,BUY,LIMIT,9929,28
SUBMIT,6948,0,SELL,LIMIT,9931,16
SUBMIT,6949,0,BUY,LIMIT,9929,27
MODIFY,6797,0,,,9928,14
SUBMIT,6950,1,SELL,LIMIT,9931,14
SUBMIT,6951,0,BUY,LIMIT,9929,2
CANCEL,3879,0,,,0,0
SUBMIT,6952,0,BUY,LIMIT,9926,9
SUBMIT,6953,0,SELL,LIMIT,9932,48
CANCEL,5499,0,,,0,0
SUBMIT,6954,0,SELL,MARKET,0,16
SUBMIT,6955,0,BUY,LIMIT,9927,40
SUBMIT,6956,0,BUY,MARKET,0,35
CANCEL,6262,0,,,0,0
SUBMIT,6957,0,SELL,LIMIT,9931,13
MODIFY,6797,0,,,9928,14
MODIFY,6950,0,,,9932,14
SUBMIT,6958,0,BUY,LIMIT,9924,5
SUBMIT,6959,0,SELL,MARKET,0,5
SUBMIT,6960,0,SELL,LIMIT,9931,36
SUBMIT,6961,0,BUY,LIMIT,9924,39
CANCEL,6846,0,,,0,0
SUBMIT,6962,0,SELL,MARKET,0,3
CANCEL,4652,0,,,0,0
SUBMIT,6963,0,BUY,LIMIT,9924,34
SUBMIT,6964,0,BUY,MARKET,0,37
SUBMIT,6965,0,SELL,LIMIT,9930,4
MODIFY,6797,0,,,9926,19
MODIFY,6950,0,,,9929,19
SUBMIT,6966,0,SELL,LIMIT,9932,8
CANCEL,3371,0,,,0,0
CANCEL,4813,0,,,0,0
SUBMIT,6967,0,SELL,LIMIT,9933,18
SUBMIT,6968,0,SELL,LIMIT,9933,31
SUBMIT,6969,0,BUY,LIMIT,9925,3
CANCEL,4928,0,,,0,0
SUBMIT,6970,0,SELL,LIMIT,9931,1
SUBMIT,6971,0,SELL,LIMIT,9933,25
SUBMIT,6972,0,BUY,LIMIT,9929,18
MODIFY,6797,0,,,9929,18
SUBMIT,6973,1,SELL,LIMIT,9932,18
SUBMIT,6974,0,BUY,MARKET,0,33
SUBMIT,6975,0,BUY,LIMIT,9927,4
CANCEL,558,0,,,0,0
CANCEL,3539,0,,,0,0
SUBMIT,6976,0,BUY,LIMIT,9927,39
CANCEL,6247,0,,,0,0
SUBMIT,6977,0,BUY,LIMIT,9928,32
SUBMIT,6978,0,BUY,MARKET,0,34
CANCEL,5843,0,,,0,0
SUBMIT,6979,0,SELL,LIMIT,9932,35
MODIFY,6797,0,,,9928,20
MODIFY,6973,0,,,9931,20
SUBMIT,6980,0,BUY,MARKET,0,19
SUBMIT,6981,0,SELL,LIMIT,9936,44
SUBMIT,6982,0,SELL,LIMIT,9934,30
CANCEL,6105,0,,,0,0
SUBMIT,6983,0,BUY,LIMIT,9931,9
SUBMIT,6984,0,SELL,LIMIT,9933,34
SUBMIT,6985,0,SELL,LIMIT,9937,9
SUBMIT,6986,0,SELL,MARKET,0,50
CANCEL,6538,0,,,0,0
SUBMIT,6987,0,BUY,LIMIT,9931,41
MODIFY,6797,0,,,9930,15
SUBMIT,6988,1,SELL,LIMIT,9933,15
SUBMIT,6989,0,SELL,LIMIT,9937,33
CANCEL,5715,0,,,0,0
CANCEL,4970,0,,,0,0
SUBMIT,6990,0,BUY,LIMIT,9931,6
SUBMIT,6991,0,BUY,MARKET,0,15
CANCEL,1045,0,,,0,0
CANCEL,6202,0,,,0,0
SUBMIT,6992,0,BUY,MARKET,0,17
SUBMIT,6993,0,BUY,LIMIT,9931,7
SUBMIT,6994,0,SELL,LIMIT,9937,6
MODIFY,6797,0,,,9930,17
MODIFY,6988,0,,,9934,17
CANCEL,4921,0,,,0,0
SUBMIT,6995,0,SELL,LIMIT,9934,16
CANCEL,3150,0,,,0,0
CANCEL,5776,0,,,0,0
SUBMIT,6996,0,SELL,MARKET,0,23
CANCEL,5283,0,,,0,0
SUBMIT,6997,0,BUY,LIMIT,9926,14
SUBMIT,6998,0,SELL,LIMIT,9932,9
CANCEL,6416,0,,,0,0
CANCEL,1336,0,,,0,0
MODIFY,6797,0,,,9929,19
MODIFY,6988,0,,,9932,19
SUBMIT,6999,0,SELL,LIMIT,9934,10
CANCEL,6478,0,,,0,0
SUBMIT,7000,0,SELL,LIMIT,9929,33
SUBMIT,7001,0,SELL,MARKET,0,45
SUBMIT,7002,0,SELL,LIMIT,9932,42
CANCEL,5992,0,,,0,0
SUBMIT,7003,0,SELL,LIMIT,9933,35
SUBMIT,7004,0,SELL,LIMIT,9929,39
CANCEL,1856,0,,,0,0
SUBMIT,7005,0,BUY,LIMIT,9925,20
MODIFY,6797,0,,,9927,19
MODIFY,6988,0,,,9932,19
CANCEL,6878,0,,,0,0
SUBMIT,7006,0,SELL,LIMIT,9932,10
CANCEL,4722,0,,,0,0
SUBMIT,7007,0,BUY,LIMIT,9924,47
SUBMIT,7008,0,BUY,LIMIT,9927,25
SUBMIT,7009,0,BUY,LIMIT,9924,36
SUBMIT,7010,0,SELL,LIMIT,9933,18
CANCEL,4612,0,,,0,0
SUBMIT,7011,0,BUY,LIMIT,9929,7
SUBMIT,7012,0,BUY,LIMIT,9925,19
MODIFY,6797,0,,,9927,3
MODIFY,6988,0,,,9930,3
SUBMIT,7013,0,SELL,MARKET,0,6
CANCEL,6439,0,,,0,0
SUBMIT,7014,0,BUY,LIMIT,9924,26
SUBMIT,7015,0,BUY,LIMIT,9923,27
CANCEL,6068,0,,,0,0
CANCEL,6609,0,,,0,0
SUBMIT,7016,0,BUY,LIMIT,9928,48
SUBMIT,7017,0,BUY,LIMIT,9923,48
CANCEL,5338,0,,,0,0
SUBMIT,7018,0,BUY,LIMIT,9924,13
MODIFY,6797,0,,,9926,6
MODIFY,6988,0,,,9931,6
SUBMIT,7019,0,BUY,LIMIT,9925,40
CANCEL,6976,0,,,0,0
SUBMIT,7020,0,SELL,LIMIT,9932,46
SUBMIT,7021,0,SELL,MARKET,0,49
CANCEL,3204,0,,,0,0
SUBMIT,7022,0,SELL,LIMIT,9931,20
SUBMIT,7023,0,BUY,LIMIT,9926,1
SUBMIT,7024,0,BUY,MARKET,0,42
CANCEL,6399,0,,,0,0
SUBMIT,7025,0,SELL,LIMIT,9929,35
MODIFY,6797,0,,,9926,10
SUBMIT,7026,1,SELL,LIMIT,9931,10
SUBMIT,7027,0,BUY,MARKET,0,40
SUBMIT,7028,0,SELL,LIMIT,9931,15
SUBMIT,7029,0,SELL,LIMIT,9929,36
SUBMIT,7030,0,SELL,LIMIT,9930,21
CANCEL,3082,0,,,0,0
CANCEL,6114,0,,,0,0
SUBMIT,7031,0,SELL,MARKET,0,32
CANCEL,1472,0,,,0,0
SUBMIT,7032,0,BUY,LIMIT,9927,21
CANCEL,5397,0,,,0,0
MODIFY,6797,0,,,9928,9
MODIFY,7026,0,,,9930,9
SUBMIT,7033,0,SELL,LIMIT,9934,27
CANCEL,6994,0,,,0,0
CANCEL,5680,0,,,0,0
CANCEL,6130,0,,,0,0
SUBMIT,7034,0,BUY,LIMIT,9928,42
SUBMIT,7035,0,BUY,MARKET,0,1
SUBMIT,7036,0,SELL,LIMIT,9932,21
SUBMIT,7037,0,SELL,LIMIT,9933,33
CANCEL,2965,0,,,0,0
SUBMIT,7038,0,SELL,MARKET,0,30
MODIFY,6797,0,,,9926,11
MODIFY,7026,0,,,9929,11
SUBMIT,7039,0,BUY,LIMIT,9924,30
SUBMIT,7040,0,BUY,LIMIT,9926,40
SUBMIT,7041,0,SELL,LIMIT,9933,41
SUBMIT,7042,0,BUY,MARKET,0,38
CANCEL,6751,0,,,0,0
SUBMIT,7043,0,SELL,LIMIT,9932,25
SUBMIT,7044,0,BUY,LIMIT,9924,46
SUBMIT,7045,0,SELL,LIMIT,9932,16
SUBMIT,7046,0,SELL,LIMIT,9933,9
SUBMIT,7047,0,SELL,LIMIT,9933,41
MODIFY,6797,0,,,9928,16
MODIFY,7026,0,,,9930,16
SUBMIT,7048,0,BUY,MARKET,0,43
SUBMIT,7049,0,BUY,MARKET,0,28
SUBMIT,7050,0,SELL,LIMIT,9933,1
CANCEL,1861,0,,,0,0
CANCEL,1104,0,,,0,0
CANCEL,6526,0,,,0,0
SUBMIT,7051,0,BUY,MARKET,0,5
CANCEL,6737,0,,,0,0
SUBMIT,7052,0,SELL,LIMIT,9928,46
SUBMIT,7053,0,SELL,LIMIT,9929,13
MODIFY,6797,0,,,9925,10
SUBMIT,7054,1,SELL,LIMIT,9929,10
SUBMIT,7055,0,SELL,LIMIT,9931,47
CANCEL,2288,0,,,0,0
SUBMIT,7056,0,SELL,LIMIT,9930,13
SUBMIT,7057,0,SELL,LIMIT,9930,28
CANCEL,4925,0,,,0,0
SUBMIT,7058,0,BUY,LIMIT,9926,25
SUBMIT,7059,0,SELL,MARKET,0,22
CANCEL,3769,0,,,0,0
SUBMIT,7060,0,SELL,LIMIT,9931,34
SUBMIT,7061,0,SELL,LIMIT,9931,17
MODIFY,6797,0,,,9926,8
MODIFY,7054,0,,,9928,8
SUBMIT,7062,0,BUY,LIMIT,9924,37
SUBMIT,7063,0,SELL,LIMIT,9929,16
SUBMIT,7064,0,SELL,MARKET,0,40
SUBMIT,7065,0,SELL,LIMIT,9931,6
SUBMIT,7066,0,SELL,LIMIT,9931,44
SUBMIT,7067,0,SELL,LIMIT,9929,21
SUBMIT,7068,0,BUY,LIMIT,9923,38
SUBMIT,7069,0,SELL,LIMIT,9927,12
SUBMIT,7070,0,BUY,LIMIT,9922,19
SUBMIT,7071,0,SELL,LIMIT,9930,25
MODIFY,6797,0,,,9924,19
SUBMIT,7072,1,SELL,LIMIT,9926,19
SUBMIT,7073,0,BUY,MARKET,0,31
CANCEL,3795,0,,,0,0
CANCEL,5793,0,,,0,0
SUBMIT,7074,0,SELL,LIMIT,9926,8
SUBMIT,7075,0,BUY,MARKET,0,16
SUBMIT,7076,0,SELL,MARKET,0,2
CANCEL,6472,0,,,0,0
SUBMIT,7077,0,BUY,MARKET,0,32
SUBMIT,7078,0,BUY,LIMIT,9922,39
SUBMIT,7079,0,SELL,LIMIT,9927,37
MODIFY,6797,0,,,9924,4
SUBMIT,7080,1,SELL,LIMIT,9926,4
SUBMIT,7081,0,BUY,LIMIT,9924,19
SUBMIT,7082,0,BUY,LIMIT,9923,39
SUBMIT,7083,0,BUY,LIMIT,9924,15
SUBMIT,7084,0,BUY,LIMIT,9922,35
SUBMIT,7085,0,SELL,LIMIT,9930,43
CANCEL,6260,0,,,0,0
CANCEL,6534,0,,,0,0
CANCEL,6033,0,,,0,0
SUBMIT,7086,0,SELL,MARKET,0,47
CANCEL,6972,0,,,0,0
MODIFY,6797,0,,,9922,19
SUBMIT,7087,1,SELL,LIMIT,9927,19
SUBMIT,7088,0,SELL,LIMIT,9926,12
SUBMIT,7089,0,BUY,MARKET,0,34
CANCEL,6402,0,,,0,0
SUBMIT,7090,0,SELL,LIMIT,9929,27
SUBMIT,7091,0,BUY,LIMIT,9921,42
CANCEL,4835,0,,,0,0
SUBMIT,7092,0,SELL,LIMIT,9927,7
CANCEL,7007,0,,,0,0
SUBMIT,7093,0,BUY,LIMIT,9919,34
SUBMIT,7094,0,BUY,LIMIT,9919,25
MODIFY,6797,0,,,9922,15
SUBMIT,7095,1,SELL,LIMIT,9925,15
SUBMIT,7096,0,BUY,LIMIT,9921,47
SUBMIT,7097,0,BUY,LIMIT,9919,9
CANCEL,5430,0,,,0,0
SUBMIT,7098,0,BUY,MARKET,0,35
SUBMIT,7099,0,SELL,LIMIT,9925,8
CANCEL,5542,0,,,0,0
SUBMIT,7100,0,SELL,LIMIT,9923,15
CANCEL,4340,0,,,0,0
CANCEL,5983,0,,,0,0
SUBMIT,7101,0,SELL,LIMIT,9927,10
MODIFY,6797,0,,,9920,4
SUBMIT,7102,1,SELL,LIMIT,9924,4
SUBMIT,7103,0,BUY,LIMIT,9922,36
SUBMIT,7104,0,BUY,LIMIT,9920,18
CANCEL,6788,0,,,0,0
SUBMIT,7105,0,BUY,MARKET,0,29
SUBMIT,7106,0,SELL,LIMIT,9926,48
CANCEL,6468,0,,,0,0
CANCEL,716,0,,,0,0
SUBMIT,7107,0,BUY,LIMIT,9921,40
CANCEL,4647,0,,,0,0
SUBMIT,7108,0,SELL,MARKET,0,15
MODIFY,6797,0,,,9919,6
SUBMIT,7109,1,SELL,LIMIT,9924,6
CANCEL,5401,0,,,0,0
SUBMIT,7110,0,SELL,LIMIT,9924,13
CANCEL,5755,0,,,0,0
CANCEL,4167,0,,,0,0
CANCEL,4078,0,,,0,0
CANCEL,6305,0,,,0,0
CANCEL,6273,0,,,0,0
SUBMIT,7111,0,SELL,LIMIT,9924,39
SUBMIT,7112,0,SELL,LIMIT,9922,28
CANCEL,5941,0,,,0,0
MODIFY,6797,0,,,9919,9
SUBMIT,7113,1,SELL,LIMIT,9922,9
SUBMIT,7114,0,BUY,MARKET,0,39
SUBMIT,7115,0,BUY,LIMIT,9919,17
SUBMIT,7116,0,SELL,LIMIT,9925,1
SUBMIT,7117,0,SELL,LIMIT,9924,14
CANCEL,5150,0,,,0,0
CANCEL,2422,0,,,0,0
SUBMIT,7118,0,SELL,MARKET,0,3
CANCEL,5324,0,,,0,0
SUBMIT,7119,0,BUY,LIMIT,9918,37
SUBMIT,7120,0,BUY,MARKET,0,10
MODIFY,6797,0,,,9917,19
SUBMIT,7121,1,SELL,LIMIT,9922,19
CANCEL,5969,0,,,0,0
SUBMIT,7122,0,SELL,LIMIT,9923,31
SUBMIT,7123,0,BUY,LIMIT,9918,26
SUBMIT,7124,0,BUY,LIMIT,9916,44
CANCEL,5378,0,,,0,0
SUBMIT,7125,0,BUY,MARKET,0,50
SUBMIT,7126,0,BUY,LIMIT,9914,42
SUBMIT,7127,0,SELL,LIMIT,9921,35
SUBMIT,7128,0,SELL,MARKET,0,40
CANCEL,6706,0,,,0,0
MODIFY,6797,0,,,9916,19
SUBMIT,7129,1,SELL,LIMIT,9919,19
CANCEL,2974,0,,,0,0
SUBMIT,7130,0,SELL,LIMIT,9920,43
SUBMIT,7131,0,SELL,LIMIT,9920,41
SUBMIT,7132,0,BUY,LIMIT,9914,30
SUBMIT,7133,0,SELL,MARKET,0,13
SUBMIT,7134,0,BUY,LIMIT,9914,28
SUBMIT,7135,0,BUY,LIMIT,9915,25
CANCEL,6272,0,,,0,0
CANCEL,5630,0,,,0,0
CANCEL,3065,0,,,0,0
MODIFY,6797,0,,,9915,16
SUBMIT,7136,1,SELL,LIMIT,9919,16
CANCEL,6523,0,,,0,0
SUBMIT,7137,0,SELL,MARKET,0,42
SUBMIT,7138,0,BUY,MARKET,0,30
CANCEL,7078,0,,,0,0
SUBMIT,7139,0,BUY,LIMIT,9916,21
SUBMIT,7140,0,BUY,LIMIT,9913,26
SUBMIT,7141,0,SELL,LIMIT,9920,34
SUBMIT,7142,0,SELL,LIMIT,9920,21
CANCEL,2983,0,,,0,0
SUBMIT,7143,0,BUY,MARKET,0,24
MODIFY,6797,0,,,9916,14
SUBMIT,7144,1,SELL,LIMIT,9918,14
CANCEL,3576,0,,,0,0
CANCEL,6201,0,,,0,0
CANCEL,6159,0,,,0,0
SUBMIT,7145,0,BUY,LIMIT,9915,25
CANCEL,1912,0,,,0,0
SUBMIT,7146,0,BUY,LIMIT,9916,26
CANCEL,6354,0,,,0,0
SUBMIT,7147,0,SELL,LIMIT,9923,9
SUBMIT,7148,0,SELL,LIMIT,9922,13
SUBMIT,7149,0,BUY,LIMIT,9914,30
MODIFY,6797,0,,,9915,19
SUBMIT,7150,1,SELL,LIMIT,9919,19
SUBMIT,7151,0,SELL,MARKET,0,9
SUBMIT,7152,0,BUY,LIMIT,9913,36
SUBMIT,7153,0,BUY,LIMIT,9916,30
SUBMIT,7154,0,SELL,MARKET,0,48
SUBMIT,7155,0,BUY,LIMIT,9913,27
CANCEL,5795,0,,,0,0
SUBMIT,7156,0,SELL,LIMIT,9920,13
SUBMIT,7157,0,BUY,LIMIT,9914,19
SUBMIT,7158,0,BUY,LIMIT,9917,4
CANCEL,6496,0,,,0,0
MODIFY,6797,0,,,9915,8
SUBMIT,7159,1,SELL,LIMIT,9921,8
SUBMIT,7160,0,SELL,LIMIT,9923,22
SUBMIT,7161,0,BUY,LIMIT,9914,4
SUBMIT,7162,0,SELL,LIMIT,9920,34
SUBMIT,7163,0,SELL,LIMIT,9920,32
CANCEL,5674,0,,,0,0
CANCEL,5802,0,,,0,0
CANCEL,5964,0,,,0,0
SUBMIT,7164,0,SELL,LIMIT,9920,47
SUBMIT,7165,0,SELL,LIMIT,9922,46
CANCEL,5198,0,,,0,0
MODIFY,6797,0,,,9914,20
SUBMIT,7166,1,SELL,LIMIT,9920,20
SUBMIT,7167,0,BUY,LIMIT,9915,50
CANCEL,4812,0,,,0,0
SUBMIT,7168,0,SELL,LIMIT,9920,45
SUBMIT,7169,0,BUY,MARKET,0,10
CANCEL,2131,0,,,0,0
SUBMIT,7170,0,SELL,LIMIT,9921,13
SUBMIT,7171,0,BUY,LIMIT,9911,13
SUBMIT,7172,0,BUY,LIMIT,9914,27
CANCEL,4098,0,,,0,0
SUBMIT,7173,0,BUY,LIMIT,9915,10
MODIFY,6797,0,,,9915,3
SUBMIT,7174,1,SELL,LIMIT,9919,3
CANCEL,5534,0,,,0,0
SUBMIT,7175,0,BUY,LIMIT,9914,40
SUBMIT,7176,0,BUY,MARKET,0,23
CANCEL,4515,0,,,0,0
SUBMIT,7177,0,SELL,LIMIT,9921,28
SUBMIT,7178,0,SELL,LIMIT,9921,40
SUBMIT,7179,0,SELL,MARKET,0,29
CANCEL,4701,0,,,0,0
CANCEL,4638,0,,,0,0
CANCEL,6622,0,,,0,0
MODIFY,6797,0,,,9914,19
SUBMIT,7180,1,SELL,LIMIT,9917,19
SUBMIT,7181,0,BUY,LIMIT,9912,22
CANCEL,4600,0,,,0,0
SUBMIT,7182,0,SELL,MARKET,0,13
SUBMIT,7183,0,SELL,LIMIT,9918,2
SUBMIT,7184,0,SELL,LIMIT,9918,48
SUBMIT,7185,0,SELL,LIMIT,9915,2
CANCEL,6147,0,,,0,0
SUBMIT,7186,0,SELL,MARKET,0,50
CANCEL,6953,0,,,0,0
CANCEL,4554,0,,,0,0
MODIFY,6797,0,,,9913,13
SUBMIT,7187,1,SELL,LIMIT,9917,13
CANCEL,2134,0,,,0,0
SUBMIT,7188,0,SELL,LIMIT,9919,22
SUBMIT,7189,0,SELL,MARKET,0,22
CANCEL,2792,0,,,0,0
CANCEL,6123,0,,,0,0
CANCEL,4964,0,,,0,0
SUBMIT,7190,0,BUY,LIMIT,9910,12
SUBMIT,7191,0,SELL,LIMIT,9917,30
CANCEL,5316,0,,,0,0
SUBMIT,7192,0,BUY,LIMIT,9909,11
MODIFY,6797,0,,,9911,6
SUBMIT,7193,1,SELL,LIMIT,9914,6
SUBMIT,7194,0,SELL,LIMIT,9914,41
CANCEL,6591,0,,,0,0
SUBMIT,7195,0,BUY,MARKET,0,18
CANCEL,2828,0,,,0,0
SUBMIT,7196,0,BUY,LIMIT,9907,19
CANCEL,5395,0,,,0,0
CANCEL,7107,0,,,0,0
CANCEL,6421,0,,,0,0
SUBMIT,7197,0,BUY,LIMIT,9911,42
CANCEL,3902,0,,,0,0
MODIFY,6797,0,,,9912,10
SUBMIT,7198,1,SELL,LIMIT,9915,10
SUBMIT,7199,0,SELL,MARKET,0,2
SUBMIT,7200,0,SELL,MARKET,0,31
SUBMIT,7201,0,BUY,MARKET,0,5
SUBMIT,7202,0,BUY,LIMIT,9912,29
CANCEL,1921,0,,,0,0
CANCEL,4913,0,,,0,0
SUBMIT,7203,0,BUY,LIMIT,9913,34
CANCEL,4692,0,,,0,0
SUBMIT,7204,0,BUY,MARKET,0,26
SUBMIT,7205,0,SELL,LIMIT,9918,42
MODIFY,6797,0,,,9913,2
SUBMIT,7206,1,SELL,LIMIT,9917,2
CANCEL,2316,0,,,0,0
SUBMIT,7207,0,BUY,LIMIT,9915,29
SUBMIT,7208,0,SELL,LIMIT,9920,44
SUBMIT,7209,0,BUY,MARKET,0,25
SUBMIT,7210,0,BUY,LIMIT,9910,6
SUBMIT,7211,0,BUY,LIMIT,9911,38
CANCEL,6221,0,,,0,0
SUBMIT,7212,0,BUY,MARKET,0,42
SUBMIT,7213,0,SELL,MARKET,0,10
CANCEL,5942,0,,,0,0
MODIFY,6797,0,,,9914,6
SUBMIT,7214,1,SELL,LIMIT,9918,6
SUBMIT,7215,0,SELL,LIMIT,9916,24
SUBMIT,7216,0,SELL,LIMIT,9918,34
SUBMIT,7217,0,SELL,MARKET,0,9
CANCEL,6371,0,,,0,0
CANCEL,3518,0,,,0,0
SUBMIT,7218,0,BUY,LIMIT,9915,17
SUBMIT,7219,0,BUY,LIMIT,9911,8
SUBMIT,7220,0,BUY,MARKET,0,29
CANCEL,4817,0,,,0,0
SUBMIT,7221,0,BUY,LIMIT,9913,25
MODIFY,6797,0,,,9914,4
SUBMIT,7222,1,SELL,LIMIT,9917,4
CANCEL,1540,0,,,0,0
SUBMIT,7223,0,BUY,MARKET,0,38
SUBMIT,7224,0,SELL,LIMIT,9917,32
SUBMIT,7225,0,SELL,LIMIT,9915,20
SUBMIT,7226,0,SELL,LIMIT,9913,50
SUBMIT,7227,0,SELL,LIMIT,9916,18
SUBMIT,7228,0,SELL,LIMIT,9916,40
SUBMIT,7229,0,SELL,LIMIT,9917,16
SUBMIT,7230,0,SELL,MARKET,0,45
CANCEL,6161,0,,,0,0
MODIFY,6797,0,,,9910,20
SUBMIT,7231,1,SELL,LIMIT,9915,20
CANCEL,5302,0,,,0,0
SUBMIT,7232,0,BUY,MARKET,0,3
CANCEL,2867,0,,,0,0
SUBMIT,7233,0,BUY,LIMIT,9910,18
SUBMIT,7234,0,BUY,LIMIT,9909,37
SUBMIT,7235,0,SELL,LIMIT,9916,45
CANCEL,6449,0,,,0,0
SUBMIT,7236,0,SELL,LIMIT,9915,31
SUBMIT,7237,0,BUY,LIMIT,9907,49
SUBMIT,7238,0,BUY,MARKET,0,31
MODIFY,6797,0,,,9909,10
SUBMIT,7239,1,SELL,LIMIT,9913,10
SUBMIT,7240,0,SELL,LIMIT,9914,29
CANCEL,6280,0,,,0,0
SUBMIT,7241,0,SELL,LIMIT,9915,44
CANCEL,6708,0,,,0,0
SUBMIT,7242,0,SELL,LIMIT,9911,29
SUBMIT,7243,0,BUY,LIMIT,9905,24
SUBMIT,7244,0,SELL,LIMIT,9914,6
SUBMIT,7245,0,SELL,LIMIT,9915,26
CANCEL,2268,0,,,0,0
SUBMIT,7246,0,SELL,LIMIT,9916,39
MODIFY,6797,0,,,9910,8
SUBMIT,7247,1,SELL,LIMIT,9915,8
CANCEL,5699,0,,,0,0
SUBMIT,7248,0,SELL,LIMIT,9916,16
SUBMIT,7249,0,BUY,LIMIT,9912,44
SUBMIT,7250,0,BUY,LIMIT,9909,44
CANCEL,6951,0,,,0,0
SUBMIT,7251,0,SELL,MARKET,0,25
CANCEL,6579,0,,,0,0
CANCEL,6444,0,,,0,0
SUBMIT,7252,0,BUY,LIMIT,9908,12
SUBMIT,7253,0,SELL,MARKET,0,5
MODIFY,6797,0,,,9910,17
SUBMIT,7254,1,SELL,LIMIT,9914,17
SUBMIT,7255,0,BUY,LIMIT,9907,16
SUBMIT,7256,0,SELL,MARKET,0,17
SUBMIT,7257,0,SELL,LIMIT,9914,8
CANCEL,6013,0,,,0,0
CANCEL,5509,0,,,0,0
CANCEL,7155,0,,,0,0
SUBMIT,7258,0,BUY,LIMIT,9911,25
SUBMIT,7259,0,BUY,LIMIT,9911,2
SUBMIT,7260,0,SELL,LIMIT,9916,37
SUBMIT,7261,0,BUY,LIMIT,9907,10
MODIFY,6797,0,,,9909,17
SUBMIT,7262,1,SELL,LIMIT,9915,17
SUBMIT,7263,0,BUY,LIMIT,9911,36
CANCEL,5822,0,,,0,0
CANCEL,4319,0,,,0,0
SUBMIT,7264,0,BUY,LIMIT,9911,3
SUBMIT,7265,0,SELL,LIMIT,9917,38
SUBMIT,7266,0,BUY,MARKET,0,43
SUBMIT,7267,0,SELL,LIMIT,9917,45
SUBMIT,7268,0,BUY,LIMIT,9911,41
CANCEL,5157,0,,,0,0
CANCEL,6453,0,,,0,0
MODIFY,6797,0,,,9910,19
SUBMIT,7269,1,SELL,LIMIT,9915,19
SUBMIT,7270,0,SELL,LIMIT,9915,41
SUBMIT,7271,0,BUY,LIMIT,9908,43
SUBMIT,7272,0,SELL,MARKET,0,10
CANCEL,6917,0,,,0,0
CANCEL,6928,0,,,0,0
SUBMIT,7273,0,SELL,MARKET,0,36
SUBMIT,7274,0,BUY,LIMIT,9906,47
SUBMIT,7275,0,SELL,LIMIT,9915,29
CANCEL,5857,0,,,0,0
SUBMIT,7276,0,BUY,LIMIT,9907,38
MODIFY,6797,0,,,9908,5
SUBMIT,7277,1,SELL,LIMIT,9914,5
CANCEL,6266,0,,,0,0
SUBMIT,7278,0,BUY,LIMIT,9907,13
SUBMIT,7279,0,BUY,LIMIT,9905,30
CANCEL,6987,0,,,0,0
CANCEL,7152,0,,,0,0
CANCEL,6311,0,,,0,0
CANCEL,3260,0,,,0,0
SUBMIT,7280,0,SELL,LIMIT,9910,7
CANCEL,5889,0,,,0,0
SUBMIT,7281,0,BUY,MARKET,0,6
MODIFY,6797,0,,,9906,13
SUBMIT,7282,1,SELL,LIMIT,9912,13
SUBMIT,7283,0,BUY,LIMIT,9908,13
SUBMIT,7284,0,BUY,MARKET,0,41
CANCEL,1931,0,,,0,0
SUBMIT,7285,0,BUY,LIMIT,9905,11
CANCEL,5292,0,,,0,0
SUBMIT,7286,0,SELL,MARKET,0,5
CANCEL,6261,0,,,0,0
SUBMIT,7287,0,SELL,LIMIT,9915,46
SUBMIT,7288,0,BUY,LIMIT,9905,23
SUBMIT,7289,0,BUY,MARKET,0,24
MODIFY,6797,0,,,9908,16
SUBMIT,7290,1,SELL,LIMIT,9913,16
CANCEL,2205,0,,,0,0
SUBMIT,7291,0,SELL,LIMIT,9913,34
SUBMIT,7292,0,BUY,LIMIT,9906,36
SUBMIT,7293,0,SELL,LIMIT,9914,14
SUBMIT,7294,0,BUY,MARKET,0,46
CANCEL,6982,0,,,0,0
CANCEL,6924,0,,,0,0
SUBMIT,7295,0,SELL,LIMIT,9915,16
CANCEL,4896,0,,,0,0
CANCEL,6502,0,,,0,0
MODIFY,6797,0,,,9909,11
SUBMIT,7296,1,SELL,LIMIT,9914,11
CANCEL,4435,0,,,0,0
SUBMIT,7297,0,SELL,LIMIT,9911,38
SUBMIT,7298,0,SELL,MARKET,0,20
SUBMIT,7299,0,SELL,LIMIT,9916,35
SUBMIT,7300,0,BUY,LIMIT,9909,37
SUBMIT,7301,0,SELL,LIMIT,9916,18
SUBMIT,7302,0,SELL,LIMIT,9913,33
SUBMIT,7303,0,SELL,LIMIT,9912,37
SUBMIT,7304,0,SELL,MARKET,0,48
SUBMIT,7305,0,SELL,LIMIT,9917,46
MODIFY,6797,0,,,9912,18
SUBMIT,7306,1,SELL,LIMIT,9914,18
CANCEL,6767,0,,,0,0
CANCEL,6948,0,,,0,0
SUBMIT,7307,0,BUY,LIMIT,9908,6
SUBMIT,7308,0,SELL,MARKET,0,17
SUBMIT,7309,0,BUY,LIMIT,9910,48
CANCEL,4341,0,,,0,0
SUBMIT,7310,0,SELL,LIMIT,9913,36
SUBMIT,7311,0,SELL,MARKET,0,18
CANCEL,4358,0,,,0,0
SUBMIT,7312,0,BUY,LIMIT,9912,34
MODIFY,6797,0,,,9913,18
SUBMIT,7313,1,SELL,LIMIT,9916,18
SUBMIT,7314,0,SELL,LIMIT,9918,45
SUBMIT,7315,0,SELL,MARKET,0,13
SUBMIT,7316,0,SELL,LIMIT,9919,23
SUBMIT,7317,0,SELL,LIMIT,9916,42
SUBMIT,7318,0,BUY,MARKET,0,32
SUBMIT,7319,0,BUY,MARKET,0,11
CANCEL,6967,0,,,0,0
CANCEL,5768,0,,,0,0
SUBMIT,7320,0,BUY,LIMIT,9910,19
CANCEL,6725,0,,,0,0
MODIFY,6797,0,,,9914,15
SUBMIT,7321,1,SELL,LIMIT,9919,15
SUBMIT,7322,0,SELL,LIMIT,9917,29
SUBMIT,7323,0,SELL,LIMIT,9919,48
CANCEL,5977,0,,,0,0
CANCEL,5835,0,,,0,0
SUBMIT,7324,0,SELL,LIMIT,9920,34
CANCEL,3945,0,,,0,0
CANCEL,6879,0,,,0,0
SUBMIT,7325,0,BUY,LIMIT,9914,8
SUBMIT,7326,0,SELL,LIMIT,9916,5
CANCEL,6663,0,,,0,0
MODIFY,6797,0,,,9913,14
SUBMIT,7327,1,SELL,LIMIT,9918,14
CANCEL,6228,0,,,0,0
SUBMIT,7328,0,SELL,MARKET,0,19
SUBMIT,7329,0,SELL,LIMIT,9921,20
SUBMIT,7330,0,BUY,LIMIT,9915,24
SUBMIT,7331,0,BUY,LIMIT,9914,20
CANCEL,3007,0,,,0,0
SUBMIT,7332,0,SELL,LIMIT,9919,3
SUBMIT,7333,0,SELL,MARKET,0,50
CANCEL,5304,0,,,0,0
CANCEL,4637,0,,,0,0
MODIFY,6797,0,,,9916,17
SUBMIT,7334,1,SELL,LIMIT,9920,17
CANCEL,5902,0,,,0,0
SUBMIT,7335,0,BUY,LIMIT,9910,12
CANCEL,4971,0,,,0,0
SUBMIT,7336,0,BUY,LIMIT,9910,11
SUBMIT,7337,0,BUY,LIMIT,9914,37
CANCEL,6807,0,,,0,0
SUBMIT,7338,0,BUY,LIMIT,9911,37
SUBMIT,7339,0,SELL,LIMIT,9916,17
SUBMIT,7340,0,BUY,LIMIT,9914,49
CANCEL,6840,0,,,0,0
MODIFY,6797,0,,,9913,9
SUBMIT,7341,1,SELL,LIMIT,9915,9
SUBMIT,7342,0,SELL,LIMIT,9918,29
SUBMIT,7343,0,BUY,LIMIT,9911,6
SUBMIT,7344,0,SELL,LIMIT,9917,12
SUBMIT,7345,0,SELL,LIMIT,9919,11
CANCEL,6902,0,,,0,0
SUBMIT,7346,0,BUY,LIMIT,9914,1
CANCEL,6819,0,,,0,0
SUBMIT,7347,0,SELL,MARKET,0,41
CANCEL,4479,0,,,0,0
SUBMIT,7348,0,SELL,LIMIT,9921,42
MODIFY,6797,0,,,9915,4
SUBMIT,7349,1,SELL,LIMIT,9919,4
CANCEL,6777,0,,,0,0
SUBMIT,7350,0,BUY,LIMIT,9914,14
SUBMIT,7351,0,BUY,LIMIT,9912,50
SUBMIT,7352,0,SELL,LIMIT,9920,18
CANCEL,997,0,,,0,0
SUBMIT,7353,0,BUY,LIMIT,9915,14
CANCEL,5543,0,,,0,0
SUBMIT,7354,0,BUY,MARKET,0,15
SUBMIT,7355,0,BUY,LIMIT,9912,28
SUBMIT,7356,0,SELL,LIMIT,9917,39
MODIFY,6797,0,,,9915,9
SUBMIT,7357,1,SELL,LIMIT,9917,9
SUBMIT,7358,0,BUY,MARKET,0,22
CANCEL,7119,0,,,0,0
SUBMIT,7359,0,BUY,LIMIT,9911,5
SUBMIT,7360,0,BUY,MARKET,0,29
CANCEL,920,0,,,0,0
CANCEL,712,0,,,0,0
SUBMIT,7361,0,BUY,LIMIT,9916,29
CANCEL,5780,0,,,0,0
CANCEL,7330,0,,,0,0
SUBMIT,7362,0,SELL,LIMIT,9925,45
MODIFY,6797,0,,,9918,11
SUBMIT,7363,1,SELL,LIMIT,9923,11
SUBMIT,7364,0,BUY,LIMIT,9916,23
CANCEL,5461,0,,,0,0
SUBMIT,7365,0,SELL,LIMIT,9925,32
SUBMIT,7366,0,BUY,LIMIT,9916,14
SUBMIT,7367,0,SELL,LIMIT,9925,47
SUBMIT,7368,0,BUY,LIMIT,9917,17
CANCEL,6332,0,,,0,0
SUBMIT,7369,0,BUY,MARKET,0,8
SUBMIT,7370,0,SELL,LIMIT,9923,43
CANCEL,6119,0,,,0,0
MODIFY,6797,0,,,9919,18
SUBMIT,7371,1,SELL,LIMIT,9924,18
CANCEL,5047,0,,,0,0
CANCEL,4536,0,,,0,0
SUBMIT,7372,0,SELL,LIMIT,9924,44
SUBMIT,7373,0,SELL,LIMIT,9922,6
SUBMIT,7374,0,BUY,MARKET,0,3
CANCEL,6949,0,,,0,0
CANCEL,5839,0,,,0,0
SUBMIT,7375,0,SELL,LIMIT,9922,3
CANCEL,6001,0,,,0,0
CANCEL,6430,0,,,0,0
MODIFY,6797,0,,,9914,18
SUBMIT,7376,1,SELL,LIMIT,9918,18
SUBMIT,7377,0,SELL,LIMIT,9921,40
SUBMIT,7378,0,SELL,LIMIT,9921,7
CANCEL,6730,0,,,0,0
SUBMIT,7379,0,BUY,LIMIT,9914,28
CANCEL,5221,0,,,0,0
SUBMIT,7380,0,BUY,LIMIT,9914,25
SUBMIT,7381,0,SELL,MARKET,0,32
SUBMIT,7382,0,SELL,MARKET,0,2
SUBMIT,7383,0,SELL,MARKET,0,30
CANCEL,6961,0,,,0,0
MODIFY,6797,0,,,9915,17
SUBMIT,7384,1,SELL,LIMIT,9917,17
SUBMIT,7385,0,SELL,MARKET,0,19
CANCEL,7218,0,,,0,0
SUBMIT,7386,0,SELL,MARKET,0,32
SUBMIT,7387,0,SELL,MARKET,0,46
SUBMIT,7388,0,BUY,LIMIT,9915,33
SUBMIT,7389,0,BUY,MARKET,0,31
SUBMIT,7390,0,SELL,LIMIT,9923,37
SUBMIT,7391,0,BUY,LIMIT,9913,9
CANCEL,5488,0,,,0,0
SUBMIT,7392,0,SELL,LIMIT,9921,36
MODIFY,6797,0,,,9916,15
SUBMIT,7393,1,SELL,LIMIT,9918,15
CANCEL,5816,0,,,0,0
CANCEL,3442,0,,,0,0
SUBMIT,7394,0,BUY,LIMIT,9914,31
CANCEL,5152,0,,,0,0
SUBMIT,7395,0,SELL,LIMIT,9919,31
SUBMIT,7396,0,SELL,LIMIT,9918,18
SUBMIT,7397,0,SELL,MARKET,0,21
SUBMIT,7398,0,SELL,LIMIT,9918,10
SUBMIT,7399,0,SELL,LIMIT,9919,10
CANCEL,6391,0,,,0,0
MODIFY,6797,0,,,9914,10
SUBMIT,7400,1,SELL,LIMIT,9918,10
SUBMIT,7401,0,SELL,LIMIT,9920,19
SUBMIT,7402,0,BUY,LIMIT,9915,10
CANCEL,6865,0,,,0,0
CANCEL,6559,0,,,0,0
SUBMIT,7403,0,BUY,LIMIT,9912,46
CANCEL,6597,0,,,0,0
SUBMIT,7404,0,BUY,LIMIT,9913,35
SUBMIT,7405,0,SELL,MARKET,0,27
SUBMIT,7406,0,SELL,LIMIT,9916,5
SUBMIT,7407,0,SELL,LIMIT,9917,35
MODIFY,6797,0,,,9912,3
SUBMIT,7408,1,SELL,LIMIT,9917,3
SUBMIT,7409,0,SELL,LIMIT,9916,26
SUBMIT,7410,0,BUY,LIMIT,9910,12
SUBMIT,7411,0,BUY,LIMIT,9912,37
SUBMIT,7412,0,SELL,LIMIT,9917,33
CANCEL,5396,0,,,0,0
SUBMIT,7413,0,BUY,LIMIT,9913,14
SUBMIT,7414,0,SELL,LIMIT,9917,11
SUBMIT,7415,0,SELL,LIMIT,9919,15
SUBMIT,7416,0,SELL,LIMIT,9919,49
CANCEL,7181,0,,,0,0
MODIFY,6797,0,,,9915,16
SUBMIT,7417,1,SELL,LIMIT,9918,16
SUBMIT,7418,0,BUY,LIMIT,9914,7
CANCEL,5529,0,,,0,0
CANCEL,5751,0,,,0,0
SUBMIT,7419,0,SELL,LIMIT,9918,28
SUBMIT,7420,0,BUY,LIMIT,9912,17
SUBMIT,7421,0,SELL,MARKET,0,48
SUBMIT,7422,0,BUY,LIMIT,9913,49
SUBMIT,7423,0,SELL,LIMIT,9920,40
SUBMIT,7424,0,SELL,MARKET,0,36
SUBMIT,7425,0,SELL,LIMIT,9922,12
MODIFY,6797,0,,,9914,6
SUBMIT,7426,1,SELL,LIMIT,9920,6
CANCEL,3798,0,,,0,0
SUBMIT,7427,0,SELL,LIMIT,9920,15
CANCEL,6592,0,,,0,0
SUBMIT,7428,0,SELL,LIMIT,9922,33
SUBMIT,7429,0,BUY,LIMIT,9916,41
SUBMIT,7430,0,BUY,MARKET,0,43
SUBMIT,7431,0,SELL,LIMIT,9923,34
SUBMIT,7432,0,BUY,LIMIT,9916,3
SUBMIT,7433,0,BUY,LIMIT,9914,20
SUBMIT,7434,0,BUY,LIMIT,9911,5
MODIFY,6797,0,,,9914,15
SUBMIT,7435,1,SELL,LIMIT,9919,15
CANCEL,4367,0,,,0,0
SUBMIT,7436,0,SELL,LIMIT,9917,7
SUBMIT,7437,0,BUY,MARKET,0,24
SUBMIT,7438,0,BUY,LIMIT,9911,15
CANCEL,7039,0,,,0,0
SUBMIT,7439,0,BUY,LIMIT,9913,44
SUBMIT,7440,0,SELL,LIMIT,9922,28
CANCEL,7432,0,,,0,0
SUBMIT,7441,0,SELL,MARKET,0,17
SUBMIT,7442,0,BUY,LIMIT,9913,22
MODIFY,6797,0,,,9915,12
SUBMIT,7443,1,SELL,LIMIT,9921,12
SUBMIT,7444,0,SELL,LIMIT,9920,4
SUBMIT,7445,0,BUY,LIMIT,9917,1
SUBMIT,7446,0,BUY,LIMIT,9913,32
SUBMIT,7447,0,BUY,LIMIT,9916,40
CANCEL,7445,0,,,0,0
CANCEL,6009,0,,,0,0
SUBMIT,7448,0,BUY,LIMIT,9916,35
CANCEL,5873,0,,,0,0
CANCEL,4895,0,,,0,0
CANCEL,4737,0,,,0,0
MODIFY,6797,0,,,9919,2
SUBMIT,7449,1,SELL,LIMIT,9923,2
SUBMIT,7450,0,SELL,LIMIT,9920,13
SUBMIT,7451,0,BUY,MARKET,0,5
SUBMIT,7452,0,SELL,LIMIT,9921,37
CANCEL,5449,0,,,0,0
SUBMIT,7453,0,SELL,LIMIT,9920,27
CANCEL,6465,0,,,0,0
SUBMIT,7454,0,SELL,LIMIT,9923,26
SUBMIT,7455,0,BUY,LIMIT,9919,8
CANCEL,7359,0,,,0,0
SUBMIT,7456,0,SELL,LIMIT,9925,34
MODIFY,6797,0,,,9918,5
MODIFY,7449,0,,,9921,5
SUBMIT,7457,0,SELL,MARKET,0,13
CANCEL,7084,0,,,0,0
SUBMIT,7458,0,SELL,LIMIT,9925,50
SUBMIT,7459,0,SELL,MARKET,0,8
SUBMIT,7460,0,BUY,LIMIT,9914,16
SUBMIT,7461,0,SELL,LIMIT,9922,19
SUBMIT,7462,0,BUY,LIMIT,9916,19
SUBMIT,7463,0,SELL,MARKET,0,21
CANCEL,3435,0,,,0,0
CANCEL,5973,0,,,0,0
MODIFY,6797,0,,,9918,8
SUBMIT,7464,1,SELL,LIMIT,9922,8
SUBMIT,7465,0,BUY,LIMIT,9920,35
SUBMIT,7466,0,SELL,LIMIT,9922,41
SUBMIT,7467,0,SELL,LIMIT,9925,38
CANCEL,6126,0,,,0,0
CANCEL,6404,0,,,0,0
SUBMIT,7468,0,BUY,LIMIT,9919,4
CANCEL,5024,0,,,0,0
SUBMIT,7469,0,BUY,LIMIT,9920,10
SUBMIT,7470,0,BUY,LIMIT,9917,15
SUBMIT,7471,0,SELL,LIMIT,9925,32
MODIFY,6797,0,,,9917,16
SUBMIT,7472,1,SELL,LIMIT,9921,16
CANCEL,6735,0,,,0,0
SUBMIT,7473,0,SELL,LIMIT,9924,8
SUBMIT,7474,0,BUY,LIMIT,9919,12
CANCEL,6600,0,,,0,0
SUBMIT,7475,0,BUY,MARKET,0,9
SUBMIT,7476,0,SELL,LIMIT,9921,41
CANCEL,6932,0,,,0,0
CANCEL,6891,0,,,0,0
SUBMIT,7477,0,SELL,LIMIT,9921,5
CANCEL,6690,0,,,0,0
MODIFY,6797,0,,,9920,6
SUBMIT,7478,1,SELL,LIMIT,9923,6
SUBMIT,7479,0,BUY,LIMIT,9919,33
SUBMIT,7480,0,BUY,MARKET,0,34
SUBMIT,7481,0,SELL,MARKET,0,43
SUBMIT,7482,0,BUY,LIMIT,9919,41
CANCEL,3578,0,,,0,0
SUBMIT,7483,0,SELL,LIMIT,9926,8
SUBMIT,7484,0,SELL,LIMIT,9926,5
SUBMIT,7485,0,SELL,LIMIT,9926,50
SUBMIT,7486,0,SELL,LIMIT,9923,12
SUBMIT,7487,0,SELL,LIMIT,9927,18
MODIFY,6797,0,,,9920,7
SUBMIT,7488,1,SELL,LIMIT,9925,7
SUBMIT,7489,0,BUY,LIMIT,9917,3
CANCEL,6225,0,,,0,0
SUBMIT,7490,0,SELL,LIMIT,9926,6
CANCEL,5749,0,,,0,0
CANCEL,4584,0,,,0,0
CANCEL,7454,0,,,0,0
SUBMIT,7491,0,SELL,LIMIT,9924,38
SUBMIT,7492,0,BUY,LIMIT,9921,10
CANCEL,7115,0,,,0,0
SUBMIT,7493,0,BUY,LIMIT,9917,15
MODIFY,6797,0,,,9919,19
MODIFY,7488,0,,,9923,19
SUBMIT,7494,0,BUY,MARKET,0,10
SUBMIT,7495,0,SELL,LIMIT,9925,45
SUBMIT,7496,0,BUY,LIMIT,9919,34
SUBMIT,7497,0,SELL,LIMIT,9922,16
SUBMIT,7498,0,SELL,LIMIT,9925,2
CANCEL,5896,0,,,0,0
SUBMIT,7499,0,SELL,LIMIT,9923,5
SUBMIT,7500,0,SELL,LIMIT,9922,24
CANCEL,6042,0,,,0,0
SUBMIT,7501,0,BUY,LIMIT,9916,8
MODIFY,6797,0,,,9917,2
MODIFY,7488,0,,,9921,2
CANCEL,5791,0,,,0,0
SUBMIT,7502,0,SELL,LIMIT,9924,46
SUBMIT,7503,0,BUY,LIMIT,9917,46
SUBMIT,7504,0,SELL,LIMIT,9921,42
SUBMIT,7505,0,BUY,LIMIT,9919,22
SUBMIT,7506,0,SELL,LIMIT,9925,4
SUBMIT,7507,0,SELL,MARKET,0,43
SUBMIT,7508,0,BUY,LIMIT,9920,47
SUBMIT,7509,0,BUY,LIMIT,9919,43
SUBMIT,7510,0,BUY,LIMIT,9919,11
MODIFY,6797,0,,,9917,4
SUBMIT,7511,1,SELL,LIMIT,9923,4
SUBMIT,7512,0,SELL,LIMIT,9925,41
SUBMIT,7513,0,BUY,LIMIT,9919,33
CANCEL,6657,0,,,0,0
SUBMIT,7514,0,SELL,MARKET,0,44
CANCEL,7300,0,,,0,0
SUBMIT,7515,0,BUY,LIMIT,9918,33
SUBMIT,7516,0,SELL,LIMIT,9921,48
SUBMIT,7517,0,BUY,LIMIT,9916,37
SUBMIT,7518,0,BUY,LIMIT,9920,42
SUBMIT,7519,0,SELL,LIMIT,9922,30
MODIFY,6797,0,,,9919,6
MODIFY,7511,0,,,9921,6
SUBMIT,7520,0,BUY,LIMIT,9920,21
SUBMIT,7521,0,BUY,LIMIT,9920,7
SUBMIT,7522,0,BUY,LIMIT,9920,20
CANCEL,6718,0,,,0,0
SUBMIT,7523,0,BUY,LIMIT,9917,4
SUBMIT,7524,0,BUY,LIMIT,9915,7
CANCEL,5640,0,,,0,0
CANCEL,6525,0,,,0,0
CANCEL,2241,0,,,0,0
SUBMIT,7525,0,SELL,LIMIT,9924,32
MODIFY,6797,0,,,9919,3
SUBMIT,7526,1,SELL,LIMIT,9922,3
CANCEL,3782,0,,,0,0
SUBMIT,7527,0,BUY,LIMIT,9916,8
SUBMIT,7528,0,SELL,LIMIT,9921,18
CANCEL,6087,0,,,0,0
CANCEL,7040,0,,,0,0
SUBMIT,7529,0,BUY,LIMIT,9916,31
CANCEL,6752,0,,,0,0
CANCEL,6488,0,,,0,0
CANCEL,3700,0,,,0,0
SUBMIT,7530,0,BUY,MARKET,0,48
MODIFY,6797,0,,,9915,17
SUBMIT,7531,1,SELL,LIMIT,9921,17
SUBMIT,7532,0,BUY,LIMIT,9917,34
CANCEL,3826,0,,,0,0
SUBMIT,7533,0,BUY,MARKET,0,31
SUBMIT,7534,0,SELL,LIMIT,9922,9
SUBMIT,7535,0,SELL,MARKET,0,11
SUBMIT,7536,0,SELL,MARKET,0,4
SUBMIT,7537,0,SELL,LIMIT,9923,19
SUBMIT,7538,0,BUY,LIMIT,9913,46
CANCEL,2497,0,,,0,0
SUBMIT,7539,0,SELL,LIMIT,9922,45
MODIFY,6797,0,,,9917,10
SUBMIT,7540,1,SELL,LIMIT,9921,10
SUBMIT,7541,0,SELL,LIMIT,9918,29
SUBMIT,7542,0,BUY,MARKET,0,1
CANCEL,5223,0,,,0,0
SUBMIT,7543,0,SELL,LIMIT,9919,47
SUBMIT,7544,0,SELL,LIMIT,9922,13
SUBMIT,7545,0,BUY,LIMIT,9913,12
SUBMIT,7546,0,SELL,MARKET,0,46
SUBMIT,7547,0,SELL,MARKET,0,43
SUBMIT,7548,0,BUY,LIMIT,9917,18
CANCEL,6078,0,,,0,0
MODIFY,6797,0,,,9917,11
SUBMIT,7549,1,SELL,LIMIT,9920,11
CANCEL,5124,0,,,0,0
SUBMIT,7550,0,BUY,LIMIT,9915,21
SUBMIT,7551,0,BUY,LIMIT,9918,9
CANCEL,5667,0,,,0,0
SUBMIT,7552,0,BUY,LIMIT,9918,10
SUBMIT,7553,0,SELL,MARKET,0,19
SUBMIT,7554,0,BUY,LIMIT,9914,29
SUBMIT,7555,0,BUY,LIMIT,9918,37
SUBMIT,7556,0,SELL,LIMIT,9921,29
SUBMIT,7557,0,BUY,LIMIT,9914,25
MODIFY,6797,0,,,9918,7
SUBMIT,7558,1,SELL,LIMIT,9922,7
CANCEL,5971,0,,,0,0
CANCEL,5415,0,,,0,0
SUBMIT,7559,0,SELL,LIMIT,9920,17
SUBMIT,7560,0,SELL,LIMIT,9923,12
SUBMIT,7561,0,BUY,MARKET,0,2
SUBMIT,7562,0,SELL,LIMIT,9921,21
SUBMIT,7563,0,SELL,LIMIT,9924,5
SUBMIT,7564,0,BUY,LIMIT,9916,6
CANCEL,6215,0,,,0,0
SUBMIT,7565,0,SELL,LIMIT,9920,38
MODIFY,6797,0,,,9916,2
MODIFY,7558,0,,,9919,2
CANCEL,6372,0,,,0,0
SUBMIT,7566,0,SELL,LIMIT,9920,42
SUBMIT,7567,0,SELL,LIMIT,9922,17
SUBMIT,7568,0,BUY,LIMIT,9913,25
SUBMIT,7569,0,SELL,LIMIT,9919,44
SUBMIT,7570,0,BUY,LIMIT,9912,35
SUBMIT,7571,0,SELL,LIMIT,9917,8
SUBMIT,7572,0,BUY,LIMIT,9912,18
SUBMIT,7573,0,SELL,LIMIT,9919,46
CANCEL,6199,0,,,0,0
MODIFY,6797,0,,,9914,5
SUBMIT,7574,1,SELL,LIMIT,9918,5
SUBMIT,7575,0,BUY,LIMIT,9912,3
SUBMIT,7576,0,SELL,LIMIT,9919,1
SUBMIT,7577,0,BUY,MARKET,0,21
CANCEL,5460,0,,,0,0
SUBMIT,7578,0,SELL,LIMIT,9921,46
CANCEL,5858,0,,,0,0
CANCEL,3740,0,,,0,0
SUBMIT,7579,0,BUY,LIMIT,9910,39
CANCEL,6131,0,,,0,0
SUBMIT,7580,0,SELL,LIMIT,9916,14
MODIFY,6797,0,,,9912,5
SUBMIT,7581,1,SELL,LIMIT,9915,5
CANCEL,7010,0,,,0,0
SUBMIT,7582,0,BUY,LIMIT,9910,44
CANCEL,6349,0,,,0,0
SUBMIT,7583,0,BUY,LIMIT,9911,9
SUBMIT,7584,0,BUY,MARKET,0,36
SUBMIT,7585,0,BUY,MARKET,0,36
CANCEL,6712,0,,,0,0
CANCEL,5164,0,,,0,0
SUBMIT,7586,0,BUY,MARKET,0,29
SUBMIT,7587,0,SELL,LIMIT,9917,41
MODIFY,6797,0,,,9911,20
SUBMIT,7588,1,SELL,LIMIT,9915,20
SUBMIT,7589,0,SELL,LIMIT,9914,32
SUBMIT,7590,0,BUY,MARKET,0,36
SUBMIT,7591,0,BUY,LIMIT,9912,20
CANCEL,4261,0,,,0,0
SUBMIT,7592,0,SELL,LIMIT,9918,16
SUBMIT,7593,0,BUY,LIMIT,9911,6
SUBMIT,7594,0,BUY,LIMIT,9912,30
SUBMIT,7595,0,BUY,LIMIT,9913,36
CANCEL,3776,0,,,0,0
SUBMIT,7596,0,BUY,MARKET,0,39
MODIFY,6797,0,,,9914,7
SUBMIT,7597,1,SELL,LIMIT,9918,7
CANCEL,6938,0,,,0,0
SUBMIT,7598,0,SELL,MARKET,0,27
SUBMIT,7599,0,SELL,LIMIT,9920,30
CANCEL,6370,0,,,0,0
SUBMIT,7600,0,SELL,LIMIT,9918,28
CANCEL,6899,0,,,0,0
SUBMIT,7601,0,SELL,LIMIT,9917,5
SUBMIT,7602,0,SELL,LIMIT,9916,50
CANCEL,5888,0,,,0,0
SUBMIT,7603,0,SELL,LIMIT,9918,34
MODIFY,6797,0,,,9914,17
SUBMIT,7604,1,SELL,LIMIT,9918,17
SUBMIT,7605,0,SELL,LIMIT,9918,5
SUBMIT,7606,0,SELL,LIMIT,9919,27
SUBMIT,7607,0,BUY,LIMIT,9913,27
CANCEL,6728,0,,,0,0
SUBMIT,7608,0,BUY,LIMIT,9912,44
CANCEL,6775,0,,,0,0
SUBMIT,7609,0,SELL,LIMIT,9917,45
CANCEL,5514,0,,,0,0
SUBMIT,7610,0,BUY,LIMIT,9913,24
