buyOrderId,sellOrderId,buyOwner,sellOwner,aggressor,price,quantity,sequence
2,6,1,0,SELL,9998,14,1
13,4,0,0,BUY,10002,21,2
16,4,0,0,BUY,10002,23,3
16,5,0,0,BUY,10002,6,4
24,5,0,0,BUY,10002,11,5
27,5,0,0,BUY,10002,10,6
14,31,0,0,SELL,10000,23,7
11,31,1,0,SELL,10000,9,8
40,37,0,0,BUY,10001,5,9
45,37,0,0,BUY,10001,44,10
45,46,0,0,SELL,10001,5,11
41,46,0,0,SELL,10000,5,12
34,46,0,0,SELL,9999,3,13
11,46,1,0,SELL,9999,10,14
38,46,0,0,SELL,9998,2,15
47,5,0,0,BUY,10002,9,16
47,25,0,0,BUY,10002,16,17
53,51,0,0,BUY,10001,19,18
59,25,0,0,BUY,10002,23,19
59,42,0,0,BUY,10002,27,20
60,42,0,0,BUY,10002,2,21
60,12,0,0,BUY,10003,33,22
60,43,0,0,BUY,10003,6,23
64,67,0,0,SELL,10000,12,24
48,67,1,0,SELL,10000,6,25
50,67,0,0,SELL,9999,14,26
50,69,0,0,SELL,9999,1,27
56,69,0,0,SELL,9999,30,28
56,80,0,0,SELL,9999,14,29
74,80,0,0,SELL,9999,1,30
74,90,0,0,SELL,9999,22,31
98,94,0,0,BUY,10000,5,32
98,3,0,1,BUY,10000,16,33
74,114,0,0,SELL,9999,19,34
76,114,0,0,SELL,9999,2,35
76,115,0,0,SELL,9999,25,36
76,120,0,0,SELL,9999,16,37
76,125,0,0,SELL,9999,6,38
38,132,0,0,SELL,9998,22,39
38,133,0,0,SELL,9998,20,40
65,133,0,0,SELL,9998,13,41
143,125,0,0,BUY,9999,15,42
143,104,0,0,BUY,10000,22,43
87,145,0,0,SELL,9998,24,44
148,3,0,1,BUY,9999,8,45
87,152,0,0,SELL,9998,19,46
99,152,0,0,SELL,9998,12,47
99,153,0,0,SELL,9998,13,48
136,153,0,0,SELL,9998,24,49
144,153,0,0,SELL,9998,5,50
32,153,0,0,SELL,9997,7,51
158,151,0,0,BUY,9999,37,52
32,167,0,0,SELL,9997,15,53
75,167,0,0,SELL,9997,11,54
171,104,0,0,BUY,10000,4,55
171,123,0,0,BUY,10000,26,56
71,192,1,0,SELL,9998,7,57
84,192,0,0,SELL,9997,22,58
205,123,0,0,BUY,10000,9,59
208,123,0,0,BUY,10000,13,60
208,126,0,0,BUY,10000,6,61
208,163,0,0,BUY,10000,26,62
203,217,0,0,SELL,9999,34,63
203,220,0,0,SELL,9999,6,64
206,221,0,0,SELL,9998,9,65
210,221,0,0,SELL,9998,8,66
210,222,0,0,SELL,9998,15,67
210,227,0,0,SELL,9998,17,68
84,230,0,0,SELL,9997,9,69
86,230,0,0,SELL,9997,17,70
86,190,0,1,SELL,9997,17,71
86,240,0,0,SELL,9997,5,72
103,240,0,0,SELL,9997,20,73
103,249,0,0,SELL,9997,5,74
250,227,0,0,BUY,9998,16,75
250,235,0,0,BUY,9998,8,76
103,253,0,0,SELL,9997,2,77
117,253,0,0,SELL,9997,11,78
127,253,0,0,SELL,9997,24,79
257,235,0,0,BUY,9998,10,80
257,239,0,0,BUY,9998,14,81
257,220,0,0,BUY,9999,11,82
258,220,0,0,BUY,9999,30,83
197,220,1,0,BUY,9999,1,84
197,236,1,0,BUY,9999,16,85
127,264,0,0,SELL,9997,3,86
138,264,0,0,SELL,9997,3,87
138,272,0,0,SELL,9997,23,88
180,272,0,0,SELL,9997,25,89
279,236,0,0,BUY,9999,25,90
279,245,0,1,BUY,9999,2,91
280,245,0,1,BUY,9999,5,92
280,277,0,0,BUY,9999,20,93
280,163,0,0,BUY,10000,6,94
180,281,0,0,SELL,9997,16,95
201,281,0,0,SELL,9997,16,96
283,163,0,0,BUY,10000,10,97
283,188,0,0,BUY,10000,32,98
202,285,0,0,SELL,9997,17,99
213,285,0,0,SELL,9997,9,100
255,285,0,0,SELL,9997,10,101
255,286,0,1,SELL,9997,4,102
256,286,0,1,SELL,9997,13,103
256,287,0,0,SELL,9997,14,104
256,288,0,0,SELL,9997,6,105
66,288,0,0,SELL,9996,26,106
121,288,0,0,SELL,9996,5,107
121,289,0,0,SELL,9996,19,108
146,289,0,0,SELL,9996,28,109
294,291,0,0,BUY,9997,1,110
294,188,0,0,BUY,10000,3,111
294,209,0,0,BUY,10000,3,112
146,296,0,1,SELL,9996,7,113
146,302,0,0,SELL,9996,4,114
159,302,0,0,SELL,9996,12,115
159,303,0,1,SELL,9996,3,116
159,311,0,0,SELL,9996,7,117
165,311,0,0,SELL,9996,1,118
179,311,0,0,SELL,9996,13,119
179,312,0,1,SELL,9996,12,120
179,315,0,0,SELL,9996,10,121
182,315,0,0,SELL,9996,22,122
316,298,0,0,BUY,9997,31,123
182,317,0,0,SELL,9996,28,124
196,317,0,0,SELL,9996,10,125
318,298,0,0,BUY,9997,14,126
318,308,0,0,BUY,9997,11,127
196,319,0,0,SELL,9996,7,128
196,320,0,1,SELL,9996,7,129
196,324,0,0,SELL,9996,9,130
198,324,0,0,SELL,9996,19,131
204,324,0,0,SELL,9996,4,132
204,326,0,0,SELL,9996,27,133
204,328,0,1,SELL,9996,14,134
204,329,0,0,SELL,9996,3,135
211,329,0,0,SELL,9996,6,136
211,330,0,0,SELL,9996,22,137
215,330,0,0,SELL,9996,3,138
228,330,0,0,SELL,9996,4,139
228,331,0,0,SELL,9996,19,140
241,331,0,0,SELL,9996,11,141
241,332,0,0,SELL,9996,24,142
241,334,0,1,SELL,9996,10,143
20,334,0,1,SELL,9995,2,144
20,337,0,0,SELL,9995,1,145
20,340,0,1,SELL,9995,3,146
20,341,0,0,SELL,9995,13,147
342,308,0,0,BUY,9997,7,148
20,343,0,0,SELL,9995,4,149
20,344,0,0,SELL,9995,13,150
83,344,0,0,SELL,9995,29,151
83,345,0,1,SELL,9995,1,152
83,347,0,0,SELL,9995,4,153
109,347,0,0,SELL,9995,4,154
113,347,0,0,SELL,9995,27,155
113,349,0,0,SELL,9995,10,156
170,349,0,0,SELL,9995,16,157
170,351,0,0,SELL,9995,15,158
184,351,0,0,SELL,9995,29,159
193,353,0,1,SELL,9995,5,160
193,354,0,0,SELL,9995,12,161
271,354,0,0,SELL,9995,11,162
271,356,0,0,SELL,9995,6,163
157,356,0,0,SELL,9994,24,164
212,356,0,0,SELL,9994,12,165
219,356,0,0,SELL,9994,3,166
219,357,0,0,SELL,9994,32,167
251,357,0,0,SELL,9994,5,168
251,360,0,1,SELL,9994,20,169
251,361,0,0,SELL,9994,2,170
251,363,0,0,SELL,9994,8,171
251,365,0,0,SELL,9994,5,172
274,365,0,0,SELL,9994,2,173
274,366,0,0,SELL,9994,22,174
156,369,0,0,SELL,9993,25,175
160,369,0,0,SELL,9993,17,176
160,370,0,0,SELL,9993,2,177
161,370,0,0,SELL,9993,13,178
177,370,0,0,SELL,9993,23,179
200,370,0,0,SELL,9993,6,180
200,372,0,0,SELL,9993,29,181
265,373,0,0,SELL,9993,6,182
276,373,0,0,SELL,9993,13,183
276,374,0,0,SELL,9993,15,184
276,368,0,1,SELL,9993,2,185
293,368,0,1,SELL,9993,1,186
293,376,0,0,SELL,9993,19,187
293,377,0,0,SELL,9993,2,188
378,366,0,0,BUY,9994,10,189
379,366,0,0,BUY,9994,18,190
379,367,0,0,BUY,9997,12,191
293,380,0,0,SELL,9993,4,192
293,382,0,0,SELL,9993,9,193
307,382,0,0,SELL,9993,13,194
383,367,0,0,BUY,9997,25,195
307,384,0,1,SELL,9993,7,196
307,386,0,0,SELL,9993,16,197
307,390,0,0,SELL,9993,10,198
300,393,0,1,SELL,9992,8,199
306,393,0,1,SELL,9992,12,200
306,395,0,0,SELL,9992,18,201
397,390,0,0,BUY,9993,6,202
397,392,0,0,BUY,9994,17,203
397,396,0,0,BUY,9994,9,204
306,399,0,0,SELL,9992,14,205
301,402,0,0,SELL,9991,5,206
305,402,0,0,SELL,9991,30,207
284,407,0,0,SELL,9990,1,208
310,407,0,0,SELL,9990,12,209
400,407,0,0,SELL,9990,36,210
409,403,0,1,BUY,9991,6,211
409,410,0,0,SELL,9991,15,212
400,410,0,0,SELL,9990,1,213
405,410,0,0,SELL,9990,17,214
290,410,0,0,SELL,9989,3,215
417,399,0,0,BUY,9992,14,216
417,411,0,1,BUY,9992,3,217
423,401,0,0,BUY,9993,13,218
423,413,0,0,BUY,9993,4,219
425,429,0,0,SELL,9991,6,220
418,429,0,0,SELL,9990,34,221
439,431,0,0,BUY,9991,25,222
439,437,0,0,BUY,9992,8,223
439,413,0,0,BUY,9993,4,224
440,413,0,0,BUY,9993,22,225
442,441,0,0,BUY,9992,36,226
442,413,0,0,BUY,9993,9,227
443,413,0,0,BUY,9993,2,228
443,396,0,0,BUY,9994,11,229
446,396,0,0,BUY,9994,17,230
446,424,0,0,BUY,9994,29,231
450,411,0,1,BUY,9993,12,232
450,424,0,0,BUY,9994,4,233
418,452,0,0,SELL,9990,11,234
419,452,0,0,SELL,9990,4,235
419,464,0,0,SELL,9990,36,236
438,464,0,0,SELL,9990,10,237
465,466,0,0,SELL,9991,16,238
267,467,1,0,SELL,9992,7,239
465,467,0,0,SELL,9991,13,240
473,424,0,0,BUY,9994,5,241
473,385,0,0,BUY,9995,11,242
474,385,0,0,BUY,9995,10,243
477,385,0,0,BUY,9995,20,244
479,385,0,0,BUY,9995,5,245
479,420,0,0,BUY,9995,7,246
479,422,0,0,BUY,9995,5,247
492,422,0,0,BUY,9995,9,248
492,427,0,0,BUY,9995,16,249
494,427,0,0,BUY,9995,5,250
472,496,0,0,SELL,9993,11,251
472,499,0,0,SELL,9993,29,252
476,427,1,0,BUY,9995,10,253
501,427,0,0,BUY,9995,15,254
501,432,0,0,BUY,9995,9,255
502,432,0,0,BUY,9995,19,256
502,456,0,0,BUY,9995,15,257
504,456,0,0,BUY,9995,18,258
505,456,1,0,BUY,9995,5,259
505,460,1,0,BUY,9995,6,260
500,526,0,0,SELL,9994,5,261
500,529,0,0,SELL,9994,31,262
472,529,0,0,SELL,9993,1,263
537,460,0,0,BUY,9995,23,264
516,541,1,0,SELL,9994,1,265
539,541,0,0,SELL,9994,12,266
542,460,1,0,BUY,9995,1,267
539,549,0,0,SELL,9994,12,268
539,551,0,0,SELL,9994,25,269
472,551,0,0,SELL,9993,6,270
483,551,0,0,SELL,9993,19,271
556,460,0,0,BUY,9995,5,272
556,463,0,0,BUY,9995,3,273
483,557,0,0,SELL,9993,31,274
488,557,0,0,SELL,9993,10,275
550,463,1,0,BUY,9995,11,276
493,561,0,0,SELL,9993,12,277
562,463,0,0,BUY,9995,3,278
564,463,1,0,BUY,9995,4,279
564,471,1,0,BUY,9995,14,280
567,471,0,0,BUY,9995,2,281
567,527,0,0,BUY,9995,18,282
568,527,0,0,BUY,9995,26,283
568,528,0,0,BUY,9995,7,284
569,528,0,0,BUY,9995,20,285
569,536,0,0,BUY,9995,6,286
570,536,0,0,BUY,9995,12,287
570,415,0,0,BUY,9996,30,288
570,462,0,0,BUY,9996,2,289
571,462,0,0,BUY,9996,19,290
571,480,0,0,BUY,9996,1,291
573,480,1,0,BUY,9996,11,292
574,480,0,0,BUY,9996,13,293
575,480,0,0,BUY,9996,22,294
575,486,0,0,BUY,9996,2,295
576,367,0,0,BUY,9997,10,296
576,391,0,0,BUY,9997,21,297
576,421,0,0,BUY,9997,5,298
577,421,0,0,BUY,9997,4,299
577,461,0,0,BUY,9997,40,300
580,461,0,0,BUY,9997,4,301
580,560,0,0,BUY,9997,9,302
581,560,1,0,BUY,9997,7,303
582,560,0,0,BUY,9997,3,304
586,560,0,0,BUY,9997,21,305
588,560,0,0,BUY,9997,9,306
588,304,0,0,BUY,9998,10,307
588,484,0,0,BUY,9998,19,308
590,484,1,0,BUY,9998,5,309
591,484,0,0,BUY,9998,5,310
592,495,0,0,BUY,9998,6,311
593,495,0,0,BUY,9998,12,312
593,507,0,0,BUY,9998,27,313
593,510,0,0,BUY,9998,8,314
595,510,0,0,BUY,9998,6,315
597,510,0,0,BUY,9998,26,316
597,530,0,0,BUY,9998,7,317
597,558,0,0,BUY,9998,15,318
599,558,1,0,BUY,9998,3,319
600,558,0,0,BUY,9998,4,320
602,558,0,0,BUY,9998,27,321
602,416,0,0,BUY,9999,6,322
605,475,0,0,BUY,9999,11,323
606,475,1,0,BUY,9999,2,324
609,475,0,0,BUY,9999,18,325
609,503,0,0,BUY,9999,27,326
611,503,0,0,BUY,9999,23,327
611,525,0,0,BUY,9999,10,328
611,538,0,0,BUY,9999,15,329
613,538,1,0,BUY,9999,17,330
613,209,1,0,BUY,10000,1,331
615,209,0,0,BUY,10000,22,332
615,229,0,0,BUY,10000,7,333
615,242,0,0,BUY,10000,15,334
615,243,0,0,BUY,10000,3,335
614,616,0,0,SELL,9999,2,336
617,243,0,0,BUY,10000,20,337
618,243,0,0,BUY,10000,4,338
618,263,0,0,BUY,10000,26,339
618,514,0,0,BUY,10000,1,340
620,514,0,0,BUY,10000,34,341
621,514,0,0,BUY,10000,1,342
621,548,0,0,BUY,10000,26,343
622,548,1,0,BUY,10000,7,344
624,548,0,0,BUY,10000,2,345
624,552,0,0,BUY,10000,19,346
624,559,0,0,BUY,10000,22,347
625,559,0,0,BUY,10000,11,348
626,108,0,0,BUY,10001,29,349
629,108,0,0,BUY,10001,14,350
630,108,0,0,BUY,10001,3,351
630,134,0,0,BUY,10001,16,352
630,244,0,0,BUY,10001,3,353
632,244,0,0,BUY,10001,18,354
633,244,1,0,BUY,10001,17,355
637,508,1,0,BUY,10001,2,356
637,543,1,0,BUY,10001,5,357
640,543,0,0,BUY,10001,13,358
641,543,0,0,BUY,10001,23,359
641,116,0,0,BUY,10002,2,360
643,116,0,0,BUY,10002,16,361
645,116,1,0,BUY,10002,13,362
646,116,0,0,BUY,10002,18,363
646,268,0,0,BUY,10002,20,364
646,509,0,0,BUY,10002,7,365
646,563,0,0,BUY,10002,2,366
648,563,0,0,BUY,10002,19,367
648,89,0,0,BUY,10003,2,368
653,89,0,0,BUY,10003,4,369
654,89,0,0,BUY,10003,12,370
656,89,0,0,BUY,10003,30,371
656,194,0,0,BUY,10003,6,372
657,194,0,0,BUY,10003,1,373
664,194,0,0,BUY,10003,26,374
664,572,0,0,BUY,10003,22,375
650,453,0,1,SELL,10002,8,376
650,667,0,0,SELL,10002,10,377
675,572,0,0,BUY,10003,14,378
675,578,0,0,BUY,10003,9,379
683,578,0,0,BUY,10003,10,380
683,661,0,0,BUY,10003,2,381
673,684,0,0,SELL,10001,23,382
625,674,0,1,SELL,10000,2,383
692,684,0,0,BUY,10001,12,384
692,668,0,0,BUY,10003,1,385
692,677,0,0,BUY,10003,33,386
625,695,0,0,SELL,10000,30,387
652,695,0,0,SELL,10000,16,388
671,695,0,0,SELL,10000,4,389
671,697,0,1,SELL,10000,6,390
699,677,0,0,BUY,10003,9,391
699,682,0,0,BUY,10003,33,392
699,689,0,0,BUY,10003,1,393
702,689,0,0,BUY,10003,6,394
671,703,0,0,SELL,10000,10,395
614,703,0,0,SELL,9999,14,396
614,706,0,1,SELL,9999,9,397
707,689,0,0,BUY,10003,1,398
707,61,0,0,BUY,10004,29,399
614,709,0,0,SELL,9999,7,400
614,710,0,0,SELL,9999,13,401
627,710,0,0,SELL,9999,28,402
670,710,0,0,SELL,9999,2,403
670,713,0,0,SELL,9999,12,404
670,714,0,1,SELL,9999,1,405
670,717,0,0,SELL,9999,27,406
608,717,0,0,SELL,9998,19,407
608,718,0,0,SELL,9998,4,408
662,718,0,0,SELL,9998,35,409
662,719,0,0,SELL,9998,9,410
660,719,0,0,SELL,9997,21,411
687,719,0,0,SELL,9997,7,412
575,719,0,0,SELL,9996,10,413
685,719,0,0,SELL,9996,1,414
721,101,0,0,BUY,10004,33,415
721,579,0,0,BUY,10004,8,416
685,723,0,0,SELL,9996,6,417
685,728,0,0,SELL,9996,34,418
685,731,0,0,SELL,9996,4,419
688,731,0,0,SELL,9996,38,420
688,722,0,1,SELL,9996,8,421
690,722,0,1,SELL,9996,2,422
690,737,0,0,SELL,9996,15,423
690,738,0,0,SELL,9996,8,424
750,738,0,0,BUY,9996,23,425
750,726,0,0,BUY,9997,11,426
750,735,0,0,BUY,9997,12,427
752,735,0,0,BUY,9997,1,428
752,742,0,0,BUY,9998,18,429
753,742,0,0,BUY,9998,30,430
754,742,0,0,BUY,9998,2,431
754,748,0,0,BUY,9998,5,432
651,729,1,0,BUY,9999,7,433
760,729,0,0,BUY,9999,4,434
761,729,1,0,BUY,9999,1,435
761,745,1,0,BUY,9999,7,436
762,725,0,0,BUY,10000,19,437
762,749,0,0,BUY,10000,6,438
765,749,0,0,BUY,10000,19,439
761,768,1,0,SELL,9999,11,440
754,768,0,0,SELL,9998,7,441
769,746,1,0,BUY,10001,20,442
770,772,0,0,SELL,9999,22,443
773,746,0,0,BUY,10001,15,444
773,751,0,0,BUY,10002,30,445
774,751,0,0,BUY,10002,3,446
774,579,0,0,BUY,10004,14,447
776,579,0,0,BUY,10004,15,448
776,666,0,0,BUY,10004,24,449
783,666,0,0,BUY,10004,2,450
783,669,0,0,BUY,10004,18,451
783,679,0,0,BUY,10004,1,452
775,786,0,0,SELL,10002,8,453
787,679,0,0,BUY,10004,35,454
788,679,0,0,BUY,10004,4,455
788,764,0,0,BUY,10004,42,456
793,583,0,0,BUY,10005,7,457
797,744,0,1,SELL,10003,17,458
804,744,0,1,BUY,10003,2,459
804,583,0,0,BUY,10005,8,460
775,807,0,0,SELL,10002,33,461
777,807,0,0,SELL,10002,3,462
777,813,0,0,SELL,10002,40,463
777,810,0,1,SELL,10002,2,464
777,821,0,0,SELL,10002,2,465
785,821,0,0,SELL,10002,1,466
801,821,0,0,SELL,10002,2,467
801,822,0,0,SELL,10002,25,468
809,822,0,0,SELL,10002,9,469
784,822,0,0,SELL,10001,8,470
784,828,0,0,SELL,10001,24,471
791,828,0,0,SELL,10001,19,472
791,829,0,1,SELL,10001,11,473
791,832,0,0,SELL,10001,4,474
795,832,0,0,SELL,10001,17,475
796,832,0,0,SELL,10001,6,476
796,837,0,0,SELL,10001,9,477
798,837,0,0,SELL,10001,6,478
798,838,0,1,SELL,10001,2,479
798,839,0,0,SELL,10001,1,480
799,839,0,0,SELL,10001,30,481
803,839,0,0,SELL,10001,5,482
803,841,0,0,SELL,10001,2,483
808,841,0,0,SELL,10001,4,484
808,842,0,0,SELL,10001,26,485
811,842,0,0,SELL,10001,4,486
794,842,0,0,SELL,10000,14,487
794,843,0,1,SELL,10000,12,488
794,844,0,0,SELL,10000,2,489
778,846,0,0,SELL,9999,13,490
754,846,0,0,SELL,9998,9,491
755,846,0,0,SELL,9998,8,492
755,847,0,0,SELL,9998,13,493
755,849,0,0,SELL,9998,20,494
756,849,0,0,SELL,9998,26,495
850,844,0,0,BUY,10000,35,496
756,851,0,1,SELL,9998,12,497
852,844,0,0,BUY,10000,8,498
852,825,0,0,BUY,10002,6,499
767,853,0,0,SELL,9998,19,500
812,853,0,0,SELL,9998,7,501
812,854,0,0,SELL,9998,8,502
814,854,0,0,SELL,9998,42,503
859,857,0,0,BUY,9999,22,504
859,856,0,0,BUY,10001,19,505
814,860,0,1,SELL,9998,8,506
834,860,0,1,SELL,9998,11,507
834,862,0,0,SELL,9998,37,508
789,863,0,0,SELL,9997,5,509
869,862,0,0,BUY,9998,2,510
869,867,0,1,BUY,9998,4,511
789,870,0,0,SELL,9997,12,512
823,870,0,0,SELL,9997,10,513
830,870,0,0,SELL,9997,8,514
836,870,0,0,SELL,9997,18,515
836,872,0,0,SELL,9997,13,516
820,872,0,0,SELL,9996,10,517
826,873,0,0,SELL,9996,20,518
875,867,0,1,BUY,9997,2,519
875,861,0,0,BUY,9999,22,520
875,866,0,0,BUY,9999,5,521
876,866,0,0,BUY,9999,4,522
826,878,0,0,SELL,9996,24,523
868,878,0,0,SELL,9996,13,524
871,878,0,0,SELL,9996,11,525
871,882,0,0,SELL,9996,16,526
877,882,0,0,SELL,9996,24,527
779,882,1,0,SELL,9996,2,528
888,889,0,0,SELL,9998,13,529
902,866,0,0,BUY,9999,37,530
907,866,0,0,BUY,9999,1,531
907,894,0,0,BUY,9999,28,532
888,908,0,0,SELL,9998,19,533
883,908,0,0,SELL,9997,8,534
916,909,0,0,BUY,9998,25,535
916,881,0,1,BUY,9998,14,536
916,894,0,0,BUY,9999,3,537
916,904,0,0,BUY,10000,3,538
928,925,0,0,BUY,9998,17,539
928,917,0,1,BUY,9999,1,540
883,933,0,0,SELL,9997,32,541
891,933,0,0,SELL,9997,6,542
895,933,0,0,SELL,9997,6,543
936,918,0,0,BUY,9999,46,544
943,930,0,0,BUY,9999,14,545
943,931,0,0,BUY,9999,12,546
937,944,0,0,SELL,9998,21,547
946,931,0,0,BUY,9999,25,548
949,931,0,0,BUY,9999,8,549
952,904,0,0,BUY,10000,39,550
952,932,0,0,BUY,10000,9,551
957,932,0,0,BUY,10000,5,552
957,856,0,0,BUY,10001,19,553
957,858,0,0,BUY,10001,14,554
949,960,0,0,SELL,9999,11,555
937,960,0,0,SELL,9998,27,556
962,858,0,0,BUY,10001,10,557
962,900,0,0,BUY,10001,21,558
962,910,0,0,BUY,10001,3,559
779,910,1,0,BUY,10001,5,560
971,910,1,0,BUY,10001,1,561
971,913,1,0,BUY,10001,1,562
973,913,0,0,BUY,10001,3,563
974,913,0,0,BUY,10001,4,564
974,825,0,0,BUY,10002,13,565
974,893,0,0,BUY,10002,11,566
970,977,0,0,SELL,10000,37,567
984,901,0,0,BUY,10002,7,568
984,905,0,0,BUY,10002,8,569
984,911,0,0,BUY,10002,20,570
980,988,0,0,SELL,10001,13,571
970,988,0,0,SELL,10000,9,572
972,988,0,0,SELL,10000,14,573
978,988,1,0,SELL,10000,3,574
987,988,0,0,SELL,10000,9,575
989,911,0,0,BUY,10002,7,576
991,993,0,0,SELL,10001,7,577
992,993,0,0,SELL,10001,5,578
987,993,0,0,SELL,10000,11,579
1000,911,0,0,BUY,10002,19,580
1000,926,0,0,BUY,10002,18,581
994,1006,1,0,SELL,10001,3,582
987,1006,0,0,SELL,10000,28,583
996,1006,0,0,SELL,10000,3,584
1009,1010,0,0,SELL,10001,33,585
1012,926,1,0,BUY,10002,16,586
1009,1013,0,0,SELL,10001,8,587
1011,1013,0,0,SELL,10001,24,588
996,1013,0,0,SELL,10000,3,589
1014,926,0,0,BUY,10002,13,590
1014,934,0,0,BUY,10002,22,591
1014,950,0,0,BUY,10002,3,592
1016,950,0,0,BUY,10002,39,593
1016,954,0,0,BUY,10002,6,594
1018,954,1,0,BUY,10002,8,595
1018,958,1,0,BUY,10002,11,596
1020,958,0,0,BUY,10002,3,597
1021,958,0,0,BUY,10002,35,598
1021,961,0,0,BUY,10002,11,599
1025,961,0,0,BUY,10002,31,600
1027,824,1,0,BUY,10003,13,601
996,1028,0,0,SELL,10000,19,602
1031,824,0,0,BUY,10003,23,603
1031,884,0,0,BUY,10003,7,604
1032,884,0,0,BUY,10003,7,605
1032,896,0,0,BUY,10003,15,606
1032,953,0,0,BUY,10003,7,607
1035,953,0,0,BUY,10003,38,608
1036,953,0,0,BUY,10003,2,609
1036,966,0,0,BUY,10003,33,610
1037,966,1,0,BUY,10003,13,611
1037,968,1,0,BUY,10003,1,612
1037,1008,1,0,BUY,10003,1,613
1039,1008,0,0,BUY,10003,3,614
1040,965,0,0,BUY,10004,17,615
1039,1041,0,0,SELL,10003,26,616
1042,965,0,0,BUY,10004,2,617
1042,981,0,0,BUY,10004,2,618
1042,982,0,0,BUY,10004,1,619
1042,995,0,0,BUY,10004,2,620
1046,995,1,0,BUY,10004,5,621
1047,995,0,0,BUY,10004,5,622
1039,1051,0,0,SELL,10003,12,623
996,1051,0,0,SELL,10000,14,624
1053,995,0,0,BUY,10004,3,625
1053,1004,0,0,BUY,10004,3,626
1053,1005,0,0,BUY,10004,36,627
1053,759,0,0,BUY,10005,1,628
1054,759,0,0,BUY,10005,22,629
1056,759,0,0,BUY,10005,26,630
1056,800,0,0,BUY,10005,4,631
1055,1059,1,0,SELL,10004,6,632
1055,1060,1,0,SELL,10004,8,633
996,1060,0,0,SELL,10000,7,634
1026,1060,0,0,SELL,10000,23,635
1026,1062,0,0,SELL,10000,23,636
979,1062,0,0,SELL,9999,3,637
1063,800,1,0,BUY,10005,11,638
1073,800,0,0,BUY,10005,19,639
1073,815,0,0,BUY,10005,10,640
1076,815,0,0,BUY,10005,27,641
1076,818,0,0,BUY,10005,1,642
1076,819,0,0,BUY,10005,10,643
1076,948,0,0,BUY,10005,10,644
1066,1078,0,0,SELL,10004,11,645
1079,948,0,0,BUY,10005,5,646
1081,948,1,0,BUY,10005,3,647
1082,948,0,0,BUY,10005,17,648
1082,1015,0,0,BUY,10005,14,649
1083,1015,0,0,BUY,10005,1,650
1083,587,0,0,BUY,10006,1,651
1083,607,0,0,BUY,10006,10,652
1083,658,0,0,BUY,10006,2,653
1083,659,0,0,BUY,10006,3,654
1085,659,0,0,BUY,10006,20,655
1087,659,0,0,BUY,10006,10,656
1087,681,0,0,BUY,10006,12,657
1087,757,0,0,BUY,10006,13,658
1093,757,0,0,BUY,10006,4,659
1094,757,0,0,BUY,10006,26,660
1094,780,0,0,BUY,10006,10,661
1086,780,1,0,BUY,10006,3,662
1084,1107,0,0,SELL,10005,17,663
1111,780,0,0,BUY,10006,34,664
1111,792,0,0,BUY,10006,13,665
1084,1115,0,0,SELL,10005,8,666
1084,1116,0,0,SELL,10005,16,667
1088,1116,0,0,SELL,10005,4,668
1088,1118,0,0,SELL,10005,3,669
1088,1126,0,0,SELL,10005,17,670
1099,1126,0,0,SELL,10005,6,671
1099,1131,0,0,SELL,10005,10,672
1132,792,0,0,BUY,10006,4,673
1132,806,0,0,BUY,10006,37,674
1132,951,0,0,BUY,10006,3,675
1134,951,0,0,BUY,10006,39,676
1134,967,0,0,BUY,10006,11,677
1135,967,0,0,BUY,10006,28,678
1135,623,0,0,BUY,10007,7,679
1137,623,0,0,BUY,10007,19,680
1137,655,0,0,BUY,10007,19,681
1137,771,0,0,BUY,10007,7,682
1139,771,0,0,BUY,10007,7,683
1101,1140,1,0,SELL,10006,11,684
1141,771,0,0,BUY,10007,23,685
1141,969,0,0,BUY,10007,12,686
1141,1003,0,0,BUY,10007,6,687
1101,1144,1,0,SELL,10006,3,688
1099,1144,0,0,SELL,10005,7,689
1099,1145,0,0,SELL,10005,14,690
1100,1145,0,0,SELL,10005,6,691
1133,1145,0,0,SELL,10005,10,692
1146,1003,1,0,BUY,10007,15,693
1152,1003,0,0,BUY,10007,5,694
1152,1090,0,0,BUY,10007,1,695
1152,1102,0,0,BUY,10007,15,696
1152,1125,0,0,BUY,10007,16,697
1152,594,0,0,BUY,10008,6,698
1153,594,0,0,BUY,10008,15,699
1153,638,0,0,BUY,10008,4,700
1155,638,1,0,BUY,10008,17,701
1158,638,0,0,BUY,10008,3,702
1158,766,0,0,BUY,10008,13,703
1158,976,0,0,BUY,10008,7,704
1159,976,0,0,BUY,10008,5,705
1162,976,0,0,BUY,10008,6,706
1162,1024,0,0,BUY,10008,37,707
1164,1024,1,0,BUY,10008,4,708
1164,1077,1,0,BUY,10008,12,709
1160,1165,0,0,SELL,10007,10,710
1160,1167,0,0,SELL,10007,36,711
1133,1167,0,0,SELL,10005,10,712
1169,1077,0,0,BUY,10008,6,713
1169,1123,0,0,BUY,10008,8,714
1171,1123,0,0,BUY,10008,5,715
1171,1129,0,0,BUY,10008,17,716
1172,1129,1,0,BUY,10008,13,717
1173,1129,0,0,BUY,10008,3,718
1173,1130,0,0,BUY,10008,7,719
1173,612,0,0,BUY,10009,32,720
1176,612,0,0,BUY,10009,4,721
1177,612,0,0,BUY,10009,2,722
1177,634,0,0,BUY,10009,27,723
1179,634,1,0,BUY,10009,11,724
1181,634,0,0,BUY,10009,1,725
1185,644,0,0,BUY,10009,23,726
1185,781,0,0,BUY,10009,3,727
1186,781,1,0,BUY,10009,1,728
1187,781,0,0,BUY,10009,30,729
1190,781,0,0,BUY,10009,7,730
1190,1017,0,0,BUY,10009,11,731
1191,1017,0,0,BUY,10009,2,732
1191,1019,0,0,BUY,10009,30,733
1191,1023,0,0,BUY,10009,6,734
1194,1023,1,0,BUY,10009,4,735
1196,1023,0,0,BUY,10009,20,736
1196,1048,0,0,BUY,10009,17,737
1197,1048,0,0,BUY,10009,15,738
1197,1089,0,0,BUY,10009,4,739
1197,1103,0,0,BUY,10009,14,740
1198,1112,0,0,BUY,10009,10,741
1198,1117,0,0,BUY,10009,3,742
1198,1122,0,0,BUY,10009,2,743
1198,975,0,0,BUY,10010,25,744
1199,975,0,0,BUY,10010,5,745
1200,975,0,0,BUY,10010,15,746
1200,1033,0,0,BUY,10010,11,747
1202,1033,1,0,BUY,10010,12,748
1203,1033,0,0,BUY,10010,10,749
1203,1068,0,0,BUY,10010,32,750
1203,1074,0,0,BUY,10010,3,751
1205,1074,0,0,BUY,10010,2,752
1211,1074,1,0,BUY,10010,4,753
1211,1091,1,0,BUY,10010,3,754
1214,1091,0,0,BUY,10010,29,755
1214,1095,0,0,BUY,10010,19,756
1217,1095,0,0,BUY,10010,4,757
1217,1110,0,0,BUY,10010,19,758
1217,1136,0,0,BUY,10010,13,759
1218,1136,1,0,BUY,10010,12,760
1218,649,1,0,BUY,10011,1,761
1219,649,0,0,BUY,10011,17,762
1219,1029,0,0,BUY,10011,14,763
1221,1029,0,0,BUY,10011,3,764
1222,1029,0,0,BUY,10011,10,765
1222,1044,0,0,BUY,10011,38,766
1223,1044,0,0,BUY,10011,5,767
1223,1045,0,0,BUY,10011,10,768
1224,1045,0,0,BUY,10011,12,769
1224,1070,0,0,BUY,10011,22,770
1224,1092,0,0,BUY,10011,1,771
1224,1148,0,0,BUY,10011,3,772
1227,1148,1,0,BUY,10011,3,773
1227,1150,1,0,BUY,10011,10,774
1170,1228,0,0,SELL,10007,17,775
1133,1228,0,0,SELL,10005,1,776
1066,1228,0,0,SELL,10004,9,777
1231,1150,0,0,BUY,10011,26,778
1233,1030,1,0,BUY,10012,6,779
1234,1030,0,0,BUY,10012,14,780
1235,1030,0,0,BUY,10012,5,781
1235,1034,0,0,BUY,10012,29,782
1235,1052,0,0,BUY,10012,6,783
1236,1052,0,0,BUY,10012,21,784
1237,1052,0,0,BUY,10012,18,785
1237,1057,0,0,BUY,10012,4,786
1237,1096,0,0,BUY,10012,5,787
1238,1096,0,0,BUY,10012,2,788
1238,1097,0,0,BUY,10012,12,789
1241,1142,1,0,BUY,10012,6,790
1242,1142,0,0,BUY,10012,30,791
1245,1142,0,0,BUY,10012,13,792
1245,1049,0,0,BUY,10013,10,793
1245,1151,0,0,BUY,10013,5,794
1231,1246,0,0,SELL,10011,2,795
1066,1246,0,0,SELL,10004,15,796
1113,1246,0,0,SELL,10004,9,797
1247,1151,0,0,BUY,10013,23,798
1247,1154,0,0,BUY,10013,2,799
1248,1154,0,0,BUY,10013,8,800
1248,1166,0,0,BUY,10013,9,801
1249,1166,0,0,BUY,10013,8,802
1250,1166,1,0,BUY,10013,8,803
1251,1166,0,0,BUY,10013,2,804
1254,1166,1,0,BUY,10013,8,805
1259,1166,0,0,BUY,10013,14,806
1263,1038,1,0,BUY,10014,15,807
1270,1038,0,0,BUY,10014,6,808
1272,1038,1,0,BUY,10014,3,809
1272,1156,1,0,BUY,10014,8,810
1259,1274,0,0,SELL,10013,16,811
1260,1274,0,0,SELL,10012,4,812
1260,1276,0,0,SELL,10012,19,813
1278,1156,0,0,BUY,10014,30,814
1284,1156,0,0,BUY,10014,7,815
1284,1157,0,0,BUY,10014,2,816
1280,1157,1,0,BUY,10014,11,817
1290,1157,0,0,BUY,10014,6,818
1292,1157,0,0,BUY,10014,23,819
1292,1163,0,0,BUY,10014,2,820
1292,1168,0,0,BUY,10015,7,821
1293,1299,0,0,SELL,10014,22,822
1300,1168,0,0,BUY,10015,5,823
1300,1174,0,0,BUY,10015,23,824
1300,1175,0,0,BUY,10015,13,825
1303,1175,0,0,BUY,10015,13,826
1293,1304,0,0,SELL,10014,9,827
1297,1304,1,0,SELL,10014,16,828
1298,1304,0,0,SELL,10014,13,829
1298,1305,0,0,SELL,10014,33,830
1260,1305,0,0,SELL,10012,10,831
1283,1305,0,0,SELL,10012,1,832
1307,1175,0,0,BUY,10015,9,833
1307,1178,0,0,BUY,10015,23,834
1312,1178,0,0,BUY,10015,14,835
1328,1189,0,0,BUY,10016,37,836
1312,917,0,1,SELL,10015,1,837
1312,1332,0,0,SELL,10015,11,838
1323,1333,0,0,SELL,10014,25,839
1334,1332,0,0,BUY,10015,10,840
1323,1338,0,0,SELL,10014,14,841
1327,1338,0,0,SELL,10014,22,842
1321,1338,0,0,SELL,10013,14,843
1341,1332,0,0,BUY,10015,23,844
1344,1189,0,0,BUY,10016,3,845
1344,1257,0,0,BUY,10016,26,846
1346,1257,0,0,BUY,10016,18,847
1347,1257,0,0,BUY,10016,2,848
1306,1257,1,0,BUY,10016,3,849
1306,1331,1,0,BUY,10016,10,850
1350,1331,0,0,BUY,10016,14,851
1350,1161,0,0,BUY,10017,8,852
1350,1180,0,0,BUY,10017,3,853
1355,1180,0,0,BUY,10017,21,854
1356,1180,1,0,BUY,10017,7,855
1364,1180,0,0,BUY,10017,17,856
1364,1192,0,0,BUY,10017,13,857
1364,1195,0,0,BUY,10017,3,858
1368,1195,0,0,BUY,10017,11,859
1370,1210,0,0,BUY,10017,26,860
1371,1210,0,0,BUY,10017,17,861
1379,1383,0,0,SELL,10016,44,862
1379,1388,0,0,SELL,10016,4,863
1379,1340,0,1,SELL,10016,1,864
1341,1340,0,1,SELL,10015,2,865
1395,1210,0,0,BUY,10017,1,866
1341,1400,0,1,SELL,10015,7,867
1352,1400,0,1,SELL,10015,9,868
1352,1408,0,0,SELL,10015,20,869
1352,1411,0,0,SELL,10015,11,870
1362,1411,0,0,SELL,10014,26,871
1416,1412,0,0,BUY,10015,24,872
1416,1396,0,0,BUY,10016,9,873
1362,1421,0,0,SELL,10014,17,874
1367,1421,0,0,SELL,10014,24,875
1367,1424,0,0,SELL,10014,12,876
1394,1424,0,0,SELL,10013,11,877
1394,1418,0,1,SELL,10013,2,878
1394,1426,0,0,SELL,10013,2,879
1394,1427,0,0,SELL,10013,15,880
1283,1428,0,0,SELL,10012,16,881
1309,1428,0,0,SELL,10012,8,882
1309,1430,0,0,SELL,10012,29,883
1309,1431,0,0,SELL,10012,5,884
1310,1431,0,0,SELL,10012,9,885
1322,1431,0,0,SELL,10012,20,886
1322,1433,0,0,SELL,10012,1,887
1326,1433,0,0,SELL,10012,29,888
1326,1434,0,1,SELL,10012,14,889
1326,1436,0,0,SELL,10012,7,890
1384,1436,0,0,SELL,10012,12,891
1384,1438,0,0,SELL,10012,16,892
1287,1438,0,0,SELL,10011,12,893
1287,1439,0,0,SELL,10011,20,894
1295,1439,0,0,SELL,10011,24,895
1295,1440,0,0,SELL,10011,15,896
1302,1440,0,0,SELL,10011,21,897
1302,1444,0,1,SELL,10011,6,898
1302,1445,0,0,SELL,10011,15,899
1325,1445,0,0,SELL,10011,12,900
1330,1445,0,0,SELL,10011,8,901
1330,1446,0,0,SELL,10011,5,902
1330,1447,0,0,SELL,10011,10,903
1397,1447,0,0,SELL,10011,20,904
1397,1449,0,0,SELL,10011,16,905
1417,1449,0,0,SELL,10011,26,906
1417,1451,0,0,SELL,10011,8,907
1419,1451,0,0,SELL,10011,1,908
1262,1451,0,0,SELL,10010,28,909
1329,1451,0,0,SELL,10010,10,910
1329,1452,0,1,SELL,10010,16,911
1329,1454,0,0,SELL,10010,10,912
1385,1454,0,0,SELL,10010,32,913
1385,1456,0,0,SELL,10010,11,914
1387,1456,0,0,SELL,10010,6,915
1387,1457,0,0,SELL,10010,10,916
1387,1458,0,0,SELL,10010,28,917
1391,1459,0,0,SELL,10010,17,918
1391,1462,0,1,SELL,10010,9,919
1463,1427,0,0,BUY,10013,9,920
1463,1429,0,0,BUY,10013,5,921
1463,1396,0,0,BUY,10016,23,922
1391,1464,0,0,SELL,10010,4,923
1393,1464,0,0,SELL,10010,37,924
1393,1465,0,0,SELL,10010,2,925
1420,1465,0,0,SELL,10010,6,926
1398,1465,0,0,SELL,10009,4,927
1403,1465,0,0,SELL,10009,5,928
1403,1466,0,0,SELL,10009,2,929
1409,1466,0,0,SELL,10009,7,930
1409,1467,0,0,SELL,10009,15,931
1469,1396,0,0,BUY,10016,8,932
1469,1399,0,0,BUY,10016,15,933
1409,1470,0,1,SELL,10009,8,934
1409,1473,0,0,SELL,10009,12,935
1414,1473,0,0,SELL,10009,7,936
1415,1473,0,0,SELL,10009,30,937
1415,1474,0,0,SELL,10009,4,938
1415,1475,0,0,SELL,10009,5,939
1422,1475,0,0,SELL,10009,3,940
1390,1475,0,0,SELL,10008,1,941
1476,1399,0,0,BUY,10016,8,942
1476,1404,0,0,BUY,10016,32,943
1476,1210,0,0,BUY,10017,2,944
1476,1256,0,0,BUY,10017,3,945
1390,1477,0,0,SELL,10008,13,946
1425,1477,0,0,SELL,10007,7,947
1425,1478,0,1,SELL,10007,15,948
1425,1482,0,0,SELL,10007,24,949
1121,1482,0,0,SELL,10004,11,950
1128,1482,0,0,SELL,10004,3,951
1483,1256,0,0,BUY,10017,9,952
1128,1484,0,0,SELL,10004,20,953
1441,1484,0,0,SELL,10004,28,954
1441,1485,0,0,SELL,10004,7,955
1442,1485,0,0,SELL,10004,6,956
1442,1486,0,1,SELL,10004,5,957
1487,1256,0,0,BUY,10017,15,958
1487,1264,0,0,BUY,10017,3,959
1442,1488,0,0,SELL,10004,29,960
1071,1488,0,0,SELL,10003,6,961
1071,1491,0,0,SELL,10003,24,962
1138,1491,0,0,SELL,10003,1,963
1138,1494,0,0,SELL,10003,3,964
1138,1495,0,0,SELL,10003,32,965
1138,1496,0,1,SELL,10003,2,966
1432,1496,0,1,SELL,10003,11,967
1432,1497,0,0,SELL,10003,2,968
1435,1497,0,0,SELL,10003,17,969
1501,1264,0,0,BUY,10017,37,970
1435,1502,0,0,SELL,10003,16,971
1435,1503,0,1,SELL,10003,6,972
1104,1503,0,1,SELL,10002,4,973
1104,1504,0,0,SELL,10002,38,974
1109,1504,0,0,SELL,10002,7,975
1109,1505,0,0,SELL,10002,31,976
1120,1507,0,0,SELL,10002,34,977
1124,1507,0,0,SELL,10002,4,978
1124,1508,0,1,SELL,10002,4,979
1124,1509,0,0,SELL,10002,8,980
1512,1267,0,0,BUY,10017,3,981
1512,1277,0,0,BUY,10017,26,982
1512,1286,0,0,BUY,10017,3,983
1512,1288,0,0,BUY,10017,15,984
1124,1513,0,0,SELL,10002,32,985
1437,1513,0,0,SELL,10002,2,986
1437,1515,0,0,SELL,10002,8,987
1448,1515,0,0,SELL,10002,1,988
1453,1515,0,0,SELL,10002,22,989
1460,1515,0,0,SELL,10002,8,990
1471,1515,0,0,SELL,10002,4,991
1471,1516,0,1,SELL,10002,1,992
1471,1517,0,0,SELL,10002,32,993
1461,1517,0,0,SELL,10001,1,994
1472,1517,0,0,SELL,10001,2,995
1472,1518,0,0,SELL,10001,19,996
1443,1518,0,0,SELL,10000,25,997
1443,1524,0,1,SELL,10000,7,998
1525,1523,0,0,BUY,10002,22,999
1525,1520,0,0,BUY,10004,7,1000
1443,1526,0,0,SELL,10000,14,1001
1455,1526,0,0,SELL,10000,6,1002
986,1527,0,0,SELL,9999,32,1003
986,1532,0,1,SELL,9999,4,1004
999,1532,0,1,SELL,9999,16,1005
1533,1530,0,0,BUY,10002,6,1006
999,1536,0,0,SELL,9999,12,1007
999,1539,0,1,SELL,9999,4,1008
1450,1539,0,1,SELL,9999,10,1009
1544,1539,0,1,BUY,9999,5,1010
1544,1530,0,0,BUY,10002,15,1011
1550,1547,0,1,BUY,10000,5,1012
1550,1546,0,0,BUY,10001,45,1013
1551,1548,0,0,BUY,10001,42,1014
1551,1549,0,0,BUY,10001,2,1015
1553,1549,0,0,BUY,10001,27,1016
1553,1530,0,0,BUY,10002,11,1017
1559,1555,0,0,BUY,10001,23,1018
1559,1530,0,0,BUY,10002,4,1019
1559,1556,0,1,BUY,10002,20,1020
1562,1520,0,0,BUY,10004,10,1021
1562,1558,0,0,BUY,10005,6,1022
1562,1288,0,0,BUY,10017,5,1023
1562,1336,0,0,BUY,10017,21,1024
1557,1569,0,0,SELL,9999,34,1025
1373,1569,1,0,SELL,9999,3,1026
1572,1563,0,0,BUY,10002,16,1027
1575,1563,0,0,BUY,10002,2,1028
1575,1568,0,0,BUY,10002,6,1029
1575,1564,0,1,BUY,10002,12,1030
1584,1582,0,0,BUY,10002,11,1031
1584,1567,0,0,BUY,10003,11,1032
1593,1590,0,0,BUY,10002,5,1033
1373,1590,1,0,BUY,10002,13,1034
1605,1590,0,0,BUY,10002,21,1035
1605,1567,0,0,BUY,10003,14,1036
1579,1619,0,0,SELL,10001,20,1037
1579,1564,0,1,SELL,10001,8,1038
1622,1567,0,0,BUY,10003,6,1039
1579,1623,0,0,SELL,10001,5,1040
1600,1623,0,0,SELL,10001,20,1041
1587,1623,0,0,SELL,10000,5,1042
1624,1567,0,0,BUY,10003,16,1043
1624,1570,0,0,BUY,10003,4,1044
1624,1609,0,0,BUY,10003,1,1045
1587,1625,0,0,SELL,10000,8,1046
1626,1609,0,0,BUY,10003,5,1047
1587,1627,0,1,SELL,10000,8,1048
1628,1609,0,0,BUY,10003,21,1049
1587,1630,0,0,SELL,10000,11,1050
1608,1630,0,0,SELL,10000,26,1051
1608,1632,0,0,SELL,10000,8,1052
1581,1633,0,1,SELL,9999,7,1053
1581,1634,0,0,SELL,9999,8,1054
1589,1634,0,0,SELL,9999,12,1055
1603,1634,0,0,SELL,9999,25,1056
1603,1636,0,0,SELL,9999,6,1057
1612,1636,0,0,SELL,9999,10,1058
997,1636,0,0,SELL,9998,15,1059
997,1637,0,0,SELL,9998,35,1060
1001,1637,0,0,SELL,9998,3,1061
1638,1632,0,0,BUY,10000,12,1062
1638,1609,0,0,BUY,10003,6,1063
1638,1618,0,0,BUY,10003,11,1064
1638,1580,0,0,BUY,10004,16,1065
1638,1586,0,0,BUY,10004,1,1066
1001,1639,0,0,SELL,9998,5,1067
1468,1639,0,0,SELL,9998,1,1068
1640,1586,0,0,BUY,10004,12,1069
1468,1641,0,1,SELL,9998,5,1070
1522,1641,0,1,SELL,9998,9,1071
1522,1642,0,0,SELL,9998,6,1072
1643,1586,0,0,BUY,10004,19,1073
1643,1588,0,0,BUY,10004,10,1074
1522,1644,0,0,SELL,9998,3,1075
1522,1645,0,0,SELL,9998,13,1076
1529,1645,0,0,SELL,9998,12,1077
1576,1645,0,0,SELL,9998,4,1078
1576,1646,0,0,SELL,9998,9,1079
1576,1648,0,0,SELL,9998,1,1080
1578,1648,0,0,SELL,9998,14,1081
1592,1648,0,0,SELL,9998,20,1082
1649,1588,0,0,BUY,10004,30,1083
1649,1594,0,0,BUY,10004,9,1084
1592,1650,0,1,SELL,9998,13,1085
1596,1650,0,1,SELL,9998,5,1086
1596,1651,0,0,SELL,9998,15,1087
1602,1651,0,0,SELL,9998,8,1088
1607,1651,0,0,SELL,9998,9,1089
1607,1652,0,0,SELL,9998,7,1090
1607,1653,0,0,SELL,9998,5,1091
1607,1654,0,0,SELL,9998,15,1092
895,1654,0,0,SELL,9997,22,1093
895,1655,0,0,SELL,9997,11,1094
895,1656,0,0,SELL,9997,7,1095
941,1656,0,0,SELL,9997,33,1096
941,1657,0,0,SELL,9997,2,1097
1531,1657,0,0,SELL,9997,31,1098
1531,1660,0,1,SELL,9997,16,1099
1531,1661,0,0,SELL,9997,2,1100
1531,1662,0,0,SELL,9997,1,1101
1534,1662,0,0,SELL,9997,5,1102
1561,1662,0,0,SELL,9997,33,1103
1561,1663,0,0,SELL,9997,12,1104
1574,1663,0,0,SELL,9997,21,1105
1664,1594,0,0,BUY,10004,8,1106
1574,1665,0,0,SELL,9997,6,1107
1606,1665,0,0,SELL,9997,7,1108
1666,1594,0,0,BUY,10004,19,1109
1606,1667,0,1,SELL,9997,11,1110
1668,1594,0,0,BUY,10004,3,1111
1606,1670,0,0,SELL,9997,1,1112
1606,1673,0,0,SELL,9997,18,1113
1613,1673,0,0,SELL,9997,9,1114
1614,1673,0,0,SELL,9997,6,1115
1614,1675,0,1,SELL,9997,1,1116
1614,1676,0,0,SELL,9997,25,1117
887,1676,0,0,SELL,9996,18,1118
892,1676,0,0,SELL,9996,7,1119
892,1677,0,0,SELL,9996,22,1120
892,1680,0,0,SELL,9996,13,1121
1479,1680,0,0,SELL,9996,8,1122
1479,1682,0,0,SELL,9996,37,1123
1535,1682,0,0,SELL,9996,3,1124
1683,1594,0,0,BUY,10004,4,1125
1683,1595,0,0,BUY,10004,12,1126
1683,1599,0,0,BUY,10004,9,1127
1535,1684,0,0,SELL,9996,30,1128
1535,1685,0,1,SELL,9996,9,1129
1535,1686,0,0,SELL,9996,8,1130
1538,1686,0,0,SELL,9996,6,1131
1687,1599,0,0,BUY,10004,5,1132
1687,1601,0,0,BUY,10004,25,1133
1538,1688,0,0,SELL,9996,4,1134
1692,1601,0,0,BUY,10004,25,1135
1692,1565,0,0,BUY,10005,10,1136
1538,1693,0,0,SELL,9996,15,1137
1538,1694,0,1,SELL,9996,12,1138
1538,1696,0,0,SELL,9996,9,1139
1538,1697,0,0,SELL,9996,3,1140
1571,1697,0,0,SELL,9996,19,1141
1571,1699,0,0,SELL,9996,18,1142
665,1699,0,0,SELL,9995,5,1143
724,1699,0,0,SELL,9995,18,1144
817,1699,0,0,SELL,9995,9,1145
817,1701,0,1,SELL,9995,13,1146
1480,1701,0,1,SELL,9995,1,1147
1480,1703,0,0,SELL,9995,39,1148
1481,1703,0,0,SELL,9995,4,1149
1481,1705,0,0,SELL,9995,31,1150
1481,1706,0,0,SELL,9995,15,1151
1493,1706,0,0,SELL,9995,18,1152
1511,1706,0,0,SELL,9995,5,1153
1511,1709,0,0,SELL,9995,7,1154
1528,1709,0,0,SELL,9995,21,1155
1540,1709,0,0,SELL,9995,6,1156
1540,1710,0,1,SELL,9995,8,1157
1711,1565,0,0,BUY,10005,30,1158
1711,1566,0,0,BUY,10005,13,1159
1711,1573,0,0,BUY,10005,4,1160
1540,1712,0,0,SELL,9995,35,1161
1542,1716,0,1,SELL,9995,18,1162
1616,1716,0,1,SELL,9995,1,1163
1616,1718,0,0,SELL,9995,21,1164
1621,1718,0,0,SELL,9995,19,1165
1621,1719,0,0,SELL,9995,4,1166
704,1719,0,0,SELL,9994,8,1167
886,1719,0,0,SELL,9994,29,1168
886,1720,0,0,SELL,9994,10,1169
890,1720,0,0,SELL,9994,12,1170
898,1720,0,0,SELL,9994,7,1171
899,1720,0,0,SELL,9994,3,1172
899,1721,0,0,SELL,9994,33,1173
906,1721,0,0,SELL,9994,1,1174
906,1722,0,0,SELL,9994,31,1175
906,1723,0,1,SELL,9994,3,1176
922,1723,0,1,SELL,9994,10,1177
922,1726,0,0,SELL,9994,10,1178
942,1726,0,0,SELL,9994,28,1179
942,1730,0,0,SELL,9994,17,1180
945,1730,0,0,SELL,9994,17,1181
1489,1730,0,0,SELL,9994,7,1182
1521,1730,0,0,SELL,9994,8,1183
1521,1731,0,0,SELL,9994,16,1184
1541,1731,0,0,SELL,9994,11,1185
1541,1732,0,1,SELL,9994,6,1186
1541,1734,0,0,SELL,9994,21,1187
1545,1734,0,0,SELL,9994,28,1188
1735,1573,0,0,BUY,10005,34,1189
1735,1577,0,0,BUY,10005,7,1190
1545,1736,0,0,SELL,9994,11,1191
498,1736,0,0,SELL,9993,26,1192
540,1737,0,0,SELL,9993,5,1193
1739,1577,0,0,BUY,10005,28,1194
540,1740,0,1,SELL,9993,6,1195
540,1744,0,0,SELL,9993,19,1196
691,1744,0,0,SELL,9993,25,1197
691,1745,0,0,SELL,9993,6,1198
720,1745,0,0,SELL,9993,34,1199
727,1745,0,0,SELL,9993,2,1200
727,1748,0,1,SELL,9993,6,1201
845,1748,0,1,SELL,9993,5,1202
1490,1748,0,1,SELL,9993,6,1203
1490,1749,0,0,SELL,9993,9,1204
1492,1749,0,0,SELL,9993,15,1205
1492,1750,0,0,SELL,9993,5,1206
1629,1750,0,0,SELL,9993,9,1207
532,1750,0,0,SELL,9992,6,1208
532,1752,0,0,SELL,9992,24,1209
554,1752,0,0,SELL,9992,1,1210
712,1752,0,0,SELL,9992,18,1211
712,1754,0,0,SELL,9992,26,1212
716,1754,0,0,SELL,9992,16,1213
716,1755,0,0,SELL,9992,1,1214
716,1756,0,0,SELL,9992,21,1215
730,1756,0,0,SELL,9992,28,1216
730,1757,0,1,SELL,9992,11,1217
1499,1757,0,1,SELL,9992,3,1218
1499,1758,0,0,SELL,9992,11,1219
1543,1758,0,0,SELL,9992,14,1220
1543,1760,0,0,SELL,9992,2,1221
1620,1760,0,0,SELL,9992,11,1222
489,1760,0,0,SELL,9991,14,1223
489,1761,0,0,SELL,9991,7,1224
489,1763,0,1,SELL,9991,4,1225
513,1763,0,1,SELL,9991,10,1226
513,1764,0,0,SELL,9991,29,1227
1767,1577,0,0,BUY,10005,7,1228
1767,1583,0,0,BUY,10006,7,1229
1767,1591,0,0,BUY,10006,14,1230
513,1770,0,1,SELL,9991,1,1231
848,1772,0,0,SELL,9991,13,1232
920,1772,0,0,SELL,9991,33,1233
1773,1591,0,0,BUY,10006,21,1234
1773,1597,0,0,BUY,10006,7,1235
1773,1604,0,0,BUY,10006,9,1236
920,1774,0,0,SELL,9991,10,1237
921,1774,0,0,SELL,9991,25,1238
923,1774,0,0,SELL,9991,13,1239
923,1775,0,0,SELL,9991,17,1240
923,1776,0,0,SELL,9991,5,1241
1506,1776,0,0,SELL,9991,10,1242
1777,1604,0,0,BUY,10006,12,1243
1777,1610,0,0,BUY,10006,3,1244
1506,1778,0,1,SELL,9991,13,1245
1779,1610,0,0,BUY,10006,14,1246
1779,1598,0,0,BUY,10007,32,1247
1782,1598,0,0,BUY,10007,7,1248
1782,1336,0,0,BUY,10017,1,1249
1506,1784,0,0,SELL,9991,7,1250
1631,1784,0,0,SELL,9991,19,1251
1631,1786,0,1,SELL,9991,11,1252
1635,1786,0,1,SELL,9991,7,1253
1635,1787,0,0,SELL,9991,31,1254
459,1787,0,0,SELL,9990,1,1255
1789,1336,0,0,BUY,10017,1,1256
1793,1336,0,0,BUY,10017,18,1257
1793,1339,0,0,BUY,10017,3,1258
459,1794,0,1,SELL,9990,14,1259
518,1794,0,1,SELL,9990,2,1260
518,1797,0,0,SELL,9990,6,1261
698,1797,0,0,SELL,9990,28,1262
1498,1797,0,0,SELL,9990,3,1263
1498,1798,0,0,SELL,9990,3,1264
1498,1799,0,0,SELL,9990,16,1265
321,1799,0,0,SELL,9989,19,1266
321,1800,0,0,SELL,9989,8,1267
388,1800,0,0,SELL,9989,34,1268
388,1801,0,1,SELL,9989,4,1269
448,1801,0,1,SELL,9989,9,1270
448,1802,0,0,SELL,9989,8,1271
1805,1339,0,0,BUY,10017,36,1272
1805,1389,0,0,BUY,10017,9,1273
448,1806,0,0,SELL,9989,6,1274
1671,1806,0,0,SELL,9989,31,1275
1671,1807,0,0,SELL,9989,6,1276
1678,1807,0,0,SELL,9989,39,1277
1689,1807,0,0,SELL,9989,2,1278
458,1807,0,0,SELL,9988,3,1279
1808,1389,0,0,BUY,10017,33,1280
1808,1392,0,0,BUY,10017,17,1281
458,1810,0,1,SELL,9988,3,1282
458,1811,0,0,SELL,9988,1,1283
1679,1811,0,0,SELL,9988,9,1284
1679,1812,0,0,SELL,9988,12,1285
1647,1812,0,0,SELL,9987,33,1286
1647,1820,0,0,SELL,9987,9,1287
1681,1820,0,0,SELL,9987,6,1288
430,1820,0,0,SELL,9986,7,1289
1823,1818,0,1,BUY,9988,1,1290
1823,1819,0,0,BUY,9988,36,1291
1826,1819,0,0,BUY,9988,12,1292
1826,1824,0,0,BUY,9988,23,1293
1826,1815,0,0,BUY,9989,3,1294
1826,1816,0,0,BUY,9989,2,1295
1841,1816,0,0,BUY,9989,17,1296
1841,1825,0,0,BUY,9989,19,1297
1844,1825,0,0,BUY,9989,6,1298
1846,1817,0,0,BUY,9990,30,1299
1850,1829,0,0,BUY,9992,12,1300
1857,1862,0,0,SELL,9990,33,1301
1864,1852,0,0,BUY,9991,9,1302
1864,1829,0,0,BUY,9992,37,1303
1864,1830,0,0,BUY,9992,2,1304
1857,1867,0,0,SELL,9990,16,1305
1844,1867,0,0,SELL,9989,5,1306
1844,1868,0,0,SELL,9989,26,1307
1848,1868,0,0,SELL,9989,22,1308
1876,1828,0,1,BUY,9990,10,1309
1876,1869,0,0,BUY,9991,14,1310
1876,1830,0,0,BUY,9992,13,1311
1848,1878,0,0,SELL,9989,8,1312
1848,1879,0,1,SELL,9989,10,1313
1856,1879,0,1,SELL,9989,9,1314
1856,1890,0,0,SELL,9989,3,1315
1872,1890,0,0,SELL,9989,24,1316
1872,1891,0,0,SELL,9989,10,1317
1842,1891,0,0,SELL,9988,25,1318
1849,1891,0,0,SELL,9988,10,1319
1892,1894,0,0,SELL,9990,48,1320
1859,1894,0,0,SELL,9988,2,1321
1859,1895,0,0,SELL,9988,19,1322
1888,1895,0,0,SELL,9988,7,1323
1902,1887,0,0,BUY,9991,5,1324
1904,1887,0,0,BUY,9991,18,1325
1908,1914,0,0,SELL,9990,4,1326
1920,1887,0,0,BUY,9991,11,1327
1920,1830,0,0,BUY,9992,23,1328
1922,1830,0,0,BUY,9992,12,1329
1922,1847,0,0,BUY,9992,24,1330
1922,1860,0,0,BUY,9992,14,1331
1908,1926,0,0,SELL,9990,39,1332
1909,1926,0,0,SELL,9990,10,1333
1927,1860,0,0,BUY,9992,24,1334
1927,1863,0,0,BUY,9992,12,1335
1927,1865,0,0,BUY,9992,3,1336
1928,1929,0,0,SELL,9991,3,1337
1611,1865,1,0,BUY,9992,8,1338
1940,1865,0,0,BUY,9992,13,1339
1940,1897,0,0,BUY,9992,6,1340
1940,1923,0,0,BUY,9992,9,1341
1951,1923,0,0,BUY,9992,8,1342
1928,1959,0,0,SELL,9991,20,1343
1945,1959,0,0,SELL,9991,8,1344
1960,1923,0,0,BUY,9992,27,1345
1960,1889,0,1,BUY,9992,14,1346
1965,1838,0,0,BUY,9993,5,1347
1964,1967,0,0,SELL,9992,5,1348
1964,1968,0,0,SELL,9992,14,1349
1969,1838,0,0,BUY,9993,35,1350
1972,1838,0,0,BUY,9993,8,1351
1972,1853,0,0,BUY,9993,25,1352
1972,1880,0,0,BUY,9993,3,1353
1964,1975,0,0,SELL,9992,17,1354
1964,1978,0,0,SELL,9992,12,1355
1943,1978,1,0,SELL,9992,14,1356
1945,1978,0,0,SELL,9991,13,1357
1980,1983,1,0,SELL,9992,5,1358
1945,1983,0,0,SELL,9991,19,1359
1946,1983,0,0,SELL,9991,3,1360
1985,1987,1,0,SELL,9992,9,1361
1989,1880,0,0,BUY,9993,16,1362
1985,1990,1,0,SELL,9992,3,1363
1946,1990,0,0,SELL,9991,11,1364
1962,1990,0,0,SELL,9991,10,1365
1991,1880,0,0,BUY,9993,16,1366
1991,1900,0,0,BUY,9993,34,1367
1992,1900,0,0,BUY,9993,8,1368
1992,1917,0,0,BUY,9993,5,1369
1993,2000,1,0,SELL,9992,11,1370
1995,2000,0,0,SELL,9992,18,1371
1995,2006,0,0,SELL,9992,20,1372
2003,2006,1,0,SELL,9992,2,1373
1962,2006,0,0,SELL,9991,13,1374
2008,1917,0,0,BUY,9993,6,1375
2011,1917,1,0,BUY,9993,12,1376
2012,1917,0,0,BUY,9993,3,1377
2012,1947,0,0,BUY,9993,9,1378
2012,1950,0,0,BUY,9993,22,1379
2012,1843,0,0,BUY,9994,5,1380
2012,1845,0,0,BUY,9994,2,1381
2012,1870,0,0,BUY,9994,7,1382
2012,1906,0,0,BUY,9994,2,1383
2016,1906,1,0,BUY,9994,11,1384
2007,2034,0,0,SELL,9992,26,1385
2035,1906,0,0,BUY,9994,24,1386
2035,1934,0,0,BUY,9994,20,1387
2035,1936,0,0,BUY,9994,1,1388
2038,1936,0,0,BUY,9994,24,1389
2042,1936,1,0,BUY,9994,17,1390
2040,2044,0,0,SELL,9993,11,1391
2046,1936,0,0,BUY,9994,1,1392
2046,1938,0,0,BUY,9994,21,1393
2040,2054,0,0,SELL,9993,28,1394
2048,2054,0,0,SELL,9993,21,1395
2057,1938,0,0,BUY,9994,15,1396
2057,1939,0,0,BUY,9994,10,1397
2049,1939,1,0,BUY,9994,17,1398
2048,2063,0,0,SELL,9993,15,1399
2056,2063,0,0,SELL,9993,13,1400
2066,2063,0,0,BUY,9993,17,1401
2068,2063,0,0,BUY,9993,2,1402
2068,1939,0,0,BUY,9994,10,1403
2068,1941,0,0,BUY,9994,36,1404
2070,1941,0,0,BUY,9994,12,1405
2070,1942,0,0,BUY,9994,1,1406
2070,1949,0,0,BUY,9994,9,1407
2065,2074,1,0,SELL,9993,5,1408
2065,2077,1,0,SELL,9993,8,1409
2065,2080,1,0,SELL,9993,6,1410
2007,2080,0,0,SELL,9992,14,1411
2081,1949,1,0,BUY,9994,9,1412
2082,1949,0,0,BUY,9994,29,1413
2082,1840,0,0,BUY,9995,1,1414
2007,2084,0,0,SELL,9992,1,1415
2017,2084,0,0,SELL,9992,31,1416
2099,2089,0,0,BUY,9993,13,1417
2103,2089,0,0,BUY,9993,6,1418
2104,2089,0,0,BUY,9993,29,1419
2104,2092,0,0,BUY,9993,14,1420
2017,2109,0,0,SELL,9992,8,1421
2019,2109,0,0,SELL,9992,27,1422
2050,2109,0,0,SELL,9992,3,1423
2088,2092,1,0,BUY,9993,8,1424
2113,2092,0,0,BUY,9993,3,1425
2050,2118,0,0,SELL,9992,32,1426
2075,2118,0,0,SELL,9992,17,1427
2121,2092,1,0,BUY,9993,3,1428
2124,2092,0,0,BUY,9993,12,1429
2125,2092,0,0,BUY,9993,10,1430
2125,2115,0,0,BUY,9994,14,1431
2126,2115,0,0,BUY,9994,17,1432
2127,2115,0,0,BUY,9994,2,1433
2127,2119,0,0,BUY,9994,45,1434
2129,2119,1,0,BUY,9994,2,1435
2129,1840,1,0,BUY,9995,4,1436
2130,1840,0,0,BUY,9995,28,1437
2135,1840,0,0,BUY,9995,4,1438
2135,1855,0,0,BUY,9995,4,1439
2140,1855,0,0,BUY,9995,36,1440
2141,1855,0,0,BUY,9995,4,1441
2142,1855,0,0,BUY,9995,1,1442
2142,1861,0,0,BUY,9995,32,1443
2144,1861,0,0,BUY,9995,6,1444
2144,1877,0,0,BUY,9995,19,1445
2147,1877,0,0,BUY,9995,4,1446
2147,1896,0,0,BUY,9995,20,1447
2147,1905,0,0,BUY,9995,16,1448
2137,1905,1,0,BUY,9995,6,1449
2137,1924,1,0,BUY,9995,9,1450
2133,2150,0,0,SELL,9994,5,1451
2139,2150,0,0,SELL,9994,7,1452
2149,2150,0,0,SELL,9994,11,1453
2151,1924,0,0,BUY,9995,39,1454
2151,1958,0,0,BUY,9995,1,1455
2170,1958,0,0,BUY,9995,23,1456
2170,1961,0,0,BUY,9995,21,1457
2171,1961,0,0,BUY,9995,19,1458
2171,1977,0,0,BUY,9995,15,1459
2171,2026,0,0,BUY,9995,2,1460
2171,2062,0,0,BUY,9995,7,1461
2177,2062,0,0,BUY,9995,9,1462
2177,2096,0,0,BUY,9995,11,1463
2177,2106,0,0,BUY,9995,17,1464
2149,2180,0,0,SELL,9994,33,1465
2163,2180,0,0,SELL,9994,3,1466
2184,2106,0,0,BUY,9995,5,1467
2189,2106,0,0,BUY,9995,19,1468
2189,2112,0,0,BUY,9995,13,1469
2163,2193,0,0,SELL,9994,16,1470
2163,2196,0,0,SELL,9994,8,1471
2163,1963,0,1,SELL,9994,3,1472
2174,1963,0,1,SELL,9994,12,1473
2174,2200,0,0,SELL,9994,8,1474
2178,2200,0,0,SELL,9994,9,1475
2134,2200,0,0,SELL,9993,1,1476
2136,2200,0,0,SELL,9993,22,1477
2136,2202,0,0,SELL,9993,10,1478
2146,2202,0,0,SELL,9993,18,1479
2204,2112,0,0,BUY,9995,3,1480
2204,2120,0,0,BUY,9995,22,1481
2204,2122,0,0,BUY,9995,3,1482
2204,2190,0,0,BUY,9995,2,1483
2204,2195,0,0,BUY,9995,4,1484
2204,2197,0,0,BUY,9995,3,1485
2204,1858,0,0,BUY,9996,6,1486
2204,1930,0,0,BUY,9996,6,1487
2146,2206,0,1,SELL,9993,8,1488
2156,2206,0,1,SELL,9993,1,1489
2156,2208,0,0,SELL,9993,29,1490
2172,2208,0,0,SELL,9993,12,1491
2182,2208,0,0,SELL,9993,3,1492
2210,2205,0,0,BUY,9994,22,1493
2210,1930,0,0,BUY,9996,25,1494
2182,2212,0,0,SELL,9993,1,1495
2182,2214,0,1,SELL,9993,7,1496
2182,2215,0,0,SELL,9993,11,1497
2075,2215,0,0,SELL,9992,5,1498
2079,2215,0,0,SELL,9992,1,1499
2083,2215,0,0,SELL,9992,5,1500
2105,2215,0,0,SELL,9992,15,1501
2105,2218,0,0,SELL,9992,21,1502
2105,2219,0,0,SELL,9992,7,1503
2110,2219,0,0,SELL,9992,5,1504
2157,2219,0,0,SELL,9992,11,1505
2160,2219,0,0,SELL,9992,10,1506
2169,2219,0,0,SELL,9992,9,1507
2169,2224,0,1,SELL,9992,1,1508
2188,2224,0,1,SELL,9992,14,1509
2188,2225,0,0,SELL,9992,2,1510
1962,2225,0,0,SELL,9991,24,1511
1971,2225,0,0,SELL,9991,1,1512
1973,2225,0,0,SELL,9991,6,1513
1973,2234,0,0,SELL,9991,33,1514
2005,2234,0,0,SELL,9991,11,1515
2005,2236,0,0,SELL,9991,37,1516
2014,2236,0,0,SELL,9991,7,1517
2014,2230,0,1,SELL,9991,11,1518
2023,2230,0,1,SELL,9991,1,1519
2237,2232,0,0,BUY,9992,25,1520
2023,2238,0,0,SELL,9991,14,1521
2024,2238,0,0,SELL,9991,11,1522
2024,2242,0,0,SELL,9991,14,1523
2024,2251,0,0,SELL,9991,1,1524
2024,2254,0,0,SELL,9991,6,1525
2043,2254,0,0,SELL,9991,32,1526
2258,2232,0,0,BUY,9992,12,1527
2043,2262,0,0,SELL,9991,8,1528
2052,2262,0,0,SELL,9991,13,1529
2265,2232,0,0,BUY,9992,9,1530
2265,2244,0,0,BUY,9992,2,1531
2155,2244,1,0,BUY,9992,3,1532
2267,2244,0,0,BUY,9992,17,1533
2269,2229,0,0,BUY,9993,15,1534
2269,2233,0,0,BUY,9993,2,1535
2276,2233,0,0,BUY,9993,21,1536
2276,2250,0,0,BUY,9993,16,1537
2283,2250,0,0,BUY,9993,27,1538
2284,2250,0,0,BUY,9993,3,1539
2284,2245,0,1,BUY,9993,10,1540
2267,2287,0,0,SELL,9992,17,1541
2273,2287,0,0,SELL,9992,26,1542
2296,2245,0,1,BUY,9993,11,1543
2296,2294,0,0,BUY,9993,18,1544
2296,2227,0,0,BUY,9994,10,1545
2296,2249,0,0,BUY,9994,7,1546
2297,2249,0,0,BUY,9994,31,1547
2298,2249,0,0,BUY,9994,11,1548
2298,2257,0,0,BUY,9994,22,1549
2273,2300,0,0,SELL,9992,9,1550
2052,2300,0,0,SELL,9991,11,1551
2052,2299,0,1,SELL,9991,4,1552
2055,2299,0,1,SELL,9991,13,1553
2055,2307,0,0,SELL,9991,9,1554
2055,2308,0,0,SELL,9991,2,1555
2071,2308,0,0,SELL,9991,17,1556
2071,2310,0,0,SELL,9991,11,1557
2073,2310,0,0,SELL,9991,35,1558
2073,2311,0,0,SELL,9991,4,1559
2114,2311,0,0,SELL,9991,26,1560
2114,2313,0,1,SELL,9991,15,1561
2314,2302,0,0,BUY,9992,28,1562
2323,2302,0,0,BUY,9992,5,1563
2323,2312,0,0,BUY,9992,18,1564
2328,2312,0,0,BUY,9992,21,1565
2328,2318,0,0,BUY,9992,19,1566
2114,2331,0,0,SELL,9991,2,1567
2138,2331,0,0,SELL,9991,14,1568
2270,2318,1,0,BUY,9992,1,1569
2270,2324,1,0,BUY,9992,16,1570
2337,2324,0,0,BUY,9992,17,1571
2339,2324,0,0,BUY,9992,14,1572
2339,2341,0,0,SELL,9992,25,1573
2342,2329,0,0,BUY,9993,26,1574
2342,2257,0,0,BUY,9994,4,1575
2342,2281,0,0,BUY,9994,16,1576
2344,2281,1,0,BUY,9994,10,1577
2339,2346,0,0,SELL,9992,6,1578
2138,2346,0,0,SELL,9991,18,1579
2138,2347,0,0,SELL,9991,9,1580
2351,2281,1,0,BUY,9994,10,1581
2351,2305,1,0,BUY,9994,7,1582
2353,2305,0,0,BUY,9994,11,1583
2353,2306,0,0,BUY,9994,27,1584
2138,2354,0,0,SELL,9991,4,1585
2159,2354,0,0,SELL,9991,2,1586
2226,2354,0,0,SELL,9991,20,1587
2355,2306,0,0,BUY,9994,20,1588
2355,2327,0,0,BUY,9994,19,1589
2226,2356,0,0,SELL,9991,1,1590
2228,2356,0,0,SELL,9991,25,1591
2286,2356,0,0,SELL,9991,23,1592
2357,2327,0,0,BUY,9994,27,1593
2357,2253,0,0,BUY,9995,21,1594
2358,2253,0,0,BUY,9995,6,1595
2358,2260,0,0,BUY,9995,10,1596
2359,2260,0,0,BUY,9995,17,1597
2360,2260,1,0,BUY,9995,17,1598
2360,2271,1,0,BUY,9995,3,1599
2361,2271,0,0,BUY,9995,13,1600
2361,2278,0,0,BUY,9995,16,1601
2362,2278,0,0,BUY,9995,7,1602
2363,2278,0,0,BUY,9995,17,1603
2286,2364,0,0,SELL,9991,7,1604
2366,2278,1,0,BUY,9995,7,1605
2366,2280,1,0,BUY,9995,8,1606
2286,2367,0,0,SELL,9991,2,1607
2289,2367,0,0,SELL,9991,30,1608
2368,2291,0,0,BUY,9995,10,1609
2369,2291,0,0,BUY,9995,19,1610
2369,2330,0,0,BUY,9995,21,1611
2371,2330,0,0,BUY,9995,17,1612
2371,2333,0,0,BUY,9995,1,1613
2373,2333,0,0,BUY,9995,10,1614
2374,2333,0,0,BUY,9995,17,1615
2374,2334,0,0,BUY,9995,1,1616
2376,2334,1,0,BUY,9995,2,1617
2289,2379,0,0,SELL,9991,1,1618
2335,2379,0,0,SELL,9991,13,1619
2380,2334,0,0,BUY,9995,5,1620
2380,1930,0,0,BUY,9996,3,1621
2380,1970,0,0,BUY,9996,11,1622
2380,1986,0,0,BUY,9996,8,1623
2335,2381,0,0,SELL,9991,3,1624
1909,2381,0,0,SELL,9990,14,1625
2382,1986,0,0,BUY,9996,23,1626
2382,2020,0,0,BUY,9996,19,1627
2384,2020,1,0,BUY,9996,2,1628
2383,2388,0,0,SELL,9995,14,1629
2391,2020,1,0,BUY,9996,1,1630
2383,2392,0,0,SELL,9995,14,1631
2386,2392,0,0,SELL,9995,3,1632
2405,2020,0,0,BUY,9996,12,1633
2405,2021,0,0,BUY,9996,7,1634
2405,2072,0,0,BUY,9996,7,1635
2405,2098,0,0,BUY,9996,18,1636
2386,2407,0,0,SELL,9995,32,1637
2402,2410,0,0,SELL,9994,43,1638
2402,2412,0,0,SELL,9994,5,1639
2404,2412,0,0,SELL,9994,10,1640
2404,2416,0,0,SELL,9994,9,1641
2408,2416,0,0,SELL,9994,2,1642
2408,2320,0,1,SELL,9994,2,1643
2408,2417,0,0,SELL,9994,28,1644
2393,2417,0,0,SELL,9993,18,1645
2428,2425,0,1,BUY,9994,20,1646
2428,2409,0,0,BUY,9995,10,1647
2431,2409,0,0,BUY,9995,3,1648
2431,2418,0,0,BUY,9995,6,1649
2431,2421,0,0,BUY,9995,14,1650
2393,2434,0,0,SELL,9993,16,1651
2403,2436,0,0,SELL,9992,9,1652
2439,2436,0,0,BUY,9992,8,1653
2424,2445,0,0,SELL,9991,1,1654
2429,2445,0,0,SELL,9991,32,1655
2446,2445,0,0,BUY,9991,10,1656
2446,2436,0,0,BUY,9992,2,1657
2446,2438,0,0,BUY,9992,14,1658
2449,2433,0,1,BUY,9991,19,1659
2449,2438,0,0,BUY,9992,28,1660
2449,2434,0,0,BUY,9993,2,1661
2449,2447,0,0,BUY,9993,1,1662
1909,2451,0,0,SELL,9990,4,1663
2455,2447,0,0,BUY,9993,1,1664
2455,2450,0,0,BUY,9993,9,1665
2455,2454,0,0,BUY,9993,2,1666
1909,2457,0,0,SELL,9990,20,1667
1912,2457,0,0,SELL,9990,29,1668
2463,2456,0,1,BUY,9992,13,1669
2463,2459,0,0,BUY,9992,10,1670
2463,2454,0,0,BUY,9993,7,1671
2463,2432,0,0,BUY,9994,10,1672
1912,2464,0,0,SELL,9990,15,1673
1915,2466,0,1,SELL,9990,16,1674
1915,2467,0,0,SELL,9990,23,1675
1952,2467,0,0,SELL,9990,3,1676
1974,2467,0,0,SELL,9990,5,1677
2469,2432,0,0,BUY,9994,25,1678
2469,2441,0,0,BUY,9994,25,1679
2470,2444,0,0,BUY,9994,19,1680
2470,2453,0,0,BUY,9994,2,1681
2470,2460,0,0,BUY,9994,8,1682
2470,2421,0,0,BUY,9995,4,1683
1974,2471,0,0,SELL,9990,27,1684
1982,2471,0,0,SELL,9990,3,1685
1994,2473,0,1,SELL,9990,12,1686
2001,2473,0,1,SELL,9990,8,1687
2001,2474,0,0,SELL,9990,4,1688
2001,2481,0,1,SELL,9990,9,1689
2015,2481,0,1,SELL,9990,5,1690
2482,2472,0,0,BUY,9991,19,1691
2015,2485,0,0,SELL,9990,30,1692
2018,2485,0,0,SELL,9990,9,1693
2018,2486,0,0,SELL,9990,2,1694
2018,2487,0,1,SELL,9990,15,1695
2488,2472,0,0,BUY,9991,12,1696
2490,2472,0,0,BUY,9991,17,1697
2490,2478,0,0,BUY,9991,23,1698
2018,2492,0,1,SELL,9990,10,1699
2027,2494,0,0,SELL,9990,13,1700
2027,2495,0,0,SELL,9990,13,1701
2027,2500,0,0,SELL,9990,2,1702
2027,2501,0,0,SELL,9990,4,1703
2027,2502,0,1,SELL,9990,7,1704
2101,2502,0,1,SELL,9990,6,1705
2101,2505,0,1,SELL,9990,8,1706
2101,2507,0,0,SELL,9990,26,1707
2101,2508,0,0,SELL,9990,9,1708
2101,2510,0,0,SELL,9990,1,1709
2102,2510,0,0,SELL,9990,1,1710
2107,2512,0,0,SELL,9990,26,1711
2117,2512,0,0,SELL,9990,5,1712
2117,2513,0,1,SELL,9990,20,1713
2117,2516,0,0,SELL,9990,10,1714
2165,2516,0,0,SELL,9990,20,1715
2166,2516,0,0,SELL,9990,3,1716
2185,2516,0,0,SELL,9990,6,1717
2185,2519,0,0,SELL,9990,26,1718
2187,2519,0,0,SELL,9990,4,1719
2255,2519,0,0,SELL,9990,8,1720
2255,2520,0,0,SELL,9990,42,1721
2275,2520,0,0,SELL,9990,8,1722
2275,2521,0,0,SELL,9990,23,1723
2288,2521,0,0,SELL,9990,6,1724
2288,2522,0,1,SELL,9990,15,1725
2288,2523,0,0,SELL,9990,17,1726
2288,2524,0,0,SELL,9990,8,1727
2340,2524,0,0,SELL,9990,19,1728
2340,2529,0,1,SELL,9990,16,1729
2530,2478,0,0,BUY,9991,25,1730
2530,2480,0,0,BUY,9991,4,1731
2340,2531,0,0,SELL,9990,3,1732
1898,2531,0,0,SELL,9989,4,1733
1898,2533,0,0,SELL,9989,5,1734
1898,2538,0,0,SELL,9989,12,1735
1932,2538,0,0,SELL,9989,13,1736
1932,2539,0,1,SELL,9989,6,1737
1932,2540,0,0,SELL,9989,16,1738
1976,2540,0,0,SELL,9989,4,1739
1976,2546,0,0,SELL,9989,13,1740
1976,2547,0,1,SELL,9989,6,1741
1988,2547,0,1,SELL,9989,7,1742
1988,2549,0,0,SELL,9989,12,1743
2013,2549,0,0,SELL,9989,33,1744
2061,2549,0,0,SELL,9989,3,1745
2061,2550,0,0,SELL,9989,1,1746
2061,2551,0,0,SELL,9989,6,1747
2061,2554,0,0,SELL,9989,10,1748
2091,2554,0,0,SELL,9989,8,1749
2091,2555,0,0,SELL,9989,13,1750
2556,2532,0,0,BUY,9990,31,1751
2556,2536,0,0,BUY,9990,3,1752
2091,2557,0,1,SELL,9989,10,1753
2091,2558,0,0,SELL,9989,6,1754
2091,2561,0,0,SELL,9989,7,1755
2203,2561,0,0,SELL,9989,34,1756
2203,2563,0,0,SELL,9989,5,1757
2268,2563,0,0,SELL,9989,7,1758
2268,2564,0,0,SELL,9989,13,1759
2290,2564,0,0,SELL,9989,5,1760
2290,2565,0,0,SELL,9989,10,1761
2290,2566,0,1,SELL,9989,6,1762
2303,2566,0,1,SELL,9989,5,1763
2303,2567,0,0,SELL,9989,18,1764
2303,2568,0,0,SELL,9989,12,1765
2319,2568,0,0,SELL,9989,14,1766
2423,2568,0,0,SELL,9989,11,1767
2423,2570,0,0,SELL,9989,1,1768
2462,2570,0,0,SELL,9989,11,1769
2462,2571,0,0,SELL,9989,9,1770
1907,2571,0,0,SELL,9988,31,1771
1907,2573,0,0,SELL,9988,17,1772
1911,2573,0,0,SELL,9988,2,1773
1925,2573,0,0,SELL,9988,29,1774
1925,2575,0,1,SELL,9988,18,1775
1937,2576,0,0,SELL,9988,22,1776
1944,2576,0,0,SELL,9988,7,1777
2029,2576,0,0,SELL,9988,13,1778
2578,2536,0,0,BUY,9990,28,1779
2578,2544,0,0,BUY,9990,13,1780
2029,2583,0,0,SELL,9988,5,1781
2064,2583,0,0,SELL,9988,5,1782
2593,2589,0,0,BUY,9989,9,1783
2593,2590,0,0,BUY,9989,8,1784
2064,2584,0,1,SELL,9988,14,1785
2086,2584,0,1,SELL,9988,6,1786
2086,2596,0,0,SELL,9988,2,1787
2209,2596,0,0,SELL,9988,16,1788
2599,2590,0,0,BUY,9989,15,1789
2599,2544,0,0,BUY,9990,31,1790
2599,2552,0,0,BUY,9990,3,1791
2600,2552,0,0,BUY,9990,5,1792
2600,2480,0,0,BUY,9991,12,1793
2600,2489,0,0,BUY,9991,6,1794
2209,2603,0,0,SELL,9988,33,1795
2263,2603,0,0,SELL,9988,2,1796
2605,2601,0,0,BUY,9989,13,1797
2605,2602,0,1,BUY,9989,1,1798
2605,2489,0,0,BUY,9991,12,1799
2263,2608,0,0,SELL,9988,25,1800
2610,2489,0,0,BUY,9991,3,1801
2610,2497,0,0,BUY,9991,14,1802
2610,2527,0,0,BUY,9991,17,1803
2263,2611,0,1,SELL,9988,1,1804
2263,2613,0,0,SELL,9988,16,1805
2264,2613,0,0,SELL,9988,5,1806
2616,2612,0,0,BUY,9990,23,1807
2616,2527,0,0,BUY,9991,1,1808
2264,2617,0,0,SELL,9988,31,1809
2321,2617,0,0,SELL,9988,3,1810
2427,2617,0,0,SELL,9988,8,1811
2427,2618,0,1,SELL,9988,17,1812
2427,2619,0,0,SELL,9988,4,1813
2437,2619,0,0,SELL,9988,37,1814
2461,2619,0,0,SELL,9988,3,1815
2620,2527,0,0,BUY,9991,4,1816
2461,2622,0,0,SELL,9988,4,1817
2623,2580,0,0,BUY,9991,9,1818
2624,2580,0,0,BUY,9991,29,1819
2635,2626,0,0,BUY,9990,12,1820
2461,2637,0,0,SELL,9988,30,1821
1833,2637,0,0,SELL,9987,13,1822
2640,2626,0,0,BUY,9990,24,1823
2640,2631,0,0,BUY,9990,2,1824
2640,2580,0,0,BUY,9991,2,1825
1833,2645,0,0,SELL,9987,10,1826
1874,2645,0,0,SELL,9987,15,1827
2194,2645,0,0,SELL,9987,15,1828
2646,2642,0,0,BUY,9990,30,1829
2646,2580,0,0,BUY,9991,6,1830
2646,2588,0,0,BUY,9991,5,1831
2397,2588,1,0,BUY,9991,10,1832
2648,2588,0,0,BUY,9991,33,1833
2648,2609,0,0,BUY,9991,13,1834
2647,2651,0,0,SELL,9990,9,1835
2653,2609,0,0,BUY,9991,7,1836
2653,2632,0,0,BUY,9991,10,1837
2654,2632,1,0,BUY,9991,12,1838
2647,2656,0,0,SELL,9990,5,1839
2650,2656,0,0,SELL,9989,4,1840
2194,2656,0,0,SELL,9987,16,1841
2658,2632,0,0,BUY,9991,3,1842
2658,2634,0,0,BUY,9991,18,1843
2659,2634,0,0,BUY,9991,18,1844
2659,2509,0,0,BUY,9992,6,1845
2660,2509,1,0,BUY,9992,5,1846
2662,2509,0,0,BUY,9992,3,1847
2669,2670,0,0,SELL,9990,18,1848
2669,2680,0,0,SELL,9990,6,1849
2682,2509,0,0,BUY,9992,30,1850
2683,2509,0,0,BUY,9992,2,1851
2683,2607,0,0,BUY,9992,3,1852
2683,2672,0,0,BUY,9992,14,1853
2683,2686,0,0,SELL,9992,23,1854
2669,2686,0,0,SELL,9990,12,1855
2666,2686,1,0,SELL,9990,4,1856
2663,2686,0,0,SELL,9989,6,1857
2688,2586,0,0,BUY,9993,31,1858
2688,2652,0,0,BUY,9993,1,1859
2691,2652,0,0,BUY,9993,31,1860
2691,2673,0,0,BUY,9993,14,1861
2689,2673,1,0,BUY,9993,3,1862
2689,2587,1,0,BUY,9994,3,1863
2693,2587,0,0,BUY,9994,10,1864
2693,2657,0,0,BUY,9994,15,1865
2693,2667,0,0,BUY,9994,17,1866
2693,2421,0,0,BUY,9995,4,1867
2663,2695,0,0,SELL,9989,1,1868
2664,2695,0,0,SELL,9989,30,1869
2665,2695,0,0,SELL,9989,1,1870
2714,2421,0,0,BUY,9995,8,1871
2702,2715,0,0,SELL,9994,37,1872
2716,2421,0,0,BUY,9995,7,1873
2701,2421,1,0,BUY,9995,4,1874
2718,2421,0,0,BUY,9995,6,1875
2718,2435,0,0,BUY,9995,38,1876
2718,2644,0,0,BUY,9995,2,1877
2720,2655,0,0,BUY,9995,36,1878
2724,2655,0,0,BUY,9995,13,1879
2724,2661,0,0,BUY,9995,20,1880
2726,2661,1,0,BUY,9995,3,1881
2726,2676,1,0,BUY,9995,6,1882
2727,2676,0,0,BUY,9995,14,1883
2727,2708,0,0,BUY,9995,11,1884
2727,2098,0,0,BUY,9996,3,1885
2728,2098,0,0,BUY,9996,12,1886
2731,2098,0,0,BUY,9996,12,1887
2702,2732,0,0,SELL,9994,13,1888
2722,2732,0,0,SELL,9994,16,1889
2733,2098,1,0,BUY,9996,1,1890
2733,2181,1,0,BUY,9996,8,1891
2722,2734,0,0,SELL,9994,18,1892
2699,2734,0,0,SELL,9992,19,1893
2699,2735,0,0,SELL,9992,9,1894
2709,2735,0,0,SELL,9991,13,1895
2736,2181,0,0,BUY,9996,4,1896
2736,2243,0,0,BUY,9996,26,1897
2736,2332,0,0,BUY,9996,14,1898
2739,2332,0,0,BUY,9996,14,1899
2739,2422,0,0,BUY,9996,1,1900
2741,2422,0,0,BUY,9996,20,1901
2742,2426,1,0,BUY,9996,2,1902
2743,2426,0,0,BUY,9996,25,1903
2743,2440,0,0,BUY,9996,1,1904
2746,2440,0,0,BUY,9996,1,1905
2746,2458,0,0,BUY,9996,6,1906
2748,2458,1,0,BUY,9996,6,1907
2709,2751,0,0,SELL,9991,18,1908
2752,2458,0,0,BUY,9996,1,1909
2752,2687,0,0,BUY,9996,24,1910
2753,2687,0,0,BUY,9996,16,1911
2753,2703,0,0,BUY,9996,11,1912
2754,2703,0,0,BUY,9996,7,1913
2754,1903,0,0,BUY,9997,23,1914
2755,1903,0,0,BUY,9997,22,1915
2755,1916,0,0,BUY,9997,9,1916
2757,1916,1,0,BUY,9997,5,1917
2757,1931,1,0,BUY,9997,3,1918
2757,1954,1,0,BUY,9997,5,1919
2757,1957,1,0,BUY,9997,3,1920
2759,1957,0,0,BUY,9997,27,1921
2759,1966,0,0,BUY,9997,19,1922
2761,1966,0,0,BUY,9997,1,1923
2761,1981,0,0,BUY,9997,19,1924
2761,2053,0,0,BUY,9997,22,1925
2762,2053,0,0,BUY,9997,13,1926
2764,2053,0,0,BUY,9997,14,1927
2764,2076,0,0,BUY,9997,33,1928
2766,2090,1,0,BUY,9997,8,1929
2760,2774,0,0,SELL,9996,9,1930
2775,2094,1,0,BUY,9997,2,1931
2775,2111,1,0,BUY,9997,7,1932
2777,2111,0,0,BUY,9997,29,1933
2777,2143,0,0,BUY,9997,16,1934
2778,2143,0,0,BUY,9997,10,1935
2778,2148,0,0,BUY,9997,10,1936
2778,2161,0,0,BUY,9997,10,1937
2760,2780,0,0,SELL,9996,2,1938
2760,2786,0,0,SELL,9996,6,1939
2760,2795,0,0,SELL,9996,4,1940
2767,2800,0,0,SELL,9996,15,1941
2767,2801,0,0,SELL,9996,8,1942
2767,2627,0,1,SELL,9996,16,1943
2767,2803,0,0,SELL,9996,1,1944
2768,2803,0,0,SELL,9996,10,1945
2772,2803,0,0,SELL,9996,14,1946
2779,2803,0,0,SELL,9996,2,1947
2804,2161,0,0,BUY,9997,24,1948
2804,2173,0,0,BUY,9997,18,1949
2779,2808,0,1,SELL,9996,3,1950
2779,2809,0,0,SELL,9996,5,1951
2779,2811,0,0,SELL,9996,36,1952
2763,2811,0,0,SELL,9995,14,1953
2815,2173,0,0,BUY,9997,16,1954
2815,2261,0,0,BUY,9997,21,1955
2763,2817,0,1,SELL,9995,15,1956
2824,2819,0,0,BUY,9996,22,1957
2824,2261,0,0,BUY,9997,4,1958
2763,2826,0,1,SELL,9995,6,1959
2763,2827,0,0,SELL,9995,5,1960
2773,2827,0,0,SELL,9995,2,1961
2832,2827,0,0,BUY,9994,2,1962
2832,2261,0,0,BUY,9997,11,1963
2840,2836,0,0,BUY,9995,23,1964
2840,2261,0,0,BUY,9997,11,1965
2842,2277,0,0,BUY,9997,13,1966
2843,2277,0,0,BUY,9997,13,1967
2843,2282,0,0,BUY,9997,14,1968
2849,2845,0,0,BUY,9994,3,1969
2849,2834,0,1,BUY,9995,15,1970
2798,2834,0,1,SELL,9993,16,1971
2798,2855,0,0,SELL,9993,24,1972
2799,2855,0,0,SELL,9993,8,1973
2799,2861,0,0,SELL,9993,28,1974
2829,2861,0,0,SELL,9993,18,1975
2829,2859,0,1,SELL,9993,2,1976
2866,2860,0,0,BUY,9994,19,1977
2866,2850,0,0,BUY,9995,6,1978
2829,2872,0,0,SELL,9993,11,1979
2829,2873,0,1,SELL,9993,10,1980
2839,2873,0,1,SELL,9993,2,1981
2839,2874,0,0,SELL,9993,15,1982
2844,2874,0,0,SELL,9993,16,1983
2788,2874,0,0,SELL,9992,11,1984
2875,2871,0,0,BUY,9994,11,1985
2879,2871,0,0,BUY,9994,19,1986
2885,2871,0,0,BUY,9994,15,1987
2885,2878,0,0,BUY,9994,1,1988
2788,2887,0,0,SELL,9992,6,1989
2793,2887,0,0,SELL,9992,23,1990
2818,2887,0,0,SELL,9992,21,1991
2818,2895,0,0,SELL,9992,13,1992
2818,2882,0,1,SELL,9992,2,1993
2823,2882,0,1,SELL,9992,3,1994
2823,2898,0,0,SELL,9992,40,1995
2903,2878,0,0,BUY,9994,13,1996
2903,2892,0,0,BUY,9994,13,1997
2823,2904,0,0,SELL,9992,2,1998
2823,2905,0,1,SELL,9992,5,1999
2828,2906,0,0,SELL,9992,10,2000
2828,2914,0,1,SELL,9992,7,2001
2828,2919,0,0,SELL,9992,10,2002
2926,2908,0,0,BUY,9993,22,2003
2926,2909,0,0,BUY,9993,8,2004
2784,2909,1,0,BUY,9993,8,2005
2828,2931,0,0,SELL,9992,17,2006
2835,2931,0,0,SELL,9992,1,2007
2835,2932,0,0,SELL,9992,4,2008
2837,2932,0,0,SELL,9992,9,2009
2837,2936,0,0,SELL,9992,6,2010
2848,2936,0,0,SELL,9992,12,2011
2709,2936,0,0,SELL,9991,10,2012
2937,2909,0,0,BUY,9993,6,2013
2937,2913,0,0,BUY,9993,11,2014
2938,2913,0,0,BUY,9993,2,2015
2939,2913,1,0,BUY,9993,16,2016
2943,2913,0,0,BUY,9993,5,2017
2943,2918,0,0,BUY,9993,11,2018
2943,2892,0,0,BUY,9994,1,2019
2944,2951,0,0,SELL,9992,30,2020
2945,2951,1,0,SELL,9992,2,2021
2955,2892,0,0,BUY,9994,5,2022
2955,2907,0,0,BUY,9994,40,2023
2957,2907,0,0,BUY,9994,1,2024
2957,2910,0,0,BUY,9994,6,2025
2957,2915,0,0,BUY,9994,9,2026
2966,2959,0,0,BUY,9993,10,2027
2966,2960,0,0,BUY,9993,1,2028
2953,2970,0,0,SELL,9992,11,2029
2953,2984,0,0,SELL,9992,13,2030
2965,2984,0,0,SELL,9992,4,2031
2783,2984,0,0,SELL,9991,13,2032
2992,2960,0,0,BUY,9993,19,2033
2992,2962,0,0,BUY,9993,17,2034
2992,2923,0,1,BUY,9993,9,2035
2992,2915,0,0,BUY,9994,1,2036
2989,2998,0,0,SELL,9992,12,2037
3000,2915,0,0,BUY,9994,2,2038
3000,2972,0,0,BUY,9994,41,2039
3000,2983,0,0,BUY,9994,1,2040
3001,2995,0,1,SELL,9993,20,2041
3008,2983,0,0,BUY,9994,24,2042
3008,2993,0,0,BUY,9994,15,2043
3010,2993,0,0,BUY,9994,12,2044
3001,3012,0,1,SELL,9993,17,2045
3002,3012,0,1,SELL,9993,2,2046
3014,2993,0,0,BUY,9994,4,2047
3014,3007,0,0,BUY,9994,3,2048
3002,3018,0,0,SELL,9993,16,2049
3002,3019,0,0,SELL,9993,9,2050
2989,3019,0,0,SELL,9992,8,2051
2783,3019,0,0,SELL,9991,13,2052
2783,3022,0,1,SELL,9991,2,2053
2806,3022,0,1,SELL,9991,14,2054
2806,3026,0,0,SELL,9991,24,2055
2813,3026,0,0,SELL,9991,14,2056
2813,3027,0,0,SELL,9991,26,2057
3030,3029,0,1,BUY,9993,14,2058
3030,3007,0,0,BUY,9994,24,2059
2813,3034,0,0,SELL,9991,2,2060
2813,3035,0,1,SELL,9991,3,2061
2841,3035,0,1,SELL,9991,9,2062
2841,3036,0,0,SELL,9991,1,2063
2841,3041,0,0,SELL,9991,18,2064
2852,3041,0,0,SELL,9991,4,2065
2852,3043,0,1,SELL,9991,1,2066
3045,3038,0,0,BUY,9992,4,2067
3047,3038,0,0,BUY,9992,20,2068
2852,3048,0,0,SELL,9991,28,2069
2863,3048,0,0,SELL,9991,1,2070
2877,3048,0,0,SELL,9991,18,2071
2877,3050,0,1,SELL,9991,3,2072
2883,3050,0,1,SELL,9991,7,2073
2883,3051,0,0,SELL,9991,21,2074
2934,3051,0,0,SELL,9991,9,2075
2958,3051,0,0,SELL,9991,3,2076
2958,3052,0,0,SELL,9991,22,2077
2958,3054,0,0,SELL,9991,10,2078
2958,3055,0,0,SELL,9991,15,2079
2963,3055,0,0,SELL,9991,2,2080
2963,3056,0,1,SELL,9991,14,2081
2963,3058,0,0,SELL,9991,10,2082
2968,3058,0,0,SELL,9991,4,2083
2974,3058,0,0,SELL,9991,10,2084
2975,3058,0,0,SELL,9991,19,2085
2975,3061,0,0,SELL,9991,3,2086
3063,3038,0,0,BUY,9992,14,2087
2975,3067,0,1,SELL,9991,18,2088
2975,3068,0,0,SELL,9991,3,2089
2705,3068,0,0,SELL,9990,12,2090
2707,3068,0,0,SELL,9990,12,2091
2711,3068,0,0,SELL,9990,1,2092
2711,3070,0,0,SELL,9990,16,2093
2713,3070,0,0,SELL,9990,26,2094
2713,3071,0,0,SELL,9990,22,2095
2807,3071,0,0,SELL,9990,1,2096
2807,3072,0,0,SELL,9990,10,2097
2807,3073,0,0,SELL,9990,17,2098
2825,3073,0,0,SELL,9990,24,2099
2825,3076,0,1,SELL,9990,13,2100
2825,3081,0,0,SELL,9990,4,2101
2825,3083,0,1,SELL,9990,3,2102
2830,3083,0,1,SELL,9990,9,2103
2830,3086,0,0,SELL,9990,21,2104
2897,3086,0,0,SELL,9990,12,2105
2897,3087,0,0,SELL,9990,14,2106
2947,3087,0,0,SELL,9990,1,2107
2980,3087,0,0,SELL,9990,19,2108
2980,3088,0,0,SELL,9990,4,2109
2980,3090,0,1,SELL,9990,4,2110
2980,3092,0,0,SELL,9990,4,2111
2981,3092,0,0,SELL,9990,5,2112
2985,3093,0,0,SELL,9990,25,2113
2985,3094,0,0,SELL,9990,17,2114
2997,3094,0,0,SELL,9990,28,2115
3095,3038,0,0,BUY,9992,8,2116
2997,3096,0,0,SELL,9990,3,2117
2999,3096,0,0,SELL,9990,3,2118
2685,3096,0,0,SELL,9989,3,2119
2685,3099,0,1,SELL,9989,1,2120
2685,3103,0,0,SELL,9989,16,2121
2706,3103,0,0,SELL,9989,10,2122
2802,3103,0,0,SELL,9989,15,2123
2802,3105,0,0,SELL,9989,26,2124
2854,3105,0,0,SELL,9989,3,2125
2854,3106,0,1,SELL,9989,6,2126
2854,3110,0,0,SELL,9989,37,2127
2881,3110,0,0,SELL,9989,9,2128
2881,3111,0,0,SELL,9989,31,2129
2881,3112,0,0,SELL,9989,5,2130
2881,3114,0,0,SELL,9989,3,2131
2894,3114,0,0,SELL,9989,1,2132
2894,3115,0,1,SELL,9989,16,2133
2935,3115,0,1,SELL,9989,1,2134
2935,3116,0,0,SELL,9989,35,2135
2948,3116,0,0,SELL,9989,2,2136
2948,3117,0,0,SELL,9989,7,2137
2954,3117,0,0,SELL,9989,19,2138
2982,3117,0,0,SELL,9989,3,2139
2982,3118,0,0,SELL,9989,5,2140
2982,3122,0,1,SELL,9989,8,2141
2982,3123,0,0,SELL,9989,25,2142
2678,3124,0,0,SELL,9988,31,2143
2805,3124,0,0,SELL,9988,7,2144
2805,3126,0,0,SELL,9988,3,2145
2805,3128,0,0,SELL,9988,13,2146
2821,3128,0,0,SELL,9988,17,2147
3129,3127,0,0,BUY,9989,2,2148
2821,3130,0,0,SELL,9988,4,2149
2857,3130,0,0,SELL,9988,34,2150
2864,3130,0,0,SELL,9988,10,2151
3131,3127,0,0,BUY,9989,39,2152
3131,3038,0,0,BUY,9992,1,2153
3131,3039,0,0,BUY,9993,3,2154
2864,3132,0,1,SELL,9988,6,2155
2867,3132,0,1,SELL,9988,6,2156
2867,3133,0,0,SELL,9988,6,2157
2896,3133,0,0,SELL,9988,13,2158
2896,3134,0,0,SELL,9988,5,2159
2896,3135,0,0,SELL,9988,15,2160
3139,3137,0,0,BUY,9989,15,2161
3139,3039,0,0,BUY,9993,13,2162
3139,3007,0,0,BUY,9994,10,2163
3139,3021,0,0,BUY,9994,10,2164
2896,3140,0,1,SELL,9988,10,2165
3142,3021,0,0,BUY,9994,5,2166
3142,3031,0,0,BUY,9994,3,2167
2902,3145,0,0,SELL,9988,16,2168
2925,3145,0,0,SELL,9988,24,2169
2964,3145,0,0,SELL,9988,9,2170
2964,3147,0,1,SELL,9988,2,2171
2964,3148,0,0,SELL,9988,7,2172
2964,3153,0,0,SELL,9988,27,2173
2991,3153,0,0,SELL,9988,8,2174
2991,3154,0,0,SELL,9988,24,2175
3003,3154,0,0,SELL,9988,8,2176
3155,3150,0,0,BUY,9990,11,2177
3003,3157,0,0,SELL,9988,14,2178
3003,3158,0,0,SELL,9988,25,2179
3159,3156,0,1,BUY,9989,3,2180
3159,3150,0,0,BUY,9990,6,2181
3003,3160,0,0,SELL,9988,2,2182
3004,3160,0,0,SELL,9988,14,2183
3013,3160,0,0,SELL,9988,8,2184
3023,3160,0,0,SELL,9988,4,2185
3023,3161,0,0,SELL,9988,13,2186
3024,3161,0,0,SELL,9988,25,2187
3024,3162,0,0,SELL,9988,12,2188
2194,3162,0,0,SELL,9987,4,2189
2194,3164,0,1,SELL,9987,2,2190
2207,3164,0,1,SELL,9987,1,2191
2207,3166,0,0,SELL,9987,3,2192
2207,3169,0,0,SELL,9987,4,2193
2231,3169,0,0,SELL,9987,2,2194
2240,3169,0,0,SELL,9987,18,2195
2304,3169,0,0,SELL,9987,18,2196
2304,3171,0,0,SELL,9987,7,2197
2452,3171,0,0,SELL,9987,15,2198
2475,3171,0,0,SELL,9987,25,2199
2475,3172,0,1,SELL,9987,8,2200
3179,3176,0,0,BUY,9988,16,2201
2475,3180,0,0,SELL,9987,16,2202
2677,3180,0,0,SELL,9987,7,2203
3181,3176,0,0,BUY,9988,1,2204
3185,3176,0,0,BUY,9988,10,2205
3185,3182,0,1,BUY,9988,10,2206
3185,3170,0,0,BUY,9989,1,2207
3185,3150,0,0,BUY,9990,11,2208
3186,3150,0,0,BUY,9990,11,2209
3193,3190,0,1,BUY,9989,10,2210
3196,3195,0,0,BUY,9988,24,2211
2677,3190,0,1,SELL,9987,5,2212
2812,3190,0,1,SELL,9987,2,2213
2812,3198,0,0,SELL,9987,23,2214
2814,3198,0,0,SELL,9987,15,2215
3199,3195,0,0,BUY,9988,25,2216
2814,3201,0,0,SELL,9987,21,2217
2865,3201,0,0,SELL,9987,19,2218
2865,3206,0,0,SELL,9987,13,2219
2868,3206,0,0,SELL,9987,5,2220
2870,3206,0,0,SELL,9987,17,2221
2870,3210,0,0,SELL,9987,4,2222
2870,3211,0,0,SELL,9987,1,2223
2880,3211,0,0,SELL,9987,13,2224
2880,3205,0,1,SELL,9987,2,2225
2901,3205,0,1,SELL,9987,14,2226
2901,3214,0,0,SELL,9987,12,2227
2917,3214,0,0,SELL,9987,30,2228
2920,3214,0,0,SELL,9987,1,2229
2920,3216,0,0,SELL,9987,5,2230
2920,3219,0,0,SELL,9987,12,2231
2920,3220,0,1,SELL,9987,16,2232
2920,3222,0,0,SELL,9987,15,2233
2986,3222,0,0,SELL,9987,17,2234
2986,3228,0,1,SELL,9987,4,2235
2986,3231,0,0,SELL,9987,4,2236
2986,3232,0,0,SELL,9987,15,2237
2987,3232,0,0,SELL,9987,22,2238
2987,3233,0,0,SELL,9987,3,2239
3011,3233,0,0,SELL,9987,16,2240
3011,3235,0,1,SELL,9987,8,2241
3016,3235,0,1,SELL,9987,8,2242
3016,3236,0,0,SELL,9987,1,2243
3238,3197,0,0,BUY,9988,38,2244
3016,3241,0,0,SELL,9987,5,2245
3016,3242,0,0,SELL,9987,17,2246
3243,3197,0,0,BUY,9988,10,2247
3243,3200,0,0,BUY,9988,18,2248
3016,3244,0,1,SELL,9987,1,2249
3246,3200,0,0,BUY,9988,24,2250
3246,3217,0,0,BUY,9988,7,2251
3016,3247,0,0,SELL,9987,15,2252
3028,3247,0,0,SELL,9987,15,2253
3028,3248,0,0,SELL,9987,6,2254
3028,3250,0,0,SELL,9987,2,2255
3042,3250,0,0,SELL,9987,7,2256
3044,3251,0,0,SELL,9987,10,2257
3044,3253,0,1,SELL,9987,4,2258
3044,3254,0,0,SELL,9987,11,2259
3256,3217,0,0,BUY,9988,16,2260
3044,3257,0,0,SELL,9987,8,2261
430,3257,0,0,SELL,9986,17,2262
430,3258,0,0,SELL,9986,3,2263
434,3258,0,0,SELL,9986,4,2264
434,3259,0,0,SELL,9986,31,2265
1659,3259,0,0,SELL,9986,4,2266
1659,3261,0,0,SELL,9986,19,2267
1659,3262,0,1,SELL,9986,14,2268
3264,3217,0,0,BUY,9988,23,2269
3264,3192,0,0,BUY,9989,2,2270
3265,3192,0,0,BUY,9989,8,2271
1659,3268,0,0,SELL,9986,11,2272
1669,3268,0,0,SELL,9986,11,2273
1669,3269,0,0,SELL,9986,2,2274
1669,3270,0,1,SELL,9986,9,2275
1669,3272,0,0,SELL,9986,21,2276
1913,3272,0,0,SELL,9986,15,2277
1913,3273,0,0,SELL,9986,1,2278
1921,3273,0,0,SELL,9986,6,2279
1921,3274,0,0,SELL,9986,3,2280
1956,3274,0,0,SELL,9986,30,2281
1956,3276,0,0,SELL,9986,10,2282
2087,3276,0,0,SELL,9986,28,2283
2201,3276,0,0,SELL,9986,2,2284
2217,3276,0,0,SELL,9986,6,2285
2217,3278,0,1,SELL,9986,7,2286
2217,3279,0,0,SELL,9986,7,2287
2217,3281,0,0,SELL,9986,30,2288
2241,3281,0,0,SELL,9986,18,2289
2241,3283,0,0,SELL,9986,5,2290
2241,3284,0,1,SELL,9986,13,2291
2241,3287,0,0,SELL,9986,4,2292
2272,3287,0,0,SELL,9986,3,2293
2293,3287,0,0,SELL,9986,12,2294
2293,3288,0,0,SELL,9986,6,2295
2293,3289,0,0,SELL,9986,4,2296
3290,3192,0,0,BUY,9989,28,2297
2293,3291,0,1,SELL,9986,16,2298
2293,3293,0,0,SELL,9986,1,2299
2293,3295,0,0,SELL,9986,4,2300
2316,3295,0,0,SELL,9986,17,2301
2316,3297,0,0,SELL,9986,11,2302
2325,3297,0,0,SELL,9986,30,2303
2325,3298,0,0,SELL,9986,11,2304
2442,3298,0,0,SELL,9986,1,2305
3301,3194,0,0,BUY,9989,21,2306
3301,3150,0,0,BUY,9990,1,2307
3301,3178,0,0,BUY,9990,1,2308
3301,3203,0,0,BUY,9990,4,2309
3301,3144,0,0,BUY,9991,8,2310
2442,3302,0,1,SELL,9986,10,2311
2442,3303,0,0,SELL,9986,4,2312
2448,3303,0,0,SELL,9986,1,2313
2465,3303,0,0,SELL,9986,34,2314
2542,3303,0,0,SELL,9986,4,2315
2542,3304,0,0,SELL,9986,32,2316
2542,3305,0,0,SELL,9986,6,2317
2633,3305,0,0,SELL,9986,3,2318
3306,3144,0,0,BUY,9991,19,2319
2633,3307,0,0,SELL,9986,2,2320
2633,3308,0,0,SELL,9986,13,2321
2633,3309,0,0,SELL,9986,16,2322
2675,3309,0,0,SELL,9986,1,2323
2675,3311,0,1,SELL,9986,11,2324
2675,3312,0,0,SELL,9986,8,2325
2675,3313,0,0,SELL,9986,10,2326
2862,3313,0,0,SELL,9986,12,2327
2869,3313,0,0,SELL,9986,19,2328
2888,3313,0,0,SELL,9986,2,2329
2888,3314,0,0,SELL,9986,11,2330
3315,3144,0,0,BUY,9991,11,2331
3315,3151,0,0,BUY,9991,31,2332
2888,3316,0,1,SELL,9986,4,2333
2888,3317,0,0,SELL,9986,16,2334
2888,3318,0,0,SELL,9986,6,2335
2890,3318,0,0,SELL,9986,44,2336
2890,3319,0,0,SELL,9986,5,2337
2891,3319,0,0,SELL,9986,12,2338
2893,3319,0,0,SELL,9986,15,2339
3321,3151,0,0,BUY,9991,16,2340
2893,3322,0,1,SELL,9986,19,2341
2899,3323,0,0,SELL,9986,6,2342
3324,3151,0,0,BUY,9991,1,2343
3324,3177,0,0,BUY,9991,36,2344
3324,3183,0,0,BUY,9991,2,2345
2899,3325,0,0,SELL,9986,39,2346
2899,3326,0,0,SELL,9986,4,2347
2900,3326,0,0,SELL,9986,4,2348
3015,3326,0,0,SELL,9986,27,2349
3327,3183,0,0,BUY,9991,6,2350
3327,3204,0,0,BUY,9991,22,2351
3015,3328,0,0,SELL,9986,10,2352
3017,3329,0,0,SELL,9986,36,2353
3025,3329,0,0,SELL,9986,7,2354
3025,3330,0,1,SELL,9986,16,2355
3025,3334,0,0,SELL,9986,3,2356
3025,3337,0,1,SELL,9986,3,2357
3040,3337,0,1,SELL,9986,5,2358
3040,3338,0,0,SELL,9986,11,2359
3040,3339,0,0,SELL,9986,18,2360
3040,3343,0,0,SELL,9986,10,2361
3191,3343,0,0,SELL,9986,23,2362
3191,3345,0,1,SELL,9986,12,2363
3191,3349,0,0,SELL,9986,10,2364
1658,3349,0,0,SELL,9985,20,2365
3350,3204,0,0,BUY,9991,17,2366
3350,3031,0,0,BUY,9994,8,2367
3350,3033,0,0,BUY,9994,21,2368
1658,3351,0,0,SELL,9985,13,2369
1658,3352,0,1,SELL,9985,9,2370
1835,3352,0,1,SELL,9985,5,2371
1835,3354,0,0,SELL,9985,42,2372
1885,3354,0,0,SELL,9985,6,2373
1885,3355,0,0,SELL,9985,35,2374
2468,3355,0,0,SELL,9985,2,2375
3356,3033,0,0,BUY,9994,2,2376
3356,2851,0,0,BUY,9995,7,2377
3356,2886,0,0,BUY,9995,4,2378
3356,2922,0,0,BUY,9995,12,2379
2468,3357,0,0,SELL,9985,7,2380
2468,3358,0,0,SELL,9985,6,2381
2477,3358,0,0,SELL,9985,13,2382
2477,3359,0,1,SELL,9985,4,2383
2477,3360,0,0,SELL,9985,23,2384
2503,3360,0,0,SELL,9985,9,2385
2579,3362,0,0,SELL,9985,31,2386
2625,3362,0,0,SELL,9985,3,2387
3363,2922,0,0,BUY,9995,16,2388
3364,2922,0,0,BUY,9995,20,2389
3364,2940,0,0,BUY,9995,7,2390
2625,3368,0,0,SELL,9985,19,2391
2625,3369,0,0,SELL,9985,17,2392
2671,3369,0,0,SELL,9985,1,2393
2671,3370,0,1,SELL,9985,9,2394
2671,3372,0,0,SELL,9985,4,2395
3375,2940,0,0,BUY,9995,14,2396
3375,2949,0,0,BUY,9995,7,2397
3375,2952,0,0,BUY,9995,19,2398
2671,3376,0,1,SELL,9985,1,2399
2671,3377,0,0,SELL,9985,23,2400
3378,2952,0,0,BUY,9995,16,2401
2671,3379,0,0,SELL,9985,10,2402
2912,3379,0,0,SELL,9985,11,2403
3020,3379,0,0,SELL,9985,20,2404
1881,3379,0,0,SELL,9984,7,2405
1881,3380,0,0,SELL,9984,12,2406
2198,3380,0,0,SELL,9984,22,2407
2498,3380,0,0,SELL,9984,6,2408
2498,3382,0,0,SELL,9984,10,2409
2498,3383,0,0,SELL,9984,17,2410
2506,3383,0,0,SELL,9984,2,2411
2525,3383,0,0,SELL,9984,8,2412
2581,3383,0,0,SELL,9984,8,2413
2581,3385,0,1,SELL,9984,6,2414
2581,3388,0,0,SELL,9984,5,2415
2591,3388,0,0,SELL,9984,10,2416
3393,2952,0,0,BUY,9995,5,2417
3393,2988,0,0,BUY,9995,23,2418
2591,3394,0,1,SELL,9984,6,2419
2591,3395,0,0,SELL,9984,14,2420
2594,3395,0,0,SELL,9984,10,2421
2597,3395,0,0,SELL,9984,11,2422
2597,3397,0,0,SELL,9984,25,2423
2621,3397,0,0,SELL,9984,5,2424
3046,3397,0,0,SELL,9984,10,2425
3046,3398,0,0,SELL,9984,6,2426
3085,3398,0,0,SELL,9984,41,2427
3085,3400,0,0,SELL,9984,6,2428
1708,3400,0,0,SELL,9983,9,2429
1708,3401,0,0,SELL,9983,38,2430
1714,3401,0,0,SELL,9983,3,2431
1714,3402,0,1,SELL,9983,6,2432
1714,3403,0,0,SELL,9983,8,2433
1728,3403,0,0,SELL,9983,1,2434
1728,3404,0,0,SELL,9983,30,2435
1822,3404,0,0,SELL,9983,7,2436
1822,3405,0,0,SELL,9983,16,2437
1836,3405,0,0,SELL,9983,7,2438
1836,3406,0,0,SELL,9983,33,2439
1886,3406,0,0,SELL,9983,9,2440
3410,2988,0,0,BUY,9995,22,2441
3410,2847,0,0,BUY,9996,1,2442
3411,2847,0,0,BUY,9996,15,2443
3411,2853,0,0,BUY,9996,24,2444
1886,3412,0,1,SELL,9983,6,2445
1886,3413,0,0,SELL,9983,4,2446
2220,3413,0,0,SELL,9983,1,2447
2309,3413,0,0,SELL,9983,39,2448
2493,3413,0,0,SELL,9983,3,2449
2493,3414,0,0,SELL,9983,4,2450
2499,3414,0,0,SELL,9983,33,2451
2499,3415,0,0,SELL,9983,8,2452
2543,3416,0,0,SELL,9983,26,2453
3417,2853,0,0,BUY,9996,3,2454
3417,2858,0,0,BUY,9996,8,2455
2543,3418,0,0,SELL,9983,2,2456
2577,3418,0,0,SELL,9983,6,2457
2582,3418,0,0,SELL,9983,2,2458
3078,3418,0,0,SELL,9983,21,2459
3078,3419,0,0,SELL,9983,20,2460
3091,3419,0,0,SELL,9983,6,2461
3125,3420,0,1,SELL,9983,2,2462
3125,3421,0,0,SELL,9983,3,2463
3175,3421,0,0,SELL,9983,38,2464
3175,3422,0,0,SELL,9983,9,2465
3207,3422,0,0,SELL,9983,40,2466
3207,3424,0,0,SELL,9983,9,2467
3208,3424,0,0,SELL,9983,29,2468
3425,2858,0,0,BUY,9996,12,2469
3425,2928,0,0,BUY,9996,37,2470
3208,3426,0,1,SELL,9983,12,2471
1704,3426,0,1,SELL,9982,5,2472
3428,2928,0,0,BUY,9996,4,2473
3428,2929,0,0,BUY,9996,16,2474
3430,2929,0,0,BUY,9996,5,2475
3430,2950,0,0,BUY,9996,15,2476
3431,2950,0,0,BUY,9996,22,2477
3431,2956,0,0,BUY,9996,22,2478
1704,3432,0,0,SELL,9982,11,2479
1704,3433,0,0,SELL,9982,10,2480
1821,3433,0,0,SELL,9982,1,2481
1821,3434,0,1,SELL,9982,8,2482
1821,3436,0,0,SELL,9982,30,2483
3437,2956,0,0,BUY,9996,20,2484
3437,2967,0,0,BUY,9996,7,2485
1821,3438,0,0,SELL,9982,10,2486
2483,3438,0,0,SELL,9982,15,2487
2483,3439,0,0,SELL,9982,3,2488
2517,3439,0,0,SELL,9982,11,2489
2518,3439,0,0,SELL,9982,6,2490
2518,3440,0,0,SELL,9982,23,2491
2518,3441,0,0,SELL,9982,3,2492
2526,3441,0,0,SELL,9982,26,2493
2526,3443,0,1,SELL,9982,15,2494
2526,3444,0,0,SELL,9982,4,2495
2526,3447,0,0,SELL,9982,3,2496
2592,3447,0,0,SELL,9982,3,2497
2592,3450,0,0,SELL,9982,22,2498
2598,3450,0,0,SELL,9982,22,2499
2598,3451,0,0,SELL,9982,26,2500
2604,3451,0,0,SELL,9982,3,2501
2604,3452,0,1,SELL,9982,1,2502
2604,3453,0,0,SELL,9982,28,2503
2604,3455,0,0,SELL,9982,18,2504
2628,3455,0,0,SELL,9982,9,2505
2628,3456,0,0,SELL,9982,30,2506
3057,3456,0,0,SELL,9982,16,2507
3057,3457,0,0,SELL,9982,5,2508
3057,3459,0,0,SELL,9982,19,2509
3059,3459,0,0,SELL,9982,26,2510
3460,2967,0,0,BUY,9996,26,2511
3460,2977,0,0,BUY,9996,5,2512
3136,3462,0,1,SELL,9982,12,2513
3136,3463,0,0,SELL,9982,10,2514
3136,3464,0,0,SELL,9982,12,2515
3138,3464,0,0,SELL,9982,10,2516
3143,3464,0,0,SELL,9982,2,2517
3143,3465,0,0,SELL,9982,6,2518
3146,3465,0,0,SELL,9982,8,2519
3165,3465,0,0,SELL,9982,8,2520
3173,3465,0,0,SELL,9982,21,2521
3184,3465,0,0,SELL,9982,6,2522
3466,2977,0,0,BUY,9996,30,2523
3466,2990,0,0,BUY,9996,1,2524
3467,2990,0,0,BUY,9996,20,2525
3467,2994,0,0,BUY,9996,18,2526
3467,3006,0,0,BUY,9996,3,2527
3184,3469,0,1,SELL,9982,17,2528
3184,3470,0,0,SELL,9982,1,2529
3184,3471,0,0,SELL,9982,3,2530
3187,3471,0,0,SELL,9982,27,2531
3218,3471,0,0,SELL,9982,13,2532
3472,3006,0,0,BUY,9996,35,2533
3218,3473,0,0,SELL,9982,18,2534
3227,3473,0,0,SELL,9982,3,2535
3227,3476,0,0,SELL,9982,35,2536
3227,3477,0,0,SELL,9982,5,2537
3227,3478,0,1,SELL,9982,6,2538
3229,3478,0,1,SELL,9982,4,2539
3229,3479,0,0,SELL,9982,9,2540
3230,3479,0,0,SELL,9982,30,2541
3230,3480,0,0,SELL,9982,18,2542
1713,3480,0,0,SELL,9981,29,2543
1759,3480,0,0,SELL,9981,1,2544
1759,3482,0,0,SELL,9981,3,2545
1759,3485,0,0,SELL,9981,4,2546
1759,3487,0,1,SELL,9981,13,2547
2535,3487,0,1,SELL,9981,6,2548
3488,3006,0,0,BUY,9996,10,2549
3488,3032,0,0,BUY,9996,1,2550
3488,2282,0,0,BUY,9997,9,2551
2535,3489,0,0,SELL,9981,24,2552
2535,3491,0,0,SELL,9981,3,2553
2553,3491,0,0,SELL,9981,25,2554
3062,3491,0,0,SELL,9981,1,2555
3062,3493,0,0,SELL,9981,17,2556
3100,3493,0,0,SELL,9981,5,2557
3100,3494,0,0,SELL,9981,14,2558
3120,3494,0,0,SELL,9981,15,2559
3152,3494,0,0,SELL,9981,14,2560
3152,3495,0,1,SELL,9981,15,2561
3152,3498,0,0,SELL,9981,15,2562
3202,3498,0,0,SELL,9981,4,2563
3212,3498,0,0,SELL,9981,3,2564
3212,3499,0,0,SELL,9981,14,2565
3212,3501,0,0,SELL,9981,24,2566
3223,3501,0,0,SELL,9981,3,2567
3224,3501,0,0,SELL,9981,10,2568
3224,3502,0,0,SELL,9981,24,2569
1742,3502,0,0,SELL,9980,13,2570
1742,3503,0,1,SELL,9980,5,2571
2559,3503,0,1,SELL,9980,1,2572
2559,3504,0,0,SELL,9980,35,2573
2559,3507,0,0,SELL,9980,3,2574
2572,3507,0,0,SELL,9980,22,2575
2574,3507,0,0,SELL,9980,7,2576
2574,3508,0,0,SELL,9980,8,2577
3049,3508,0,0,SELL,9980,1,2578
3060,3508,0,0,SELL,9980,19,2579
3060,3509,0,0,SELL,9980,16,2580
3060,3512,0,0,SELL,9980,14,2581
3066,3512,0,0,SELL,9980,8,2582
3066,3513,0,1,SELL,9980,4,2583
3066,3514,0,0,SELL,9980,30,2584
3069,3514,0,0,SELL,9980,14,2585
3069,3516,0,0,SELL,9980,19,2586
3075,3516,0,0,SELL,9980,16,2587
3075,3517,0,1,SELL,9980,14,2588
3520,2282,0,0,BUY,9997,16,2589
3520,2420,0,0,BUY,9997,1,2590
3082,3521,0,0,SELL,9980,21,2591
3082,3523,0,0,SELL,9980,4,2592
3082,3524,0,0,SELL,9980,4,2593
3108,3524,0,0,SELL,9980,3,2594
3108,3525,0,1,SELL,9980,11,2595
3108,3526,0,0,SELL,9980,29,2596
3109,3526,0,0,SELL,9980,1,2597
3109,3528,0,0,SELL,9980,41,2598
3109,3530,0,0,SELL,9980,1,2599
3226,3530,0,0,SELL,9980,9,2600
3234,3530,0,0,SELL,9980,19,2601
3240,3530,0,0,SELL,9980,15,2602
3240,3531,0,0,SELL,9980,30,2603
3240,3532,0,0,SELL,9980,1,2604
1788,3532,0,0,SELL,9979,37,2605
1788,3533,0,0,SELL,9979,2,2606
3053,3533,0,0,SELL,9979,13,2607
3053,3534,0,1,SELL,9979,6,2608
3065,3534,0,1,SELL,9979,7,2609
3065,3538,0,0,SELL,9979,3,2610
3065,3542,0,0,SELL,9979,31,2611
3077,3542,0,0,SELL,9979,5,2612
3077,3543,0,1,SELL,9979,16,2613
3098,3543,0,1,SELL,9979,3,2614
3098,3544,0,0,SELL,9979,28,2615
3101,3544,0,0,SELL,9979,5,2616
3101,3547,0,0,SELL,9979,9,2617
3548,2420,0,0,BUY,9997,10,2618
3548,2690,0,0,BUY,9997,15,2619
3101,3550,0,0,SELL,9979,5,2620
3102,3550,0,0,SELL,9979,18,2621
3102,3551,0,0,SELL,9979,8,2622
3102,3553,0,1,SELL,9979,10,2623
3102,3554,0,0,SELL,9979,4,2624
3104,3554,0,0,SELL,9979,18,2625
3104,3555,0,0,SELL,9979,30,2626
3104,3557,0,0,SELL,9979,1,2627
3104,3560,0,0,SELL,9979,1,2628
3168,3560,0,0,SELL,9979,2,2629
3215,3560,0,0,SELL,9979,10,2630
3237,3560,0,0,SELL,9979,11,2631
3239,3560,0,0,SELL,9979,7,2632
3239,3562,0,1,SELL,9979,10,2633
3255,3562,0,1,SELL,9979,9,2634
3255,3564,0,0,SELL,9979,15,2635
3260,3564,0,0,SELL,9979,5,2636
3266,3564,0,0,SELL,9979,22,2637
3266,3565,0,0,SELL,9979,10,2638
3266,3566,0,0,SELL,9979,5,2639
3266,3568,0,0,SELL,9979,9,2640
3275,3568,0,0,SELL,9979,25,2641
3275,3569,0,0,SELL,9979,5,2642
3296,3569,0,0,SELL,9979,11,2643
1791,3569,0,0,SELL,9978,6,2644
2562,3569,0,0,SELL,9978,18,2645
2562,3570,0,0,SELL,9978,9,2646
2562,3571,0,0,SELL,9978,12,2647
3271,3571,0,0,SELL,9978,11,2648
3271,3573,0,1,SELL,9978,4,2649
3271,3579,0,0,SELL,9978,1,2650
3286,3579,0,0,SELL,9978,29,2651
3310,3579,0,0,SELL,9978,4,2652
3310,3580,0,1,SELL,9978,15,2653
3310,3582,0,0,SELL,9978,9,2654
3113,3582,0,0,SELL,9977,13,2655
3583,2690,0,0,BUY,9997,21,2656
3583,2789,0,0,BUY,9997,5,2657
3113,3584,0,0,SELL,9977,19,2658
3245,3584,0,0,SELL,9977,7,2659
1751,3584,0,0,SELL,9976,2,2660
1751,3585,0,0,SELL,9976,1,2661
1751,3589,0,0,SELL,9976,32,2662
3252,3590,0,0,SELL,9976,8,2663
3252,3591,0,1,SELL,9976,9,2664
3252,3592,0,0,SELL,9976,1,2665
3267,3592,0,0,SELL,9976,11,2666
3285,3592,0,0,SELL,9976,19,2667
3594,2789,0,0,BUY,9997,5,2668
3332,3597,0,1,SELL,9976,10,2669
3332,3598,0,0,SELL,9976,34,2670
3335,3598,0,0,SELL,9976,5,2671
1747,3598,0,0,SELL,9975,11,2672
1747,3600,0,0,SELL,9975,28,2673
1747,3601,0,0,SELL,9975,7,2674
3263,3601,0,0,SELL,9975,10,2675
3263,3604,0,0,SELL,9975,28,2676
3277,3604,0,0,SELL,9975,15,2677
3277,3605,0,0,SELL,9975,20,2678
3277,3606,0,1,SELL,9975,4,2679
3331,3606,0,1,SELL,9975,9,2680
3331,3610,0,0,SELL,9975,14,2681
3282,3610,0,0,SELL,9974,1,2682
3282,3613,0,1,SELL,9974,8,2683
3282,3614,0,0,SELL,9974,1,2684
3282,3615,0,0,SELL,9974,33,2685
3282,3616,0,0,SELL,9974,4,2686
3282,3617,0,0,SELL,9974,1,2687
3341,3617,0,0,SELL,9974,2,2688
3341,3618,0,0,SELL,9974,27,2689
3342,3618,0,0,SELL,9974,11,2690
3342,3619,0,0,SELL,9974,16,2691
3346,3619,0,0,SELL,9974,31,2692
3346,3620,0,0,SELL,9974,19,2693
3348,3621,0,0,SELL,9974,7,2694
3348,3622,0,1,SELL,9974,5,2695
3348,3625,0,0,SELL,9974,24,2696
3627,3599,0,0,BUY,9976,34,2697
3348,3629,0,1,SELL,9974,5,2698
3348,3630,0,0,SELL,9974,1,2699
3320,3630,0,0,SELL,9973,45,2700
3333,3630,0,0,SELL,9973,1,2701
3333,3631,0,0,SELL,9973,1,2702
3632,3599,0,0,BUY,9976,2,2703
3632,3602,0,0,BUY,9976,23,2704
3633,3602,0,0,BUY,9976,24,2705
3633,3603,0,0,BUY,9976,2,2706
3633,3608,0,0,BUY,9976,2,2707
3333,3636,0,1,SELL,9973,4,2708
3333,3656,0,0,SELL,9973,15,2709
3336,3656,0,0,SELL,9973,1,2710
3367,3656,0,0,SELL,9973,2,2711
3640,3656,0,0,SELL,9973,31,2712
3640,3657,0,0,SELL,9973,13,2713
3649,3657,0,0,SELL,9973,29,2714
3649,3669,0,0,SELL,9973,6,2715
2945,3669,1,0,SELL,9973,7,2716
3344,3669,0,0,SELL,9972,25,2717
3672,3637,1,0,BUY,9974,5,2718
3344,3681,0,0,SELL,9972,14,2719
3373,3681,0,0,SELL,9972,5,2720
3682,3637,0,0,BUY,9974,19,2721
3682,3655,0,0,BUY,9975,6,2722
3679,3655,1,0,BUY,9975,20,2723
3373,3684,0,0,SELL,9972,36,2724
3374,3684,0,0,SELL,9972,9,2725
3686,3655,0,0,BUY,9975,17,2726
3687,3608,1,0,BUY,9976,2,2727
3687,3611,1,0,BUY,9976,10,2728
3686,3690,0,0,SELL,9975,14,2729
3685,3690,0,0,SELL,9974,6,2730
3691,3611,0,0,BUY,9976,36,2731
3691,3650,0,0,BUY,9976,12,2732
3703,3650,0,0,BUY,9976,14,2733
3705,3650,0,0,BUY,9976,22,2734
3705,3658,0,0,BUY,9976,11,2735
3705,3677,0,0,BUY,9976,1,2736
3705,3647,0,0,BUY,9977,2,2737
3705,3652,0,0,BUY,9977,7,2738
3705,3695,0,0,BUY,9977,3,2739
3700,3706,0,0,SELL,9975,21,2740
3700,3707,0,0,SELL,9975,6,2741
3685,3707,0,0,SELL,9974,32,2742
3685,3646,0,1,SELL,9974,6,2743
3713,3710,0,0,BUY,9976,13,2744
3713,3695,0,0,BUY,9977,5,2745
3685,3714,0,0,SELL,9974,3,2746
3692,3714,0,0,SELL,9974,34,2747
3715,3695,0,0,BUY,9977,18,2748
3692,3721,0,0,SELL,9974,3,2749
3697,3721,0,0,SELL,9974,3,2750
3694,3721,0,0,SELL,9973,44,2751
3694,3717,0,1,SELL,9973,3,2752
3699,3717,0,1,SELL,9973,1,2753
3699,3752,0,0,SELL,9973,19,2754
3726,3752,0,0,SELL,9973,1,2755
3735,3752,0,0,SELL,9973,9,2756
3735,3753,0,0,SELL,9973,8,2757
3735,3754,0,0,SELL,9973,14,2758
3639,3756,0,0,SELL,9972,46,2759
3762,3754,0,0,BUY,9973,12,2760
3639,3763,0,0,SELL,9972,3,2761
3641,3763,0,0,SELL,9972,5,2762
3645,3763,0,0,SELL,9972,20,2763
3765,3754,0,0,BUY,9973,10,2764
3766,3736,0,0,BUY,9974,21,2765
3765,3774,0,0,SELL,9973,18,2766
3645,3774,0,0,SELL,9972,8,2767
3781,3736,0,0,BUY,9974,23,2768
3781,3746,0,1,BUY,9974,4,2769
3781,3734,0,0,BUY,9975,20,2770
3785,3782,0,0,BUY,9973,8,2771
3645,3788,0,0,SELL,9972,1,2772
3662,3788,0,0,SELL,9972,19,2773
3663,3788,0,0,SELL,9972,15,2774
3663,3789,0,0,SELL,9972,20,2775
3663,3797,0,0,SELL,9972,10,2776
3674,3797,0,0,SELL,9972,23,2777
3675,3797,0,0,SELL,9972,1,2778
3701,3797,0,0,SELL,9972,5,2779
3701,3808,0,0,SELL,9972,11,2780
3724,3810,0,0,SELL,9972,26,2781
3728,3810,0,0,SELL,9972,9,2782
3728,3815,0,0,SELL,9972,4,2783
3738,3815,0,0,SELL,9972,12,2784
3760,3815,0,0,SELL,9972,9,2785
3777,3815,0,0,SELL,9972,17,2786
3817,3782,0,0,BUY,9973,13,2787
3347,3818,0,0,SELL,9971,27,2788
3365,3818,0,0,SELL,9971,9,2789
3371,3818,0,0,SELL,9971,9,2790
3371,3822,0,0,SELL,9971,3,2791
3693,3819,1,0,BUY,9972,5,2792
3371,3832,0,0,SELL,9971,7,2793
3834,3819,0,0,BUY,9972,1,2794
3834,3782,0,0,BUY,9973,10,2795
3836,3782,0,0,BUY,9973,11,2796
3371,3839,0,0,SELL,9971,4,2797
3628,3839,0,0,SELL,9971,30,2798
3643,3839,0,0,SELL,9971,8,2799
3840,3783,0,0,BUY,9973,7,2800
3840,3796,0,0,BUY,9973,3,2801
3840,3809,0,0,BUY,9973,34,2802
3840,3814,0,0,BUY,9973,2,2803
3643,3844,0,0,SELL,9971,22,2804
3648,3844,0,0,SELL,9971,9,2805
3648,3784,0,1,SELL,9971,9,2806
3666,3784,0,1,SELL,9971,3,2807
3676,3784,0,1,SELL,9971,5,2808
3676,3846,0,0,SELL,9971,23,2809
3716,3846,0,0,SELL,9971,2,2810
3716,3848,0,0,SELL,9971,9,2811
3722,3848,0,0,SELL,9971,35,2812
3850,3845,0,0,BUY,9972,2,2813
3850,3814,0,0,BUY,9973,20,2814
3722,3851,0,1,SELL,9971,4,2815
3722,3853,0,0,SELL,9971,11,2816
3759,3853,0,0,SELL,9971,12,2817
3759,3855,0,0,SELL,9971,11,2818
3776,3855,0,0,SELL,9971,8,2819
3776,3856,0,0,SELL,9971,10,2820
3786,3856,0,0,SELL,9971,10,2821
3790,3856,0,0,SELL,9971,5,2822
3826,3856,0,0,SELL,9971,10,2823
3826,3857,0,0,SELL,9971,20,2824
3831,3857,0,0,SELL,9971,22,2825
3831,3858,0,1,SELL,9971,6,2826
3340,3858,0,1,SELL,9970,6,2827
3340,3859,0,0,SELL,9970,25,2828
3340,3861,0,0,SELL,9970,8,2829
3595,3861,0,0,SELL,9970,17,2830
3595,3862,0,0,SELL,9970,11,2831
3595,3863,0,0,SELL,9970,7,2832
3865,3814,0,0,BUY,9973,21,2833
3865,3824,0,0,BUY,9973,22,2834
3866,3824,0,0,BUY,9973,9,2835
3866,3843,0,0,BUY,9973,5,2836
3595,3867,0,1,SELL,9970,4,2837
3596,3867,0,1,SELL,9970,1,2838
3623,3867,0,1,SELL,9970,8,2839
3623,3869,0,0,SELL,9970,28,2840
3651,3869,0,0,SELL,9970,16,2841
3651,3871,0,0,SELL,9970,9,2842
3653,3871,0,0,SELL,9970,3,2843
3654,3871,0,0,SELL,9970,9,2844
3654,3872,0,0,SELL,9970,4,2845
3654,3873,0,0,SELL,9970,6,2846
3654,3874,0,0,SELL,9970,20,2847
3750,3874,0,0,SELL,9970,12,2848
3750,3876,0,1,SELL,9970,2,2849
3878,3843,0,0,BUY,9973,29,2850
3880,3843,0,0,BUY,9973,3,2851
3880,3799,0,0,BUY,9974,26,2852
3880,3802,0,0,BUY,9974,9,2853
3750,3881,0,1,SELL,9970,5,2854
3750,3882,0,0,SELL,9970,19,2855
3791,3882,0,0,SELL,9970,24,2856
3792,3882,0,0,SELL,9970,6,2857
3792,3885,0,0,SELL,9970,1,2858
3792,3886,0,0,SELL,9970,12,2859
3792,3888,0,1,SELL,9970,6,2860
3792,3889,0,0,SELL,9970,11,2861
3804,3889,0,0,SELL,9970,15,2862
3829,3889,0,0,SELL,9970,4,2863
3361,3889,0,0,SELL,9969,11,2864
3381,3889,0,0,SELL,9969,8,2865
3890,3887,0,0,BUY,9971,20,2866
3891,3887,0,0,BUY,9971,1,2867
3381,3894,0,0,SELL,9969,11,2868
3392,3894,0,0,SELL,9969,7,2869
3895,3887,0,0,BUY,9971,10,2870
3895,3802,0,0,BUY,9974,10,2871
3392,3896,0,1,SELL,9969,8,2872
3392,3900,0,0,SELL,9969,7,2873
3609,3900,0,0,SELL,9969,7,2874
3609,3903,0,0,SELL,9969,18,2875
3661,3903,0,0,SELL,9969,8,2876
3661,3904,0,1,SELL,9969,5,2877
3661,3905,0,0,SELL,9969,31,2878
3661,3906,0,0,SELL,9969,3,2879
3665,3906,0,0,SELL,9969,13,2880
3668,3906,0,0,SELL,9969,7,2881
3668,3908,0,0,SELL,9969,5,2882
3718,3908,0,0,SELL,9969,2,2883
3732,3908,0,0,SELL,9969,28,2884
3732,3910,0,1,SELL,9969,16,2885
3732,3911,0,0,SELL,9969,4,2886
3733,3911,0,0,SELL,9969,35,2887
3733,3912,0,0,SELL,9969,9,2888
3739,3912,0,0,SELL,9969,9,2889
3755,3912,0,0,SELL,9969,21,2890
3800,3912,0,0,SELL,9969,2,2891
3800,3913,0,0,SELL,9969,7,2892
3811,3913,0,0,SELL,9969,27,2893
3811,3914,0,0,SELL,9969,19,2894
3813,3914,0,0,SELL,9969,4,2895
3366,3914,0,0,SELL,9968,19,2896
3366,3917,0,1,SELL,9968,1,2897
3918,3802,0,0,BUY,9974,18,2898
3918,3816,0,0,BUY,9974,21,2899
3918,3820,0,0,BUY,9974,7,2900
3918,3837,0,0,BUY,9974,4,2901
3366,3924,0,0,SELL,9968,10,2902
3390,3924,0,0,SELL,9968,18,2903
3396,3924,0,0,SELL,9968,3,2904
3396,3925,0,1,SELL,9968,11,2905
3396,3926,0,0,SELL,9968,12,2906
3408,3926,0,0,SELL,9968,14,2907
3408,3928,0,0,SELL,9968,1,2908
3581,3928,0,0,SELL,9968,44,2909
3586,3928,0,0,SELL,9968,1,2910
3586,3929,0,0,SELL,9968,14,2911
3586,3931,0,1,SELL,9968,1,2912
3719,3932,0,0,SELL,9968,33,2913
3730,3932,0,0,SELL,9968,10,2914
3730,3934,0,0,SELL,9968,24,2915
3737,3934,0,0,SELL,9968,6,2916
3740,3934,0,0,SELL,9968,13,2917
3740,3935,0,0,SELL,9968,2,2918
3740,3936,0,0,SELL,9968,26,2919
3749,3936,0,0,SELL,9968,24,2920
3749,3937,0,0,SELL,9968,18,2921
3770,3937,0,0,SELL,9968,23,2922
3770,3938,0,1,SELL,9968,2,2923
3787,3938,0,1,SELL,9968,5,2924
3939,3837,0,0,BUY,9974,10,2925
3939,3734,0,0,BUY,9975,21,2926
3939,3743,0,0,BUY,9975,13,2927
3787,3942,0,0,SELL,9968,42,2928
3795,3942,0,0,SELL,9968,6,2929
3795,3943,0,0,SELL,9968,35,2930
3798,3943,0,0,SELL,9968,9,2931
3798,3944,0,0,SELL,9968,39,2932
3821,3944,0,0,SELL,9968,4,2933
3821,3948,0,1,SELL,9968,3,2934
3821,3951,0,0,SELL,9968,8,2935
3505,3951,0,0,SELL,9967,40,2936
3505,3952,0,0,SELL,9967,6,2937
3518,3952,0,0,SELL,9967,24,2938
3519,3952,0,0,SELL,9967,11,2939
3519,3953,0,0,SELL,9967,34,2940
3519,3956,0,0,SELL,9967,1,2941
3546,3956,0,0,SELL,9967,20,2942
3546,3957,0,1,SELL,9967,19,2943
3546,3958,0,0,SELL,9967,2,2944
3546,3959,0,0,SELL,9967,8,2945
3563,3959,0,0,SELL,9967,20,2946
3635,3959,0,0,SELL,9967,6,2947
3635,3962,0,0,SELL,9967,7,2948
3744,3962,0,0,SELL,9967,4,2949
3751,3962,0,0,SELL,9967,29,2950
3769,3962,0,0,SELL,9967,9,2951
3769,3963,0,1,SELL,9967,3,2952
3769,3964,0,0,SELL,9967,14,2953
3779,3964,0,0,SELL,9967,18,2954
3779,3965,0,0,SELL,9967,5,2955
3966,3743,0,0,BUY,9975,25,2956
3779,3967,0,0,SELL,9967,4,2957
3779,3968,0,0,SELL,9967,9,2958
3803,3968,0,0,SELL,9967,11,2959
3803,3970,0,0,SELL,9967,22,2960
3803,3971,0,1,SELL,9967,3,2961
3803,3973,0,0,SELL,9967,2,2962
3841,3973,0,0,SELL,9967,13,2963
3387,3973,0,0,SELL,9966,27,2964
3387,3974,0,0,SELL,9966,6,2965
3387,3975,0,0,SELL,9966,2,2966
3423,3975,0,0,SELL,9966,7,2967
3539,3975,0,0,SELL,9966,7,2968
3540,3975,0,0,SELL,9966,3,2969
3540,3976,0,0,SELL,9966,7,2970
3567,3976,0,0,SELL,9966,17,2971
3574,3976,0,0,SELL,9966,8,2972
3977,3743,0,0,BUY,9975,10,2973
3977,3747,0,0,BUY,9975,23,2974
3977,3761,0,0,BUY,9975,3,2975
3977,3768,0,0,BUY,9975,13,2976
3574,3978,0,1,SELL,9966,9,2977
3574,3980,0,0,SELL,9966,15,2978
3574,3981,0,0,SELL,9966,11,2979
3574,3982,0,0,SELL,9966,5,2980
3578,3982,0,0,SELL,9966,22,2981
3578,3983,0,0,SELL,9966,11,2982
3985,3768,0,0,BUY,9975,13,2983
3985,3801,0,0,BUY,9975,9,2984
3578,3986,0,1,SELL,9966,3,2985
3587,3986,0,1,SELL,9966,10,2986
3989,3801,0,0,BUY,9975,5,2987
3989,3833,0,0,BUY,9975,4,2988
3587,3990,0,0,SELL,9966,33,2989
3593,3990,0,0,SELL,9966,3,2990
3593,3991,0,0,SELL,9966,35,2991
3593,3994,0,1,SELL,9966,1,2992
3748,3994,0,1,SELL,9966,19,2993
3748,3995,0,0,SELL,9966,16,2994
3842,3995,0,0,SELL,9966,22,2995
3842,3998,0,0,SELL,9966,12,2996
3879,3998,0,0,SELL,9966,19,2997
3879,3999,0,0,SELL,9966,7,2998
3386,3999,0,0,SELL,9965,5,2999
3510,3999,0,0,SELL,9965,26,3000
3511,3999,0,0,SELL,9965,4,3001
3511,4000,0,1,SELL,9965,3,3002
3511,4004,0,0,SELL,9965,25,3003
3527,4004,0,0,SELL,9965,7,3004
3527,4006,0,0,SELL,9965,8,3005
3558,4006,0,0,SELL,9965,24,3006
3558,4008,0,0,SELL,9965,16,3007
3588,4008,0,0,SELL,9965,6,3008
3883,4008,0,0,SELL,9965,7,3009
3391,4008,0,0,SELL,9964,7,3010
3483,4008,0,0,SELL,9964,8,3011
3483,4010,0,1,SELL,9964,4,3012
3483,4011,0,0,SELL,9964,27,3013
4012,3833,0,0,BUY,9975,1,3014
4012,3838,0,0,BUY,9975,32,3015
3483,4013,0,0,SELL,9964,7,3016
3486,4013,0,0,SELL,9964,18,3017
3496,4013,0,0,SELL,9964,7,3018
3496,4014,0,0,SELL,9964,4,3019
3522,4014,0,0,SELL,9964,17,3020
3537,4014,0,0,SELL,9964,8,3021
4016,3838,0,0,BUY,9975,18,3022
4016,3725,0,0,BUY,9976,2,3023
4016,3742,0,0,BUY,9976,10,3024
3537,4017,0,0,SELL,9964,7,3025
3556,4017,0,0,SELL,9964,28,3026
3561,4017,0,0,SELL,9964,9,3027
3561,4018,0,0,SELL,9964,19,3028
3561,4019,0,1,SELL,9964,5,3029
3575,4019,0,1,SELL,9964,14,3030
3575,4021,0,0,SELL,9964,36,3031
3823,4021,0,0,SELL,9964,6,3032
3847,4021,0,0,SELL,9964,6,3033
3847,4022,0,0,SELL,9964,23,3034
3899,4022,0,0,SELL,9964,15,3035
3899,4023,0,0,SELL,9964,17,3036
3407,4023,0,0,SELL,9963,10,3037
3407,4025,0,0,SELL,9963,17,3038
3492,4025,0,0,SELL,9963,19,3039
3549,4025,0,0,SELL,9963,10,3040
3549,4026,0,0,SELL,9963,7,3041
3549,4027,0,0,SELL,9963,14,3042
3549,4028,0,1,SELL,9963,15,3043
3549,4030,0,0,SELL,9963,4,3044
3572,4030,0,0,SELL,9963,3,3045
3572,4031,0,0,SELL,9963,31,3046
3576,4031,0,0,SELL,9963,2,3047
3870,4031,0,0,SELL,9963,6,3048
3870,4032,0,0,SELL,9963,14,3049
3877,4032,0,0,SELL,9963,27,3050
3877,4034,0,0,SELL,9963,12,3051
3884,4034,0,0,SELL,9963,1,3052
3884,4035,0,1,SELL,9963,10,3053
3898,4035,0,1,SELL,9963,4,3054
3898,4036,0,0,SELL,9963,18,3055
3901,4036,0,0,SELL,9963,11,3056
3901,4037,0,0,SELL,9963,8,3057
3442,4037,0,0,SELL,9962,19,3058
3461,4037,0,0,SELL,9962,7,3059
3461,4039,0,0,SELL,9962,26,3060
3475,4039,0,0,SELL,9962,16,3061
3536,4039,0,0,SELL,9962,3,3062
3536,4040,0,0,SELL,9962,30,3063
3860,4040,0,0,SELL,9962,16,3064
3860,4041,0,1,SELL,9962,6,3065
3864,4041,0,1,SELL,9962,6,3066
3864,4042,0,0,SELL,9962,9,3067
3864,4047,0,0,SELL,9962,9,3068
3875,4047,0,0,SELL,9962,18,3069
3897,4047,0,0,SELL,9962,21,3070
3897,4049,0,1,SELL,9962,8,3071
3448,4049,0,1,SELL,9961,5,3072
3448,4051,0,0,SELL,9961,13,3073
3448,4052,0,0,SELL,9961,4,3074
3484,4052,0,0,SELL,9961,11,3075
3500,4052,0,0,SELL,9961,20,3076
3500,4054,0,0,SELL,9961,8,3077
3852,4054,0,0,SELL,9961,16,3078
3868,4054,0,0,SELL,9961,9,3079
4055,3745,0,0,BUY,9976,4,3080
3868,4059,0,1,SELL,9961,2,3081
4060,3745,0,0,BUY,9976,11,3082
4060,3757,0,0,BUY,9976,7,3083
3868,4061,0,0,SELL,9961,22,3084
3868,4062,0,0,SELL,9961,16,3085
3893,4062,0,0,SELL,9961,2,3086
3454,4062,0,0,SELL,9960,29,3087
3490,4065,0,0,SELL,9960,15,3088
3490,4067,0,1,SELL,9960,7,3089
3849,4067,0,1,SELL,9960,4,3090
3849,4070,0,0,SELL,9960,17,3091
3854,4070,0,0,SELL,9960,8,3092
3854,4076,0,1,SELL,9960,11,3093
3909,4076,0,1,SELL,9960,1,3094
3919,4076,0,1,SELL,9960,7,3095
3919,4077,0,0,SELL,9960,14,3096
3919,4080,0,0,SELL,9960,10,3097
3427,4080,0,0,SELL,9959,8,3098
3427,4081,0,0,SELL,9959,20,3099
3445,4081,0,0,SELL,9959,7,3100
3902,4081,0,0,SELL,9959,18,3101
3902,4084,0,1,SELL,9959,2,3102
3907,4084,0,1,SELL,9959,16,3103
3907,4085,0,0,SELL,9959,21,3104
4086,4063,0,0,BUY,9961,31,3105
3907,4087,0,0,SELL,9959,1,3106
3920,4087,0,0,SELL,9959,29,3107
3920,4089,0,0,SELL,9959,7,3108
3435,4089,0,0,SELL,9958,19,3109
3923,4089,0,0,SELL,9958,9,3110
3923,4090,0,0,SELL,9958,11,3111
3930,4090,0,0,SELL,9958,21,3112
3930,4091,0,0,SELL,9958,4,3113
3429,4092,0,1,SELL,9957,13,3114
3429,4094,0,0,SELL,9957,6,3115
3915,4094,0,0,SELL,9956,19,3116
3941,4094,0,0,SELL,9956,14,3117
3941,4095,0,0,SELL,9956,19,3118
3921,4096,0,0,SELL,9955,6,3119
3922,4096,0,0,SELL,9955,7,3120
4100,4095,0,0,BUY,9956,6,3121
4100,4091,0,0,BUY,9958,18,3122
3922,4103,0,0,SELL,9955,4,3123
3927,4103,0,0,SELL,9955,30,3124
3927,4104,0,0,SELL,9955,5,3125
4082,4104,0,0,SELL,9955,32,3126
4105,4101,0,1,BUY,9956,1,3127
4105,4091,0,0,BUY,9958,9,3128
4105,4099,0,0,BUY,9958,7,3129
4082,4108,0,0,SELL,9955,9,3130
3933,4108,0,0,SELL,9954,29,3131
3933,4110,0,1,SELL,9954,18,3132
3933,4112,0,0,SELL,9954,2,3133
3946,4112,0,0,SELL,9954,22,3134
3946,4113,0,0,SELL,9954,10,3135
3949,4113,0,0,SELL,9954,6,3136
4069,4113,0,0,SELL,9954,12,3137
4079,4113,0,0,SELL,9954,8,3138
4024,4114,0,1,SELL,9953,11,3139
4024,4115,0,0,SELL,9953,7,3140
4033,4115,0,0,SELL,9953,11,3141
4033,4118,0,0,SELL,9953,10,3142
4044,4118,0,0,SELL,9953,6,3143
4044,4120,0,0,SELL,9953,23,3144
4123,4113,0,0,BUY,9954,4,3145
4123,4119,0,0,BUY,9954,30,3146
4123,4099,0,0,BUY,9958,3,3147
4123,4063,0,0,BUY,9961,4,3148
4044,4124,0,1,SELL,9953,9,3149
4044,4130,0,1,SELL,9953,10,3150
4044,4131,0,0,SELL,9953,2,3151
4053,4131,0,0,SELL,9953,14,3152
4053,4133,0,0,SELL,9953,6,3153
4053,4136,0,0,SELL,9953,7,3154
4064,4136,0,0,SELL,9953,8,3155
4068,4136,0,0,SELL,9953,13,3156
4068,4138,0,1,SELL,9953,7,3157
4068,4141,0,0,SELL,9953,8,3158
4071,4141,0,0,SELL,9953,24,3159
3972,4141,0,0,SELL,9952,1,3160
3972,4142,0,0,SELL,9952,6,3161
4144,4129,0,0,BUY,9954,23,3162
4144,4140,0,0,BUY,9954,7,3163
3972,4145,0,0,SELL,9952,24,3164
4066,4145,0,0,SELL,9952,25,3165
4066,4146,0,0,SELL,9952,6,3166
4073,4146,0,0,SELL,9952,16,3167
4073,4147,0,1,SELL,9952,10,3168
4149,4140,0,0,BUY,9954,3,3169
4149,4125,0,0,BUY,9955,17,3170
4093,4153,0,0,SELL,9952,4,3171
4098,4153,0,0,SELL,9952,9,3172
3945,4153,0,0,SELL,9951,16,3173
3945,4155,0,1,SELL,9951,9,3174
3945,4156,0,0,SELL,9951,15,3175
3950,4156,0,0,SELL,9951,11,3176
3954,4156,0,0,SELL,9951,4,3177
4157,4125,0,0,BUY,9955,24,3178
4157,4137,0,0,BUY,9955,24,3179
4159,4137,0,0,BUY,9955,19,3180
4159,4063,0,0,BUY,9961,6,3181
3955,4163,0,0,SELL,9951,6,3182
3955,4165,0,1,SELL,9951,3,3183
3955,4180,0,0,SELL,9951,12,3184
3961,4180,0,0,SELL,9951,20,3185
3969,4180,0,0,SELL,9951,16,3186
3969,4182,0,0,SELL,9951,1,3187
3969,4185,0,0,SELL,9951,4,3188
4043,4185,0,0,SELL,9951,7,3189
4050,4185,0,0,SELL,9951,2,3190
4056,4185,0,0,SELL,9951,20,3191
4056,4186,0,0,SELL,9951,10,3192
4056,4188,0,0,SELL,9951,18,3193
4057,4188,0,0,SELL,9951,17,3194
4057,4173,0,1,SELL,9951,9,3195
4057,4189,0,0,SELL,9951,5,3196
4074,4189,0,0,SELL,9951,6,3197
4075,4189,0,0,SELL,9951,1,3198
4075,4190,0,0,SELL,9951,19,3199
4075,4192,0,0,SELL,9951,8,3200
4075,4193,0,0,SELL,9951,2,3201
4083,4193,0,0,SELL,9951,12,3202
4083,4195,0,1,SELL,9951,5,3203
4083,4200,0,0,SELL,9951,24,3204
4088,4200,0,0,SELL,9951,3,3205
4088,4201,0,0,SELL,9951,22,3206
4088,4202,0,1,SELL,9951,20,3207
4088,4205,0,0,SELL,9951,5,3208
4107,4205,0,0,SELL,9951,30,3209
4107,4206,0,0,SELL,9951,16,3210
4007,4206,0,0,SELL,9950,1,3211
4015,4206,0,0,SELL,9950,9,3212
4029,4206,0,0,SELL,9950,22,3213
4029,4207,0,0,SELL,9950,12,3214
4029,4208,0,0,SELL,9950,11,3215
4046,4208,0,0,SELL,9950,11,3216
4048,4208,0,0,SELL,9950,28,3217
4048,4209,0,1,SELL,9950,3,3218
4048,4210,0,0,SELL,9950,7,3219
4072,4210,0,0,SELL,9950,13,3220
4127,4210,0,0,SELL,9950,27,3221
4211,4169,0,0,BUY,9952,19,3222
4127,4212,0,0,SELL,9950,6,3223
4127,4215,0,0,SELL,9950,12,3224
4128,4215,0,0,SELL,9950,18,3225
4128,4216,0,1,SELL,9950,2,3226
4128,4218,0,0,SELL,9950,12,3227
4128,4221,0,0,SELL,9950,3,3228
4175,4221,0,0,SELL,9950,36,3229
4175,4222,0,0,SELL,9950,1,3230
4175,4224,0,1,SELL,9950,5,3231
4178,4224,0,1,SELL,9950,7,3232
4225,4169,0,0,BUY,9952,22,3233
4225,4179,0,0,BUY,9952,8,3234
4178,4226,0,0,SELL,9950,2,3235
3947,4226,0,0,SELL,9949,14,3236
4227,4179,0,0,BUY,9952,13,3237
4227,4181,0,0,BUY,9952,15,3238
4228,4181,0,0,BUY,9952,18,3239
3947,4229,0,0,SELL,9949,17,3240
3960,4229,0,0,SELL,9949,1,3241
3984,4229,0,0,SELL,9949,17,3242
3984,4230,0,0,SELL,9949,17,3243
3988,4230,0,0,SELL,9949,3,3244
3988,4232,0,1,SELL,9949,9,3245
3988,4233,0,0,SELL,9949,13,3246
3988,4234,0,0,SELL,9949,7,3247
3988,4235,0,0,SELL,9949,13,3248
3988,4237,0,0,SELL,9949,5,3249
4001,4237,0,0,SELL,9949,11,3250
4001,4238,0,1,SELL,9949,4,3251
4001,4239,0,0,SELL,9949,7,3252
4002,4239,0,0,SELL,9949,21,3253
4240,4231,0,0,BUY,9950,23,3254
4002,4242,0,0,SELL,9949,8,3255
4005,4242,0,0,SELL,9949,7,3256
4020,4242,0,0,SELL,9949,15,3257
4020,4244,0,0,SELL,9949,17,3258
4038,4244,0,0,SELL,9949,18,3259
4249,4231,0,0,BUY,9950,21,3260
4249,4245,0,1,BUY,9951,17,3261
4249,4181,0,0,BUY,9952,9,3262
4249,4187,0,0,BUY,9952,3,3263
4038,4250,0,0,SELL,9949,7,3264
4045,4250,0,0,SELL,9949,23,3265
4045,4251,0,0,SELL,9949,16,3266
4058,4251,0,0,SELL,9949,15,3267
4253,4187,0,0,BUY,9952,30,3268
4253,4191,0,0,BUY,9952,2,3269
4254,4199,0,0,BUY,9952,31,3270
4254,4236,0,0,BUY,9952,12,3271
4256,4236,0,0,BUY,9952,19,3272
4256,4241,0,0,BUY,9952,25,3273
4257,4241,0,0,BUY,9952,6,3274
4257,4255,0,1,BUY,9952,17,3275
4257,4160,0,0,BUY,9953,4,3276
4058,4260,0,0,SELL,9949,5,3277
4106,4260,0,0,SELL,9949,12,3278
4174,4260,0,0,SELL,9949,4,3279
3835,4260,1,0,SELL,9949,17,3280
4109,4260,0,0,SELL,9948,9,3281
4109,4264,0,0,SELL,9948,33,3282
4269,4262,0,0,BUY,9951,10,3283
4272,4262,0,0,BUY,9951,32,3284
4277,4266,0,1,BUY,9950,11,3285
4277,4262,0,0,BUY,9951,6,3286
4277,4261,0,0,BUY,9952,18,3287
4288,4278,0,0,BUY,9950,2,3288
4288,4285,0,0,BUY,9950,27,3289
4268,4283,0,1,SELL,9949,13,3290
4268,4292,0,0,SELL,9949,18,3291
4109,4292,0,0,SELL,9948,7,3292
4134,4292,0,0,SELL,9948,9,3293
4134,4294,0,0,SELL,9948,7,3294
4298,4285,0,0,BUY,9950,6,3295
4298,4291,0,0,BUY,9950,3,3296
4298,4296,0,1,BUY,9950,12,3297
4298,4286,0,0,BUY,9951,20,3298
4298,4295,0,0,BUY,9951,6,3299
4134,4303,0,1,SELL,9948,7,3300
4304,4295,0,0,BUY,9951,4,3301
4304,4301,0,0,BUY,9951,35,3302
4134,4305,0,0,SELL,9948,24,3303
4135,4305,0,0,SELL,9948,9,3304
4306,4301,0,0,BUY,9951,13,3305
4306,4261,0,0,BUY,9952,2,3306
4306,4270,0,0,BUY,9952,27,3307
4308,4270,0,0,BUY,9952,17,3308
4308,4273,0,0,BUY,9952,7,3309
4309,4273,0,0,BUY,9952,26,3310
4309,4279,0,0,BUY,9952,7,3311
4135,4311,0,1,SELL,9948,5,3312
4135,4312,0,0,SELL,9948,29,3313
4171,4312,0,0,SELL,9948,5,3314
4171,4313,0,0,SELL,9948,22,3315
4184,4313,0,0,SELL,9948,10,3316
4184,4314,0,0,SELL,9948,37,3317
4252,4315,0,0,SELL,9948,15,3318
4271,4315,0,0,SELL,9948,26,3319
4316,4279,0,0,BUY,9952,30,3320
4316,4282,0,0,BUY,9952,19,3321
4271,4317,0,0,SELL,9948,7,3322
3979,4317,0,0,SELL,9947,30,3323
3979,4318,0,1,SELL,9947,17,3324
3992,4318,0,1,SELL,9947,1,3325
4164,4320,0,0,SELL,9947,29,3326
4164,4321,0,0,SELL,9947,5,3327
4275,4321,0,0,SELL,9947,5,3328
4280,4321,0,0,SELL,9947,14,3329
3987,4321,0,0,SELL,9946,2,3330
3993,4321,0,0,SELL,9946,3,3331
3996,4321,0,0,SELL,9946,15,3332
3996,4323,0,0,SELL,9946,21,3333
3997,4323,0,0,SELL,9946,6,3334
4116,4323,0,0,SELL,9946,14,3335
4329,4327,0,0,BUY,9947,18,3336
4116,4337,0,0,SELL,9946,17,3337
4132,4337,0,0,SELL,9946,3,3338
4132,4339,0,0,SELL,9946,29,3339
4143,4339,0,0,SELL,9946,13,3340
4143,4326,0,1,SELL,9946,10,3341
4143,4342,0,0,SELL,9946,17,3342
4154,4342,0,0,SELL,9946,30,3343
4158,4342,0,0,SELL,9946,3,3344
4345,4327,0,0,BUY,9947,11,3345
4345,4334,0,0,BUY,9947,14,3346
4345,4343,0,0,BUY,9947,10,3347
4158,4346,0,0,SELL,9946,13,3348
4158,4347,0,1,SELL,9946,1,3349
4348,4343,0,0,BUY,9947,12,3350
4349,4343,0,0,BUY,9947,12,3351
4349,4319,0,0,BUY,9948,10,3352
4158,4350,0,0,SELL,9946,27,3353
4167,4350,0,0,SELL,9946,5,3354
4167,4352,0,1,SELL,9946,8,3355
4353,4319,0,0,BUY,9948,5,3356
4353,4328,0,0,BUY,9948,31,3357
4167,4355,0,0,SELL,9946,8,3358
4167,4357,0,0,SELL,9946,6,3359
4167,4359,0,1,SELL,9946,8,3360
4167,4361,0,0,SELL,9946,15,3361
4183,4361,0,0,SELL,9946,28,3362
4183,4362,0,0,SELL,9946,16,3363
4197,4362,0,0,SELL,9946,33,3364
4197,4363,0,0,SELL,9946,16,3365
4246,4365,0,0,SELL,9946,18,3366
4259,4365,0,0,SELL,9946,20,3367
4259,4368,0,1,SELL,9946,9,3368
4267,4372,0,0,SELL,9946,33,3369
4111,4372,0,0,SELL,9945,13,3370
4111,4374,0,0,SELL,9945,22,3371
4126,4374,0,0,SELL,9945,17,3372
4139,4374,0,0,SELL,9945,10,3373
4139,4377,0,1,SELL,9945,14,3374
4151,4377,0,1,SELL,9945,2,3375
4161,4377,0,1,SELL,9945,1,3376
4161,4378,0,0,SELL,9945,27,3377
4161,4379,0,0,SELL,9945,1,3378
4194,4379,0,0,SELL,9945,9,3379
4194,4380,0,0,SELL,9945,16,3380
4243,4380,0,0,SELL,9945,32,3381
4381,4328,0,0,BUY,9948,1,3382
4243,4382,0,0,SELL,9945,9,3383
4247,4382,0,0,SELL,9945,15,3384
4248,4382,0,0,SELL,9945,23,3385
4248,4385,0,0,SELL,9945,2,3386
4276,4385,0,0,SELL,9945,10,3387
4333,4385,0,0,SELL,9945,7,3388
4148,4385,0,0,SELL,9944,1,3389
4258,4385,0,0,SELL,9944,17,3390
4258,4386,0,1,SELL,9944,11,3391
4293,4386,0,1,SELL,9944,4,3392
4293,4387,0,0,SELL,9944,20,3393
4293,4388,0,0,SELL,9944,19,3394
4302,4388,0,0,SELL,9944,24,3395
4117,4389,0,0,SELL,9943,15,3396
4203,4389,0,0,SELL,9943,10,3397
4203,4390,0,0,SELL,9943,1,3398
4203,4391,0,0,SELL,9943,8,3399
4289,4391,0,0,SELL,9943,6,3400
4297,4391,0,0,SELL,9943,35,3401
4297,4392,0,1,SELL,9943,5,3402
4310,4392,0,1,SELL,9943,11,3403
4310,4394,0,0,SELL,9943,5,3404
4332,4394,0,0,SELL,9943,7,3405
4338,4394,0,0,SELL,9943,28,3406
4196,4394,0,0,SELL,9942,7,3407
4196,4396,0,0,SELL,9942,32,3408
4198,4396,0,0,SELL,9942,5,3409
4198,4397,0,0,SELL,9942,1,3410
4398,4328,0,0,BUY,9948,1,3411
4398,4325,0,0,BUY,9949,21,3412
4198,4399,0,0,SELL,9942,22,3413
4198,4400,0,1,SELL,9942,7,3414
4198,4401,0,0,SELL,9942,13,3415
4217,4401,0,0,SELL,9942,4,3416
4217,4403,0,0,SELL,9942,15,3417
4217,4404,0,0,SELL,9942,3,3418
4217,4405,0,0,SELL,9942,10,3419
4220,4405,0,0,SELL,9942,13,3420
4307,4405,0,0,SELL,9942,9,3421
4307,4406,0,0,SELL,9942,19,3422
4307,4407,0,0,SELL,9942,7,3423
4322,4407,0,0,SELL,9942,20,3424
4322,4408,0,0,SELL,9942,17,3425
4335,4408,0,0,SELL,9942,19,3426
4336,4409,0,1,SELL,9942,17,3427
4336,4411,0,0,SELL,9942,8,3428
4336,4413,0,0,SELL,9942,9,3429
4204,4413,0,0,SELL,9941,28,3430
4214,4415,0,0,SELL,9941,5,3431
4214,4416,0,0,SELL,9941,21,3432
4324,4416,0,0,SELL,9941,5,3433
4324,4418,0,0,SELL,9941,13,3434
4331,4418,0,0,SELL,9941,10,3435
4331,4419,0,1,SELL,9941,7,3436
4340,4419,0,1,SELL,9941,10,3437
4340,4420,0,0,SELL,9941,8,3438
4341,4420,0,0,SELL,9941,24,3439
4219,4420,0,0,SELL,9940,7,3440
4421,4325,0,0,BUY,9949,9,3441
4421,4282,0,0,BUY,9952,2,3442
4219,4422,0,0,SELL,9940,16,3443
4219,4423,0,0,SELL,9940,9,3444
4213,4424,0,1,SELL,9939,15,3445
4213,4428,0,0,SELL,9939,32,3446
4223,4428,0,0,SELL,9939,10,3447
4354,4428,0,0,SELL,9939,6,3448
4354,4431,0,0,SELL,9939,36,3449
4354,4432,0,1,SELL,9939,2,3450
4356,4432,0,1,SELL,9939,4,3451
4356,4433,0,0,SELL,9939,27,3452
4369,4433,0,0,SELL,9939,4,3453
4434,4423,0,0,BUY,9940,20,3454
4369,4436,0,0,SELL,9939,11,3455
4437,4423,0,0,BUY,9940,8,3456
4437,4427,0,0,BUY,9942,1,3457
4437,4282,0,0,BUY,9952,10,3458
4369,4438,0,0,SELL,9939,18,3459
4375,4438,0,0,SELL,9939,19,3460
4375,4439,0,0,SELL,9939,6,3461
4440,4282,0,0,BUY,9952,2,3462
4440,4330,0,0,BUY,9952,3,3463
4375,4441,0,0,SELL,9939,2,3464
4366,4444,0,0,SELL,9938,1,3465
4384,4444,0,0,SELL,9938,7,3466
4445,4441,0,0,BUY,9939,21,3467
4384,4447,0,0,SELL,9938,6,3468
4344,4447,0,0,SELL,9937,13,3469
4351,4447,0,0,SELL,9937,31,3470
4351,4448,0,0,SELL,9937,14,3471
4358,4448,0,0,SELL,9937,29,3472
4360,4449,0,0,SELL,9937,27,3473
4364,4451,0,0,SELL,9937,14,3474
4456,4441,0,0,BUY,9939,13,3475
4464,4441,0,0,BUY,9939,2,3476
4464,4454,0,0,BUY,9939,15,3477
4364,4466,0,0,SELL,9937,9,3478
4367,4466,0,0,SELL,9937,19,3479
4373,4466,0,0,SELL,9937,16,3480
4467,4442,0,1,BUY,9938,2,3481
4467,4454,0,0,BUY,9939,26,3482
4467,4455,0,0,BUY,9939,5,3483
4467,4463,0,0,BUY,9939,14,3484
4373,4468,0,0,SELL,9937,15,3485
4376,4468,0,0,SELL,9937,9,3486
4376,4469,0,0,SELL,9937,9,3487
4393,4469,0,0,SELL,9937,26,3488
4470,4463,0,0,BUY,9939,8,3489
4470,4453,0,0,BUY,9940,16,3490
4470,4465,0,0,BUY,9940,7,3491
4393,4474,0,1,SELL,9937,1,3492
4402,4474,0,1,SELL,9937,8,3493
4402,4475,0,0,SELL,9937,1,3494
4402,4477,0,0,SELL,9937,12,3495
4402,4483,0,1,SELL,9937,13,3496
4402,4484,0,0,SELL,9937,10,3497
4443,4484,0,0,SELL,9937,9,3498
4460,4484,0,0,SELL,9937,10,3499
4460,4486,0,0,SELL,9937,39,3500
4370,4486,0,0,SELL,9936,4,3501
4370,4489,0,0,SELL,9936,2,3502
4370,4491,0,0,SELL,9936,3,3503
4383,4491,0,0,SELL,9936,13,3504
4425,4491,0,0,SELL,9936,13,3505
4425,4492,0,0,SELL,9936,2,3506
4425,4493,0,1,SELL,9936,11,3507
4426,4493,0,1,SELL,9936,6,3508
4426,4495,0,0,SELL,9936,17,3509
4457,4495,0,0,SELL,9936,18,3510
4457,4496,0,0,SELL,9936,15,3511
4371,4496,0,0,SELL,9935,3,3512
4371,4497,0,0,SELL,9935,31,3513
4371,4498,0,0,SELL,9935,4,3514
4414,4498,0,0,SELL,9935,30,3515
4417,4498,0,0,SELL,9935,11,3516
4499,4487,0,0,BUY,9937,22,3517
4499,4471,0,0,BUY,9938,8,3518
4417,4500,0,0,SELL,9935,9,3519
4395,4500,0,0,SELL,9934,19,3520
4513,4502,0,1,BUY,9935,1,3521
4395,4524,0,0,SELL,9934,27,3522
4512,4524,0,0,SELL,9934,12,3523
4430,4524,0,0,SELL,9933,5,3524
4530,4540,0,0,SELL,9934,2,3525
4546,4514,0,0,BUY,9935,36,3526
4530,4552,0,0,SELL,9934,10,3527
4530,4556,0,0,SELL,9934,4,3528
4557,4514,0,0,BUY,9935,8,3529
4557,4506,0,0,BUY,9936,4,3530
4558,4506,0,0,BUY,9936,16,3531
4265,4506,1,0,BUY,9936,18,3532
4561,4506,0,0,BUY,9936,9,3533
4561,4507,0,0,BUY,9936,8,3534
4561,4508,0,0,BUY,9936,16,3535
4530,4569,0,0,SELL,9934,9,3536
4535,4569,0,0,SELL,9934,20,3537
4535,4571,0,0,SELL,9934,22,3538
4548,4571,0,0,SELL,9934,4,3539
4548,4578,0,0,SELL,9934,7,3540
4559,4578,0,0,SELL,9934,7,3541
4565,4578,0,0,SELL,9934,3,3542
4430,4578,0,0,SELL,9933,9,3543
4582,4502,0,1,BUY,9934,19,3544
4587,4581,0,0,BUY,9934,18,3545
4587,4577,0,0,BUY,9935,21,3546
4430,4591,0,0,SELL,9933,11,3547
4430,4593,0,0,SELL,9933,18,3548
4516,4593,0,0,SELL,9933,32,3549
4522,4589,0,1,SELL,9933,10,3550
4522,4596,0,0,SELL,9933,24,3551
4522,4597,0,0,SELL,9933,2,3552
4554,4597,0,0,SELL,9933,13,3553
4560,4597,0,0,SELL,9933,6,3554
4562,4597,0,0,SELL,9933,24,3555
4562,4599,0,1,SELL,9933,1,3556
4568,4599,0,1,SELL,9933,10,3557
4429,4599,0,1,SELL,9932,1,3558
4429,4602,0,0,SELL,9932,7,3559
4603,4598,0,0,BUY,9934,46,3560
4429,4608,0,1,SELL,9932,9,3561
4461,4608,0,1,SELL,9932,7,3562
4461,4609,0,0,SELL,9932,6,3563
4461,4613,0,0,SELL,9932,24,3564
4494,4613,0,0,SELL,9932,7,3565
4614,4604,0,0,BUY,9933,24,3566
4494,4618,0,0,SELL,9932,6,3567
4494,4619,0,0,SELL,9932,6,3568
4620,4604,0,0,BUY,9933,21,3569
4620,4600,0,0,BUY,9934,6,3570
4628,4624,0,0,BUY,9933,18,3571
4628,4626,0,0,BUY,9933,4,3572
4494,4629,0,0,SELL,9932,22,3573
4494,4630,0,0,SELL,9932,8,3574
4520,4630,0,0,SELL,9932,14,3575
4633,4626,0,0,BUY,9933,33,3576
4633,4600,0,0,BUY,9934,16,3577
4520,4634,0,0,SELL,9932,20,3578
4525,4634,0,0,SELL,9932,20,3579
4536,4634,0,0,SELL,9932,7,3580
4536,4640,0,0,SELL,9932,15,3581
4541,4640,0,0,SELL,9932,7,3582
4567,4600,1,0,BUY,9934,8,3583
4541,4643,0,0,SELL,9932,34,3584
4644,4646,0,0,SELL,9933,15,3585
4585,4646,0,0,SELL,9932,4,3586
4658,4600,0,0,BUY,9934,10,3587
4658,4601,0,0,BUY,9934,11,3588
4661,4601,0,0,BUY,9934,37,3589
4661,4610,0,0,BUY,9934,1,3590
4663,4610,0,0,BUY,9934,18,3591
4665,4610,0,0,BUY,9934,4,3592
4665,4577,0,0,BUY,9935,23,3593
4665,4612,0,0,BUY,9935,9,3594
4668,4612,0,0,BUY,9935,16,3595
4668,4636,0,0,BUY,9935,9,3596
4672,4636,0,0,BUY,9935,14,3597
4672,4639,0,0,BUY,9935,8,3598
4672,4650,0,0,BUY,9935,11,3599
4673,4650,0,0,BUY,9935,28,3600
4673,4508,0,0,BUY,9936,17,3601
4673,4511,0,0,BUY,9936,5,3602
4648,4511,1,0,BUY,9936,13,3603
4676,4691,0,0,SELL,9935,35,3604
4694,4511,0,0,BUY,9936,22,3605
4694,4521,0,0,BUY,9936,23,3606
4694,4550,0,0,BUY,9936,3,3607
4699,4550,0,0,BUY,9936,1,3608
4699,4551,0,0,BUY,9936,29,3609
4699,4575,0,0,BUY,9936,5,3610
4676,4700,0,0,SELL,9935,2,3611
4702,4575,0,0,BUY,9936,3,3612
4702,4594,0,0,BUY,9936,29,3613
4702,4623,0,0,BUY,9936,7,3614
4676,4616,0,1,SELL,9935,5,3615
4685,4616,0,1,SELL,9935,5,3616
4687,4616,0,1,SELL,9935,3,3617
4687,4706,0,0,SELL,9935,4,3618
4669,4706,0,0,SELL,9934,13,3619
4669,4707,0,0,SELL,9934,3,3620
4678,4707,0,0,SELL,9934,5,3621
4679,4707,0,0,SELL,9934,25,3622
4679,4712,0,1,SELL,9934,3,3623
4679,4714,0,0,SELL,9934,8,3624
4698,4714,0,0,SELL,9934,10,3625
4718,4713,0,0,BUY,9935,6,3626
4718,4623,0,0,BUY,9936,28,3627
4718,4637,0,0,BUY,9936,15,3628
4698,4720,0,1,SELL,9934,2,3629
4724,4637,0,0,BUY,9936,10,3630
4724,4657,0,0,BUY,9936,10,3631
4698,4728,0,0,SELL,9934,2,3632
4727,4728,0,0,SELL,9934,5,3633
4656,4728,0,0,SELL,9933,19,3634
4675,4728,0,0,SELL,9933,12,3635
4730,4657,0,0,BUY,9936,10,3636
4733,4657,0,0,BUY,9936,1,3637
4695,4734,1,0,SELL,9935,10,3638
4695,4735,1,0,SELL,9935,4,3639
4695,4657,1,0,BUY,9936,2,3640
4736,4657,0,0,BUY,9936,10,3641
4738,4657,0,0,BUY,9936,12,3642
4738,4711,0,0,BUY,9936,5,3643
4739,4711,0,0,BUY,9936,19,3644
4731,4741,0,0,SELL,9934,21,3645
4740,4741,0,0,SELL,9934,19,3646
4742,4711,0,0,BUY,9936,20,3647
4742,4719,0,0,BUY,9936,7,3648
4743,4719,0,0,BUY,9936,21,3649
4744,4719,1,0,BUY,9936,18,3650
4745,4719,0,0,BUY,9936,3,3651
4747,4722,0,0,BUY,9936,4,3652
4747,4726,0,0,BUY,9936,12,3653
4747,4501,0,0,BUY,9937,2,3654
4749,4501,0,0,BUY,9937,12,3655
4749,4503,0,0,BUY,9937,5,3656
4749,4509,0,0,BUY,9937,1,3657
4755,4509,0,0,BUY,9937,8,3658
4755,4515,0,0,BUY,9937,6,3659
4756,4515,0,0,BUY,9937,11,3660
4756,4528,0,0,BUY,9937,25,3661
4752,4528,1,0,BUY,9937,3,3662
4752,4532,1,0,BUY,9937,5,3663
4763,4532,0,0,BUY,9937,10,3664
4763,4570,0,0,BUY,9937,9,3665
4763,4584,0,0,BUY,9937,12,3666
4764,4584,0,0,BUY,9937,19,3667
4754,4729,0,1,SELL,9936,14,3668
4754,4781,0,0,SELL,9936,4,3669
4748,4781,0,0,SELL,9935,20,3670
4753,4781,0,0,SELL,9935,18,3671
4753,4783,0,0,SELL,9935,9,3672
4772,4783,0,0,SELL,9935,22,3673
4772,4784,0,0,SELL,9935,11,3674
4787,4785,0,1,BUY,9936,5,3675
4787,4584,0,0,BUY,9937,7,3676
4772,4792,0,0,SELL,9935,8,3677
4740,4792,0,0,SELL,9934,7,3678
4759,4792,0,0,SELL,9934,20,3679
4675,4792,0,0,SELL,9933,3,3680
4675,4796,0,0,SELL,9933,15,3681
4675,4794,0,1,SELL,9933,4,3682
4682,4794,0,1,SELL,9933,13,3683
4682,4801,0,0,SELL,9933,15,3684
4693,4801,0,0,SELL,9933,14,3685
4723,4802,0,0,SELL,9933,15,3686
4758,4802,0,0,SELL,9933,12,3687
4803,4790,0,0,BUY,9936,11,3688
4758,4804,0,0,SELL,9933,23,3689
4779,4804,0,0,SELL,9933,17,3690
4779,4808,0,0,SELL,9933,26,3691
4585,4809,0,0,SELL,9932,27,3692
4638,4809,0,0,SELL,9932,5,3693
4638,4814,0,0,SELL,9932,4,3694
4645,4814,0,0,SELL,9932,7,3695
4645,4815,0,0,SELL,9932,25,3696
4645,4816,0,0,SELL,9932,17,3697
4653,4816,0,0,SELL,9932,17,3698
4667,4816,0,0,SELL,9932,13,3699
4667,4818,0,0,SELL,9932,14,3700
4688,4818,0,0,SELL,9932,26,3701
4688,4829,0,0,SELL,9932,22,3702
4760,4829,0,0,SELL,9932,21,3703
4830,4808,0,0,BUY,9933,20,3704
4830,4811,0,0,BUY,9933,5,3705
4832,4811,0,0,BUY,9933,19,3706
4832,4807,0,1,BUY,9933,10,3707
4832,4806,0,0,BUY,9934,4,3708
4836,4806,0,0,BUY,9934,2,3709
4836,4810,0,0,BUY,9934,28,3710
4836,4826,0,0,BUY,9935,7,3711
4760,4837,0,0,SELL,9932,2,3712
4766,4837,0,0,SELL,9932,4,3713
4778,4837,0,0,SELL,9932,32,3714
4838,4826,0,0,BUY,9935,11,3715
4838,4828,0,0,BUY,9935,28,3716
4838,4833,0,0,BUY,9935,7,3717
4838,4790,0,0,BUY,9936,4,3718
4840,4839,0,1,BUY,9933,13,3719
4789,4847,0,0,SELL,9932,2,3720
4410,4847,0,0,SELL,9931,27,3721
4849,4854,0,0,SELL,9932,9,3722
4765,4854,1,0,SELL,9932,4,3723
4410,4854,0,0,SELL,9931,7,3724
4412,4854,0,0,SELL,9931,9,3725
4859,4842,1,0,BUY,9934,4,3726
4861,4842,0,0,BUY,9934,16,3727
4412,4862,0,0,SELL,9931,13,3728
4462,4862,0,0,SELL,9931,22,3729
4504,4862,0,0,SELL,9931,10,3730
4504,4865,0,0,SELL,9931,7,3731
4878,4842,0,0,BUY,9934,7,3732
4873,4887,0,0,SELL,9933,40,3733
4873,4894,0,0,SELL,9933,6,3734
4868,4894,1,0,SELL,9932,17,3735
4504,4894,0,0,SELL,9931,3,3736
4505,4894,0,0,SELL,9931,3,3737
4505,4897,0,0,SELL,9931,1,3738
4505,4899,0,0,SELL,9931,14,3739
4537,4899,0,0,SELL,9931,1,3740
4900,4842,0,0,BUY,9934,10,3741
4901,4842,1,0,BUY,9934,9,3742
4901,4844,1,0,BUY,9934,3,3743
4904,4844,0,0,BUY,9934,22,3744
4907,4869,1,0,BUY,9935,10,3745
4904,4909,0,0,SELL,9934,23,3746
4906,4912,0,0,SELL,9934,7,3747
4906,4916,0,0,SELL,9934,9,3748
4905,4916,0,0,SELL,9933,9,3749
4905,4926,0,0,SELL,9933,24,3750
4917,4926,1,0,SELL,9933,5,3751
4918,4926,0,0,SELL,9933,7,3752
4935,4869,0,0,BUY,9935,1,3753
4939,4869,0,0,BUY,9935,19,3754
4936,4869,1,0,BUY,9935,7,3755
4949,4869,0,0,BUY,9935,2,3756
4949,4872,0,0,BUY,9935,30,3757
4949,4790,0,0,BUY,9936,1,3758
4949,4799,0,0,BUY,9936,1,3759
4949,4821,0,0,BUY,9936,10,3760
4952,4821,0,0,BUY,9936,8,3761
4952,4835,0,0,BUY,9936,41,3762
4953,4835,1,0,BUY,9936,6,3763
4958,4835,0,0,BUY,9936,3,3764
4958,4858,0,0,BUY,9936,9,3765
4937,4961,0,0,SELL,9934,10,3766
4963,4858,0,0,BUY,9936,35,3767
4963,4866,0,0,BUY,9936,13,3768
4978,4866,0,0,BUY,9936,21,3769
4978,4874,0,0,BUY,9936,14,3770
4978,4880,0,0,BUY,9936,12,3771
4966,4979,0,0,SELL,9935,16,3772
4967,4979,0,0,SELL,9935,7,3773
4980,4880,0,0,BUY,9936,4,3774
4980,4883,0,0,BUY,9936,12,3775
4967,4982,0,0,SELL,9935,10,3776
4970,4982,0,0,SELL,9935,5,3777
4962,4982,1,0,SELL,9935,17,3778
4981,4982,0,0,SELL,9935,4,3779
4983,4883,0,0,BUY,9936,18,3780
4986,4883,1,0,BUY,9936,11,3781
4981,4988,0,0,SELL,9935,2,3782
4981,4997,0,0,SELL,9935,33,3783
4981,4999,0,0,SELL,9935,3,3784
4990,4999,0,0,SELL,9935,15,3785
4990,5000,0,0,SELL,9935,18,3786
4994,5000,0,0,SELL,9935,6,3787
4994,5002,0,0,SELL,9935,7,3788
4937,5002,0,0,SELL,9934,12,3789
4945,5002,0,0,SELL,9934,3,3790
4971,5002,0,0,SELL,9934,19,3791
4973,5002,0,0,SELL,9934,1,3792
5007,4839,0,1,BUY,9935,9,3793
5007,4883,0,0,BUY,9936,4,3794
5007,4885,0,0,BUY,9936,4,3795
5011,5009,0,1,BUY,9935,9,3796
5011,4885,0,0,BUY,9936,16,3797
5011,4886,0,0,BUY,9936,22,3798
4973,5029,0,0,SELL,9934,9,3799
5006,5029,0,0,SELL,9934,1,3800
5036,5028,0,0,BUY,9935,15,3801
5006,5038,0,0,SELL,9934,5,3802
5006,5017,0,1,SELL,9934,16,3803
5006,5039,0,0,SELL,9934,9,3804
5006,5040,0,0,SELL,9934,3,3805
5019,5040,0,0,SELL,9934,7,3806
5020,5040,0,0,SELL,9934,4,3807
4918,5040,0,0,SELL,9933,27,3808
4918,5043,0,0,SELL,9933,14,3809
4919,5043,0,0,SELL,9933,33,3810
5050,5028,0,0,BUY,9935,24,3811
4919,5046,0,1,SELL,9933,6,3812
4947,5046,0,1,SELL,9933,10,3813
5064,5060,0,0,BUY,9934,20,3814
5064,5063,0,0,BUY,9934,4,3815
5064,5028,0,0,BUY,9935,5,3816
5064,5033,0,0,BUY,9935,16,3817
4947,5066,0,0,SELL,9933,19,3818
4947,5068,0,0,SELL,9933,5,3819
4947,5061,0,1,SELL,9933,1,3820
4947,5070,0,0,SELL,9933,4,3821
4950,5070,0,0,SELL,9933,2,3822
4964,5070,0,0,SELL,9933,26,3823
4965,5070,0,0,SELL,9933,1,3824
5072,5033,0,0,BUY,9935,21,3825
4965,5073,0,0,SELL,9933,48,3826
4965,5074,0,1,SELL,9933,1,3827
5001,5074,0,1,SELL,9933,6,3828
5075,5033,0,0,BUY,9935,1,3829
5075,5052,0,0,BUY,9935,22,3830
5001,5076,0,0,SELL,9933,11,3831
5001,5077,0,0,SELL,9933,14,3832
4915,5077,0,0,SELL,9932,8,3833
4942,5077,0,0,SELL,9932,17,3834
4942,5078,0,0,SELL,9932,3,3835
4960,5078,0,0,SELL,9932,20,3836
5014,5078,0,0,SELL,9932,15,3837
5014,5080,0,0,SELL,9932,13,3838
5021,5080,0,0,SELL,9932,17,3839
5031,5080,0,0,SELL,9932,7,3840
5031,5081,0,0,SELL,9932,14,3841
4537,5081,0,0,SELL,9931,17,3842
5082,5052,0,0,BUY,9935,13,3843
5082,5054,0,0,BUY,9935,2,3844
4537,5083,0,1,SELL,9931,6,3845
4537,5084,0,0,SELL,9931,4,3846
4544,5084,0,0,SELL,9931,9,3847
4544,5087,0,0,SELL,9931,30,3848
4544,5089,0,0,SELL,9931,1,3849
4590,5089,0,0,SELL,9931,43,3850
4701,5089,0,0,SELL,9931,3,3851
4701,5091,0,1,SELL,9931,17,3852
4701,5092,0,0,SELL,9931,8,3853
5093,5054,0,0,BUY,9935,27,3854
4701,5100,0,1,SELL,9931,2,3855
4701,5101,0,0,SELL,9931,2,3856
4703,5101,0,0,SELL,9931,11,3857
4704,5101,0,0,SELL,9931,7,3858
4768,5101,0,0,SELL,9931,8,3859
4768,5102,0,0,SELL,9931,9,3860
4775,5102,0,0,SELL,9931,21,3861
4793,5102,0,0,SELL,9931,15,3862
4793,5105,0,0,SELL,9931,14,3863
4820,5105,0,0,SELL,9931,21,3864
4822,5106,0,0,SELL,9931,32,3865
4843,5106,0,0,SELL,9931,3,3866
4843,5107,0,0,SELL,9931,26,3867
4848,5107,0,0,SELL,9931,8,3868
4848,5108,0,0,SELL,9931,16,3869
4850,5108,0,0,SELL,9931,11,3870
4850,5111,0,1,SELL,9931,12,3871
4855,5111,0,1,SELL,9931,3,3872
4855,5112,0,0,SELL,9931,14,3873
4855,5113,0,0,SELL,9931,18,3874
4855,5120,0,0,SELL,9931,13,3875
4856,5120,0,0,SELL,9931,33,3876
4867,5123,0,0,SELL,9931,12,3877
4876,5123,0,0,SELL,9931,17,3878
4876,5117,0,1,SELL,9931,14,3879
4876,5125,0,0,SELL,9931,7,3880
4889,5125,0,0,SELL,9931,21,3881
4890,5125,0,0,SELL,9931,14,3882
4890,5128,0,0,SELL,9931,18,3883
4890,5134,0,0,SELL,9931,12,3884
4895,5134,0,0,SELL,9931,23,3885
4898,5134,0,0,SELL,9931,2,3886
4914,5134,0,0,SELL,9931,6,3887
5135,5094,0,0,BUY,9932,22,3888
4914,5131,0,1,SELL,9931,13,3889
4914,5139,0,0,SELL,9931,17,3890
4931,5139,0,0,SELL,9931,6,3891
4993,5139,0,0,SELL,9931,13,3892
5018,5140,0,0,SELL,9931,19,3893
5018,5142,0,0,SELL,9931,13,3894
5032,5142,0,0,SELL,9931,11,3895
5032,5143,0,0,SELL,9931,8,3896
4435,5143,0,0,SELL,9930,19,3897
4472,5143,0,0,SELL,9930,2,3898
4472,5147,0,0,SELL,9930,17,3899
4473,5147,0,0,SELL,9930,31,3900
4473,5153,0,0,SELL,9930,12,3901
4490,5153,0,0,SELL,9930,23,3902
4490,5154,0,0,SELL,9930,3,3903
4529,5154,0,0,SELL,9930,33,3904
4573,5154,0,0,SELL,9930,4,3905
4647,5154,0,0,SELL,9930,6,3906
5156,5145,0,1,BUY,9931,19,3907
5156,5094,0,0,BUY,9932,8,3908
5156,5099,0,0,BUY,9932,21,3909
5159,5099,0,0,BUY,9932,13,3910
4647,5160,0,1,SELL,9930,2,3911
4647,5167,0,0,SELL,9930,22,3912
5175,5176,0,0,SELL,9931,10,3913
4647,5176,0,0,SELL,9930,16,3914
5178,5099,0,0,BUY,9932,1,3915
5179,5099,0,0,BUY,9932,1,3916
5179,5127,0,0,BUY,9932,14,3917
5180,5127,0,0,BUY,9932,13,3918
5180,5138,0,0,BUY,9932,18,3919
4995,5181,1,0,SELL,9931,20,3920
4647,5181,0,0,SELL,9930,2,3921
4671,5181,0,0,SELL,9930,18,3922
5184,5138,0,0,BUY,9932,2,3923
5185,5138,1,0,BUY,9932,20,3924
4671,5186,0,0,SELL,9930,13,3925
4776,5186,0,0,SELL,9930,1,3926
5188,5138,0,0,BUY,9932,7,3927
5188,5148,0,0,BUY,9932,7,3928
5189,5195,0,0,SELL,9931,2,3929
5189,5202,0,0,SELL,9931,32,3930
4776,5202,0,0,SELL,9930,13,3931
4776,5209,0,0,SELL,9930,28,3932
5211,5148,0,0,BUY,9932,1,3933
5211,5161,0,0,BUY,9932,12,3934
5210,5216,0,0,SELL,9931,12,3935
5210,5226,0,0,SELL,9931,29,3936
4776,5226,0,0,SELL,9930,4,3937
4791,5226,0,0,SELL,9930,9,3938
5227,5234,0,0,SELL,9931,6,3939
4797,5237,0,0,SELL,9930,22,3940
4819,5237,0,0,SELL,9930,4,3941
4819,5239,0,0,SELL,9930,24,3942
4845,5239,0,0,SELL,9930,8,3943
4846,5239,0,0,SELL,9930,18,3944
5255,5234,0,0,BUY,9931,19,3945
5256,5234,0,0,BUY,9931,9,3946
5256,5240,0,0,BUY,9931,3,3947
4846,5259,0,0,SELL,9930,12,3948
4851,5259,0,0,SELL,9930,9,3949
4893,5259,0,0,SELL,9930,13,3950
5260,5240,0,0,BUY,9931,22,3951
5260,5161,0,0,BUY,9932,5,3952
5263,5161,0,0,BUY,9932,23,3953
5263,5174,0,0,BUY,9932,11,3954
5263,5198,0,0,BUY,9932,10,3955
5265,5198,0,0,BUY,9932,19,3956
5265,5200,0,0,BUY,9932,24,3957
5267,5200,0,0,BUY,9932,3,3958
5267,5206,0,0,BUY,9932,3,3959
5271,5206,0,0,BUY,9932,42,3960
5264,5168,0,1,SELL,9931,15,3961
4893,5276,0,0,SELL,9930,19,3962
4893,5277,0,0,SELL,9930,5,3963
5279,5275,0,0,BUY,9931,2,3964
5279,5206,0,0,BUY,9932,3,3965
5286,5280,0,1,BUY,9931,7,3966
5286,5283,0,0,BUY,9931,11,3967
4893,5289,0,1,SELL,9930,6,3968
4896,5289,0,1,SELL,9930,6,3969
4925,5289,0,1,SELL,9930,5,3970
4925,5291,0,0,SELL,9930,17,3971
5024,5291,0,0,SELL,9930,20,3972
5024,5294,0,0,SELL,9930,7,3973
5024,5296,0,0,SELL,9930,20,3974
5025,5298,0,1,SELL,9930,2,3975
5035,5298,0,1,SELL,9930,15,3976
5035,5299,0,0,SELL,9930,10,3977
5314,5283,0,0,BUY,9931,14,3978
5314,5290,0,0,BUY,9931,3,3979
5314,5292,0,0,BUY,9931,28,3980
5317,5295,0,0,BUY,9931,1,3981
5035,5318,0,0,SELL,9930,1,3982
5044,5318,0,0,SELL,9930,29,3983
5048,5318,0,0,SELL,9930,3,3984
5319,5295,0,0,BUY,9931,28,3985
5048,5322,0,0,SELL,9930,14,3986
5182,5322,0,0,SELL,9930,6,3987
5316,5322,0,0,SELL,9930,10,3988
5191,5322,1,0,SELL,9930,4,3989
5329,5295,0,0,BUY,9931,6,3990
5334,5295,0,0,BUY,9931,14,3991
5334,5303,0,0,BUY,9931,13,3992
5334,5311,0,0,BUY,9931,2,3993
5323,5335,0,0,SELL,9930,33,3994
5326,5335,0,0,SELL,9930,1,3995
5191,5311,1,0,BUY,9931,20,3996
5340,5311,0,0,BUY,9931,6,3997
5342,5311,0,0,BUY,9931,7,3998
5349,5311,0,0,BUY,9931,13,3999
5349,5350,0,0,SELL,9931,28,4000
5326,5350,0,0,SELL,9930,5,4001
5326,5351,0,0,SELL,9930,5,4002
5352,5206,0,0,BUY,9932,1,4003
5352,5208,0,0,BUY,9932,29,4004
5353,5208,0,0,BUY,9932,1,4005
5353,5230,0,0,BUY,9932,3,4006
5353,5238,0,0,BUY,9932,37,4007
5353,5273,0,0,BUY,9932,1,4008
5360,5273,0,0,BUY,9932,1,4009
5360,5274,0,0,BUY,9932,4,4010
5360,5307,0,0,BUY,9932,27,4011
5326,5361,0,0,SELL,9930,6,4012
5327,5361,0,0,SELL,9930,16,4013
5347,5361,0,0,SELL,9930,13,4014
5362,5307,0,0,BUY,9932,20,4015
5362,5321,0,0,BUY,9932,11,4016
5362,5330,0,0,BUY,9932,15,4017
5347,5365,0,0,SELL,9930,19,4018
5348,5330,1,0,BUY,9932,7,4019
5381,5330,0,0,BUY,9932,9,4020
5391,5330,0,0,BUY,9932,8,4021
5391,5366,0,0,BUY,9932,12,4022
5373,5392,0,0,SELL,9931,2,4023
5384,5392,1,0,SELL,9931,11,4024
5402,5366,0,0,BUY,9932,37,4025
5404,5366,0,0,BUY,9932,1,4026
5404,5114,0,0,BUY,9933,2,4027
5404,5133,0,0,BUY,9933,21,4028
5394,5405,1,0,SELL,9931,7,4029
5347,5405,0,0,SELL,9930,11,4030
5364,5405,0,0,SELL,9930,7,4031
5407,5133,0,0,BUY,9933,29,4032
5408,5411,1,0,SELL,9932,12,4033
5364,5411,0,0,SELL,9930,10,4034
5377,5411,0,0,SELL,9930,19,4035
5397,5411,0,0,SELL,9930,7,4036
5413,5152,0,0,BUY,9933,38,4037
5416,5152,0,0,BUY,9933,7,4038
5418,5428,1,0,SELL,9932,1,4039
5429,5152,0,0,BUY,9933,4,4040
5429,5173,0,0,BUY,9933,9,4041
5429,5201,0,0,BUY,9933,2,4042
5429,5203,0,0,BUY,9933,15,4043
5423,5432,0,0,SELL,9931,9,4044
5425,5432,0,0,SELL,9931,7,4045
5435,5203,0,0,BUY,9933,6,4046
5425,5439,0,0,SELL,9931,18,4047
5397,5439,0,0,SELL,9930,27,4048
5444,5453,0,0,SELL,9931,29,4049
5400,5453,0,0,SELL,9930,11,4050
5400,5454,0,0,SELL,9930,3,4051
5431,5454,0,0,SELL,9930,26,4052
4485,5454,0,0,SELL,9929,19,4053
5457,5203,0,0,BUY,9933,5,4054
5455,5464,0,0,SELL,9930,45,4055
5467,5458,0,0,BUY,9931,37,4056
5470,5458,0,0,BUY,9931,6,4057
5470,5460,0,0,BUY,9932,17,4058
5455,5472,0,0,SELL,9930,3,4059
5418,5472,1,0,SELL,9930,3,4060
5466,5472,0,0,SELL,9930,6,4061
5475,5306,0,1,BUY,9931,11,4062
5475,5460,0,0,BUY,9932,19,4063
5476,5203,0,0,BUY,9933,17,4064
5478,5203,0,0,BUY,9933,2,4065
5466,5483,0,0,SELL,9930,29,4066
4485,5483,0,0,SELL,9929,5,4067
4488,5483,0,0,SELL,9929,16,4068
4488,5487,0,0,SELL,9929,8,4069
4586,5487,0,0,SELL,9929,14,4070
4622,5487,0,0,SELL,9929,12,4071
4631,5487,0,0,SELL,9929,9,4072
4631,5494,0,0,SELL,9929,35,4073
4635,5494,0,0,SELL,9929,1,4074
4635,5496,0,0,SELL,9929,38,4075
4652,5496,0,0,SELL,9929,11,4076
4652,5480,0,1,SELL,9929,18,4077
4652,5497,0,0,SELL,9929,13,4078
4709,5497,0,0,SELL,9929,9,4079
4709,5504,0,1,SELL,9929,6,4080
4709,5507,0,0,SELL,9929,10,4081
4709,5513,0,0,SELL,9929,17,4082
4725,5513,0,0,SELL,9929,4,4083
4725,5511,0,1,SELL,9929,11,4084
4725,5518,0,0,SELL,9929,30,4085
4888,5518,0,0,SELL,9929,7,4086
5004,5518,0,0,SELL,9929,3,4087
5169,5518,0,0,SELL,9929,4,4088
5169,5519,0,0,SELL,9929,22,4089
5169,5522,0,0,SELL,9929,21,4090
5215,5522,0,0,SELL,9929,9,4091
5215,5524,0,1,SELL,9929,10,4092
5215,5525,0,0,SELL,9929,10,4093
5217,5525,0,0,SELL,9929,22,4094
5222,5525,0,0,SELL,9929,13,4095
5247,5525,0,0,SELL,9929,1,4096
5247,5526,0,0,SELL,9929,14,4097
5247,5528,0,0,SELL,9929,34,4098
5248,5528,0,0,SELL,9929,6,4099
5248,5530,0,0,SELL,9929,8,4100
5248,5531,0,0,SELL,9929,16,4101
5248,5532,0,1,SELL,9929,6,4102
5248,5536,0,0,SELL,9929,14,4103
5305,5536,0,0,SELL,9929,5,4104
5308,5536,0,0,SELL,9929,7,4105
5308,5537,0,0,SELL,9929,14,4106
5308,5539,0,1,SELL,9929,10,4107
5308,5540,0,0,SELL,9929,15,4108
5368,5540,0,0,SELL,9929,25,4109
5368,5544,0,0,SELL,9929,25,4110
5372,5544,0,0,SELL,9929,2,4111
5376,5544,0,0,SELL,9929,23,4112
5376,5545,0,0,SELL,9929,5,4113
5378,5545,0,0,SELL,9929,14,4114
5380,5545,0,0,SELL,9929,26,4115
5421,5545,0,0,SELL,9929,4,4116
5421,5546,0,0,SELL,9929,32,4117
5421,5548,0,1,SELL,9929,11,4118
5434,5548,0,1,SELL,9929,8,4119
5434,5549,0,0,SELL,9929,9,4120
5434,5550,0,0,SELL,9929,16,4121
5446,5550,0,0,SELL,9929,19,4122
5551,5506,0,0,BUY,9930,9,4123
5551,5512,0,0,BUY,9930,3,4124
5551,5481,0,0,BUY,9931,5,4125
5446,5552,0,0,SELL,9929,6,4126
5456,5552,0,0,SELL,9929,9,4127
5553,5481,0,0,BUY,9931,23,4128
5554,5481,0,0,BUY,9931,4,4129
5554,5509,0,0,BUY,9931,15,4130
5456,5557,0,1,SELL,9929,6,4131
5456,5558,0,0,SELL,9929,11,4132
5471,5558,0,0,SELL,9929,21,4133
5471,5560,0,0,SELL,9929,2,4134
5471,5561,0,0,SELL,9929,13,4135
5471,5562,0,0,SELL,9929,12,4136
4572,5562,0,0,SELL,9928,7,4137
4572,5563,0,0,SELL,9928,17,4138
4576,5563,0,0,SELL,9928,4,4139
4579,5563,0,0,SELL,9928,16,4140
4595,5563,0,0,SELL,9928,8,4141
4595,5564,0,1,SELL,9928,16,4142
4595,5567,0,0,SELL,9928,2,4143
4607,5567,0,0,SELL,9928,11,4144
5569,5509,0,0,BUY,9931,3,4145
5569,5516,0,0,BUY,9931,38,4146
4607,5571,0,0,SELL,9928,28,4147
4607,5572,0,1,SELL,9928,5,4148
4607,5575,0,0,SELL,9928,4,4149
4786,5575,0,0,SELL,9928,12,4150
4786,5576,0,0,SELL,9928,24,4151
4798,5576,0,0,SELL,9928,5,4152
4798,5578,0,0,SELL,9928,27,4153
4798,5581,0,1,SELL,9928,10,4154
4798,5583,0,0,SELL,9928,4,4155
4831,5583,0,0,SELL,9928,2,4156
5041,5583,0,0,SELL,9928,21,4157
5041,5587,0,0,SELL,9928,7,4158
5047,5587,0,0,SELL,9928,39,4159
5047,5589,0,1,SELL,9928,6,4160
5047,5590,0,0,SELL,9928,3,4161
5055,5590,0,0,SELL,9928,17,4162
5055,5591,0,0,SELL,9928,4,4163
5058,5591,0,0,SELL,9928,5,4164
5594,5516,0,0,BUY,9931,7,4165
5594,5482,0,0,BUY,9932,12,4166
5594,5484,0,0,BUY,9932,21,4167
5058,5596,0,1,SELL,9928,8,4168
5058,5598,0,0,SELL,9928,16,4169
5058,5599,0,0,SELL,9928,21,4170
5118,5599,0,0,SELL,9928,10,4171
5118,5601,0,0,SELL,9928,6,4172
5129,5601,0,0,SELL,9928,17,4173
5129,5604,0,1,SELL,9928,4,4174
5146,5604,0,1,SELL,9928,6,4175
5146,5605,0,0,SELL,9928,9,4176
5218,5605,0,0,SELL,9928,21,4177
5218,5606,0,0,SELL,9928,2,4178
5607,5484,0,0,BUY,9932,17,4179
5607,5485,0,0,BUY,9932,2,4180
5607,5488,0,0,BUY,9932,18,4181
5218,5609,0,0,SELL,9928,26,4182
5229,5609,0,0,SELL,9928,10,4183
5229,5610,0,0,SELL,9928,19,4184
5229,5611,0,1,SELL,9928,13,4185
5229,5612,0,0,SELL,9928,3,4186
5233,5612,0,0,SELL,9928,27,4187
5233,5615,0,0,SELL,9928,20,4188
5251,5615,0,0,SELL,9928,28,4189
5251,5617,0,0,SELL,9928,2,4190
5302,5617,0,0,SELL,9928,5,4191
5304,5617,0,0,SELL,9928,17,4192
5304,5619,0,1,SELL,9928,7,4193
5304,5621,0,0,SELL,9928,5,4194
5304,5622,0,0,SELL,9928,2,4195
5304,5623,0,0,SELL,9928,9,4196
5310,5623,0,0,SELL,9928,4,4197
5315,5623,0,0,SELL,9928,20,4198
5320,5623,0,0,SELL,9928,5,4199
5320,5625,0,0,SELL,9928,27,4200
5320,5627,0,1,SELL,9928,6,4201
5631,5618,0,0,BUY,9929,23,4202
5320,5633,0,0,SELL,9928,6,4203
5356,5633,0,0,SELL,9928,20,4204
5356,5635,0,1,SELL,9928,1,4205
5356,5636,0,0,SELL,9928,4,4206
5385,5636,0,0,SELL,9928,25,4207
5387,5636,0,0,SELL,9928,8,4208
5388,5636,0,0,SELL,9928,8,4209
5388,5637,0,0,SELL,9928,4,4210
5388,5639,0,0,SELL,9928,7,4211
5388,5643,0,0,SELL,9928,29,4212
5646,5618,0,0,BUY,9929,1,4213
5646,5630,0,0,BUY,9929,22,4214
5646,5641,0,1,BUY,9929,2,4215
5646,5640,0,0,BUY,9930,20,4216
5388,5647,0,0,SELL,9928,1,4217
5468,5647,0,0,SELL,9928,28,4218
5477,5647,0,0,SELL,9928,12,4219
5477,5648,0,1,SELL,9928,13,4220
4834,5648,0,1,SELL,9927,6,4221
4834,5649,0,0,SELL,9927,18,4222
5059,5649,0,0,SELL,9927,18,4223
5115,5649,0,0,SELL,9927,12,4224
5115,5651,0,0,SELL,9927,12,4225
5115,5652,0,0,SELL,9927,19,4226
5121,5653,0,0,SELL,9927,6,4227
5137,5653,0,0,SELL,9927,30,4228
5141,5653,0,0,SELL,9927,1,4229
5141,5654,0,0,SELL,9927,12,4230
5141,5655,0,0,SELL,9927,4,4231
5141,5658,0,1,SELL,9927,5,4232
5660,5650,0,0,BUY,9928,15,4233
5141,5663,0,0,SELL,9927,24,4234
5149,5663,0,0,SELL,9927,14,4235
5664,5650,0,0,BUY,9928,12,4236
5149,5666,0,1,SELL,9927,1,4237
5158,5666,0,1,SELL,9927,12,4238
5158,5670,0,0,SELL,9927,29,4239
5672,5650,0,0,BUY,9928,4,4240
5672,5659,0,0,BUY,9928,16,4241
5672,5662,0,0,BUY,9928,16,4242
5672,5665,0,0,BUY,9928,4,4243
5672,5669,0,0,BUY,9928,6,4244
5675,5669,0,0,BUY,9928,10,4245
5675,5671,0,0,BUY,9928,8,4246
5158,5676,0,1,SELL,9927,6,4247
5158,5678,0,0,SELL,9927,1,4248
5162,5678,0,0,SELL,9927,11,4249
5166,5678,0,0,SELL,9927,10,4250
5177,5678,0,0,SELL,9927,7,4251
5177,5679,0,0,SELL,9927,7,4252
5204,5679,0,0,SELL,9927,43,4253
5681,5671,0,0,BUY,9928,1,4254
5681,5674,0,0,BUY,9928,1,4255
5681,5667,0,0,BUY,9929,3,4256
5685,5684,0,0,BUY,9928,38,4257
5204,5686,0,1,SELL,9927,6,4258
5205,5686,0,1,SELL,9927,10,4259
5205,5688,0,0,SELL,9927,27,4260
5219,5688,0,0,SELL,9927,13,4261
5219,5689,0,0,SELL,9927,25,4262
5219,5690,0,0,SELL,9927,12,4263
5224,5690,0,0,SELL,9927,24,4264
5224,5691,0,0,SELL,9927,8,4265
5225,5691,0,0,SELL,9927,3,4266
5253,5691,0,0,SELL,9927,13,4267
5253,5692,0,0,SELL,9927,10,4268
5281,5692,0,0,SELL,9927,34,4269
5282,5692,0,0,SELL,9927,1,4270
5282,5693,0,0,SELL,9927,24,4271
5313,5693,0,0,SELL,9927,3,4272
5313,5694,0,0,SELL,9927,9,4273
5339,5694,0,0,SELL,9927,5,4274
5339,5695,0,0,SELL,9927,6,4275
5370,5695,0,0,SELL,9927,3,4276
5386,5695,0,0,SELL,9927,3,4277
5386,5696,0,1,SELL,9927,13,4278
5386,5697,0,0,SELL,9927,5,4279
5395,5697,0,0,SELL,9927,8,4280
5426,5697,0,0,SELL,9927,3,4281
5426,5702,0,0,SELL,9927,18,4282
5427,5702,0,0,SELL,9927,8,4283
5427,5708,0,0,SELL,9927,17,4284
5427,5714,0,0,SELL,9927,4,4285
5441,5714,0,0,SELL,9927,12,4286
5718,5687,0,0,BUY,9928,9,4287
5441,5719,0,0,SELL,9927,8,4288
5441,5724,0,0,SELL,9927,8,4289
5447,5724,0,0,SELL,9927,17,4290
5725,5687,0,0,BUY,9928,5,4291
5727,5687,0,0,BUY,9928,9,4292
5473,5687,1,0,BUY,9928,11,4293
5732,5687,0,0,BUY,9928,3,4294
5732,5699,0,0,BUY,9928,18,4295
5733,5699,0,0,BUY,9928,12,4296
5738,5699,0,0,BUY,9928,7,4297
5738,5712,0,0,BUY,9928,2,4298
5738,5715,0,0,BUY,9928,14,4299
5447,5740,0,0,SELL,9927,19,4300
5459,5740,0,0,SELL,9927,11,4301
5746,5715,0,0,BUY,9928,3,4302
5746,5667,0,0,BUY,9929,6,4303
5746,5700,0,0,BUY,9929,4,4304
5746,5701,0,0,BUY,9929,29,4305
5746,5713,0,0,BUY,9929,8,4306
5748,5713,0,0,BUY,9929,20,4307
5762,5713,0,0,BUY,9929,11,4308
5762,5750,0,0,BUY,9929,35,4309
5736,5764,1,0,SELL,9928,20,4310
5759,5764,0,0,SELL,9928,21,4311
5759,5785,0,0,SELL,9928,7,4312
5459,5785,0,0,SELL,9927,8,4313
5461,5785,0,0,SELL,9927,10,4314
5462,5785,0,0,SELL,9927,3,4315
5486,5785,0,0,SELL,9927,10,4316
5790,5787,0,0,BUY,9928,37,4317
5790,5750,0,0,BUY,9929,1,4318
5486,5792,0,0,SELL,9927,1,4319
5721,5792,0,0,SELL,9927,43,4320
5798,5750,0,0,BUY,9929,4,4321
5798,5794,0,0,BUY,9929,11,4322
5798,5640,0,0,BUY,9930,8,4323
5798,5682,0,0,BUY,9930,17,4324
5721,5799,0,0,SELL,9927,1,4325
5771,5799,0,0,SELL,9927,16,4326
5772,5799,0,0,SELL,9927,14,4327
5795,5799,0,0,SELL,9927,10,4328
5795,5807,0,0,SELL,9927,38,4329
5802,5807,0,0,SELL,9927,4,4330
5809,5810,0,0,SELL,9929,42,4331
5814,5682,0,0,BUY,9930,17,4332
5814,5705,0,0,BUY,9930,1,4333
5814,5720,0,0,BUY,9930,25,4334
5818,5720,0,0,BUY,9930,24,4335
5818,5777,0,0,BUY,9930,18,4336
5809,5824,0,0,SELL,9929,3,4337
5815,5824,0,0,SELL,9928,16,4338
5830,5777,0,0,BUY,9930,31,4339
5830,5779,0,0,BUY,9930,1,4340
5829,5834,0,0,SELL,9929,44,4341
5815,5842,0,0,SELL,9928,6,4342
5802,5842,0,0,SELL,9927,40,4343
5813,5842,0,0,SELL,9927,1,4344
5845,5844,0,0,BUY,9928,29,4345
5845,5841,0,0,BUY,9929,12,4346
5845,5796,0,0,BUY,9930,6,4347
5850,5849,0,0,BUY,9928,26,4348
5853,5849,0,0,BUY,9928,11,4349
5853,5704,0,1,BUY,9929,5,4350
5813,5861,0,0,SELL,9927,30,4351
5826,5861,0,0,SELL,9927,1,4352
5858,5861,0,0,SELL,9927,15,4353
5858,5865,0,0,SELL,9927,22,4354
5766,5865,1,0,SELL,9927,13,4355
5864,5865,0,0,SELL,9927,11,4356
5864,5866,0,0,SELL,9927,35,4357
4605,5866,0,0,SELL,9926,7,4358
5871,5872,1,0,SELL,9927,15,4359
4605,5872,0,0,SELL,9926,31,4360
4605,5877,0,0,SELL,9926,8,4361
4625,5877,0,0,SELL,9926,8,4362
4625,5879,0,0,SELL,9926,18,4363
4625,5880,0,0,SELL,9926,13,4364
4812,5880,0,0,SELL,9926,4,4365
4812,5881,0,0,SELL,9926,7,4366
5053,5881,0,0,SELL,9926,22,4367
5053,5704,0,1,SELL,9926,2,4368
5053,5886,0,0,SELL,9926,2,4369
5053,5892,0,1,SELL,9926,11,4370
5053,5893,0,0,SELL,9926,1,4371
5065,5893,0,0,SELL,9926,39,4372
5065,5894,0,0,SELL,9926,4,4373
5097,5894,0,0,SELL,9926,32,4374
5097,5897,0,0,SELL,9926,1,4375
5119,5897,0,0,SELL,9926,17,4376
5132,5897,0,0,SELL,9926,5,4377
5150,5897,0,0,SELL,9926,14,4378
5901,5884,0,0,BUY,9927,14,4379
5901,5890,0,0,BUY,9927,18,4380
5903,5890,0,0,BUY,9927,19,4381
5903,5867,0,0,BUY,9928,11,4382
5903,5885,0,0,BUY,9928,17,4383
5904,5885,0,0,BUY,9928,26,4384
5904,5891,0,0,BUY,9928,6,4385
5909,5891,0,0,BUY,9928,19,4386
5909,5907,0,0,BUY,9928,28,4387
5150,5912,0,0,SELL,9926,11,4388
5918,5899,0,1,BUY,9927,1,4389
5918,5907,0,0,BUY,9928,11,4390
5918,5915,0,0,BUY,9928,19,4391
5150,5919,0,1,SELL,9926,4,4392
5921,5915,0,0,BUY,9928,22,4393
5921,5870,0,0,BUY,9929,3,4394
5921,5910,0,0,BUY,9929,12,4395
5172,5922,0,0,SELL,9926,15,4396
5199,5922,0,0,SELL,9926,2,4397
5923,5910,0,0,BUY,9929,17,4398
5923,5796,0,0,BUY,9930,16,4399
5923,5820,0,0,BUY,9930,12,4400
5924,5820,0,0,BUY,9930,18,4401
5924,5825,0,0,BUY,9930,19,4402
5199,5928,0,0,SELL,9926,6,4403
5199,5929,0,0,SELL,9926,29,4404
5223,5929,0,0,SELL,9926,5,4405
5272,5929,0,0,SELL,9926,3,4406
5284,5929,0,0,SELL,9926,6,4407
5932,5926,0,1,BUY,9928,1,4408
5284,5934,0,0,SELL,9926,16,4409
5284,5937,0,0,SELL,9926,11,4410
5357,5937,0,0,SELL,9926,4,4411
5357,5938,0,0,SELL,9926,10,4412
5363,5938,0,0,SELL,9926,17,4413
5363,5950,0,0,SELL,9926,10,4414
5440,5950,0,0,SELL,9926,22,4415
5499,5950,0,0,SELL,9926,13,4416
5955,5940,0,0,BUY,9927,10,4417
5955,5941,0,0,BUY,9927,23,4418
5499,5957,0,0,SELL,9926,17,4419
5499,5958,0,0,SELL,9926,1,4420
5959,5941,0,0,BUY,9927,11,4421
5499,5960,0,0,SELL,9926,18,4422
5508,5960,0,0,SELL,9926,7,4423
5703,5960,0,0,SELL,9926,20,4424
5965,5941,0,0,BUY,9927,8,4425
5965,5947,0,0,BUY,9927,20,4426
5967,5947,0,0,BUY,9927,5,4427
5703,5968,0,0,SELL,9926,4,4428
5726,5968,0,0,SELL,9926,12,4429
5726,5970,0,0,SELL,9926,3,4430
5749,5970,0,0,SELL,9926,13,4431
5791,5970,0,0,SELL,9926,13,4432
5972,5947,0,0,BUY,9927,23,4433
5972,5943,0,0,BUY,9928,17,4434
5972,5948,0,0,BUY,9928,1,4435
5982,5948,0,0,BUY,9928,25,4436
5878,5948,1,0,BUY,9928,19,4437
5977,5991,0,0,SELL,9927,26,4438
5993,5948,0,0,BUY,9928,2,4439
5993,5964,0,0,BUY,9928,21,4440
5993,5973,0,0,BUY,9928,26,4441
5995,5973,0,0,BUY,9928,18,4442
5999,5973,0,0,BUY,9928,4,4443
5999,5926,0,1,BUY,9928,2,4444
5999,5931,0,0,BUY,9929,2,4445
5999,5942,0,0,BUY,9929,2,4446
5977,6002,0,0,SELL,9927,17,4447
5983,6002,0,0,SELL,9927,9,4448
5791,6008,0,0,SELL,9926,15,4449
5819,6008,0,0,SELL,9926,23,4450
5989,6025,1,0,SELL,9927,3,4451
5819,6025,0,0,SELL,9926,11,4452
5819,6027,0,0,SELL,9926,15,4453
5821,6027,0,0,SELL,9926,1,4454
5821,6028,0,0,SELL,9926,14,4455
5827,6028,0,0,SELL,9926,26,4456
5837,6028,0,0,SELL,9926,2,4457
5859,6028,0,0,SELL,9926,1,4458
6033,6035,0,0,SELL,9927,3,4459
5859,6035,0,0,SELL,9926,24,4460
5859,6040,0,0,SELL,9926,6,4461
5906,6040,0,0,SELL,9926,14,4462
6045,6000,0,0,BUY,9928,1,4463
6047,6048,0,0,SELL,9927,12,4464
6049,6000,0,0,BUY,9928,43,4465
6049,6056,0,0,SELL,9928,5,4466
6054,6056,0,0,SELL,9928,1,4467
6054,6058,0,0,SELL,9928,28,4468
6054,6061,0,0,SELL,9928,11,4469
6047,6061,0,0,SELL,9927,1,4470
6047,6063,0,0,SELL,9927,22,4471
6052,6063,0,0,SELL,9927,23,4472
6065,6067,0,0,SELL,9928,14,4473
6052,6067,0,0,SELL,9927,17,4474
6074,5942,0,0,BUY,9929,19,4475
6070,6006,0,1,SELL,9928,18,4476
6079,5942,0,0,BUY,9929,21,4477
6070,6080,0,0,SELL,9928,6,4478
6052,6081,0,0,SELL,9927,9,4479
6060,6081,0,0,SELL,9927,20,4480
6064,6081,0,0,SELL,9927,6,4481
5906,6081,0,0,SELL,9926,3,4482
5906,6083,0,0,SELL,9926,21,4483
6029,6080,1,0,BUY,9928,17,4484
6092,6080,0,0,BUY,9928,1,4485
6092,5942,0,0,BUY,9929,4,4486
6092,5988,0,0,BUY,9929,8,4487
6092,5996,0,0,BUY,9929,14,4488
6092,6011,0,0,BUY,9929,16,4489
6093,6097,1,0,SELL,9927,2,4490
6094,6097,0,0,SELL,9927,3,4491
6102,6011,0,0,BUY,9929,16,4492
6102,6021,0,0,BUY,9929,7,4493
6102,6022,0,0,BUY,9929,9,4494
6102,6037,0,0,BUY,9929,14,4495
6104,6037,0,0,BUY,9929,6,4496
6094,6106,0,0,SELL,9927,8,4497
6094,6107,0,0,SELL,9927,8,4498
6101,6107,1,0,SELL,9927,14,4499
5906,6107,0,0,SELL,9926,1,4500
6108,6037,0,0,BUY,9929,12,4501
6108,6057,0,0,BUY,9929,15,4502
5949,6111,0,0,SELL,9926,17,4503
6112,6057,1,0,BUY,9929,16,4504
5949,6120,0,0,SELL,9926,17,4505
5985,6120,0,0,SELL,9926,30,4506
5985,6128,0,0,SELL,9926,6,4507
5990,6128,0,0,SELL,9926,21,4508
5992,6128,0,0,SELL,9926,8,4509
5992,6086,0,1,SELL,9926,2,4510
6004,6086,0,1,SELL,9926,7,4511
6132,6129,0,0,BUY,9927,16,4512
6134,6129,0,0,BUY,9927,23,4513
6134,6057,0,0,BUY,9929,17,4514
6134,6119,0,0,BUY,9929,8,4515
6135,6119,0,0,BUY,9929,6,4516
6135,6126,0,0,BUY,9929,3,4517
6140,6126,0,0,BUY,9929,14,4518
6004,6141,0,0,SELL,9926,11,4519
6036,6141,0,0,SELL,9926,7,4520
6041,6141,0,0,SELL,9926,14,4521
6041,6143,0,0,SELL,9926,7,4522
6041,6144,0,0,SELL,9926,3,4523
6041,6146,0,0,SELL,9926,4,4524
6042,6146,0,0,SELL,9926,13,4525
6042,6156,0,0,SELL,9926,2,4526
6158,6147,0,0,BUY,9927,5,4527
6118,6147,1,0,BUY,9927,2,4528
6162,6147,0,0,BUY,9927,5,4529
6167,6147,1,0,BUY,9927,6,4530
6042,6168,0,0,SELL,9926,12,4531
6170,6147,0,0,BUY,9927,21,4532
6170,6149,0,0,BUY,9927,2,4533
6172,6149,0,0,BUY,9927,27,4534
6172,6151,0,0,BUY,9927,5,4535
6174,6151,0,0,BUY,9927,10,4536
6174,6153,0,0,BUY,9928,24,4537
6174,6155,0,0,BUY,9928,4,4538
6042,6175,0,0,SELL,9926,10,4539
6068,6175,0,0,SELL,9926,6,4540
6091,6175,0,0,SELL,9926,20,4541
6177,6155,1,0,BUY,9928,6,4542
6178,6155,0,0,BUY,9928,30,4543
6178,6126,0,0,BUY,9929,12,4544
6180,6126,0,0,BUY,9929,9,4545
6091,6181,0,0,SELL,9926,5,4546
6113,6181,0,0,SELL,9926,1,4547
6159,6181,0,0,SELL,9926,2,4548
4813,6181,0,0,SELL,9925,13,4549
4813,6182,0,0,SELL,9925,17,4550
6183,6126,0,0,BUY,9929,12,4551
6183,6148,0,0,BUY,9929,3,4552
6186,6148,0,0,BUY,9929,5,4553
6187,6148,1,0,BUY,9929,5,4554
6192,6148,0,0,BUY,9929,27,4555
6192,6160,0,0,BUY,9929,4,4556
6196,6203,0,0,SELL,9928,1,4557
6197,6203,1,0,SELL,9928,17,4558
6194,6203,0,0,SELL,9927,20,4559
6198,6203,0,0,SELL,9927,4,4560
6198,6217,0,0,SELL,9927,3,4561
6201,6217,0,0,SELL,9927,17,4562
6219,6211,0,0,BUY,9928,8,4563
6220,6211,0,0,BUY,9928,8,4564
6220,6160,0,0,BUY,9929,3,4565
6220,6213,0,0,BUY,9929,16,4566
6209,6224,0,0,SELL,9927,2,4567
6216,6224,0,0,SELL,9927,5,4568
6227,6213,0,0,BUY,9929,4,4569
6227,5825,0,0,BUY,9930,8,4570
6227,5836,0,0,BUY,9930,2,4571
6206,5836,1,0,BUY,9930,2,4572
6231,6232,0,0,SELL,9928,29,4573
6233,5836,0,0,BUY,9930,17,4574
6233,5874,0,0,BUY,9930,4,4575
6233,5905,0,0,BUY,9930,18,4576
6238,5905,0,0,BUY,9930,15,4577
6238,5908,0,0,BUY,9930,19,4578
6238,5920,0,0,BUY,9930,3,4579
6238,5946,0,0,BUY,9930,12,4580
6239,5946,1,0,BUY,9930,18,4581
6240,5946,0,0,BUY,9930,7,4582
6240,5961,0,0,BUY,9930,27,4583
6243,5961,0,0,BUY,9930,14,4584
6243,5966,0,0,BUY,9930,23,4585
6243,5971,0,0,BUY,9930,4,4586
6248,5971,1,0,BUY,9930,11,4587
6237,6251,0,0,SELL,9929,17,4588
6254,5971,0,0,BUY,9930,18,4589
6256,5971,1,0,BUY,9930,6,4590
6256,5986,1,0,BUY,9930,1,4591
6257,5986,0,0,BUY,9930,20,4592
6257,5994,0,0,BUY,9930,5,4593
6237,6263,0,0,SELL,9929,22,4594
6261,6267,0,0,SELL,9929,8,4595
6266,6267,0,0,SELL,9929,2,4596
6231,6267,0,0,SELL,9928,18,4597
6241,6267,0,0,SELL,9928,7,4598
6241,6269,0,0,SELL,9928,16,4599
6241,6270,0,0,SELL,9928,2,4600
6255,6270,0,0,SELL,9928,29,4601
6276,5994,0,0,BUY,9930,6,4602
6278,5994,0,0,BUY,9930,28,4603
6278,5998,0,0,BUY,9930,8,4604
6278,6015,0,0,BUY,9930,5,4605
6281,6015,0,0,BUY,9930,27,4606
6281,6026,0,0,BUY,9930,4,4607
6282,6026,0,0,BUY,9930,21,4608
6295,6026,0,0,BUY,9930,14,4609
6271,6296,0,0,SELL,9929,12,4610
6285,6296,0,0,SELL,9929,35,4611
6298,6026,0,0,BUY,9930,3,4612
6298,6051,0,0,BUY,9930,25,4613
6299,6051,0,0,BUY,9930,4,4614
6299,6096,0,0,BUY,9930,31,4615
6285,6300,0,0,SELL,9929,1,4616
6285,6301,0,0,SELL,9929,7,4617
6264,6301,1,0,SELL,9929,6,4618
6255,6301,0,0,SELL,9928,7,4619
6293,6301,0,0,SELL,9928,14,4620
6302,6096,0,0,BUY,9930,5,4621
6303,6096,1,0,BUY,9930,3,4622
6305,6308,0,0,SELL,9929,7,4623
6293,6308,0,0,SELL,9928,3,4624
6216,6308,0,0,SELL,9927,6,4625
6252,6308,0,0,SELL,9927,24,4626
6309,6096,1,0,BUY,9930,7,4627
6309,6116,1,0,BUY,9930,9,4628
6310,6116,0,0,BUY,9930,21,4629
6310,6161,0,0,BUY,9930,19,4630
6315,6161,0,0,BUY,9930,31,4631
6315,6193,0,0,BUY,9930,2,4632
6316,6193,1,0,BUY,9930,20,4633
6318,6193,0,0,BUY,9930,10,4634
6318,6202,0,0,BUY,9930,17,4635
6318,6210,0,0,BUY,9930,12,4636
6318,5739,0,0,BUY,9931,1,4637
6321,5739,0,0,BUY,9931,5,4638
6323,5739,0,0,BUY,9931,4,4639
6324,5739,1,0,BUY,9931,17,4640
6328,5739,0,0,BUY,9931,17,4641
6328,5758,0,0,BUY,9931,16,4642
6329,5758,0,0,BUY,9931,23,4643
6329,5776,0,0,BUY,9931,7,4644
6333,5776,1,0,BUY,9931,10,4645
6334,5776,0,0,BUY,9931,10,4646
6336,5776,0,0,BUY,9931,11,4647
6336,5788,0,0,BUY,9931,12,4648
6345,5788,0,0,BUY,9931,31,4649
6345,5803,0,0,BUY,9931,3,4650
6346,5803,0,0,BUY,9931,7,4651
6347,5803,0,0,BUY,9931,6,4652
6347,5805,0,0,BUY,9931,8,4653
6348,5805,0,0,BUY,9931,26,4654
6348,5808,0,0,BUY,9931,9,4655
6348,5831,0,0,BUY,9931,10,4656
6350,5831,0,0,BUY,9931,21,4657
6342,5831,1,0,BUY,9931,6,4658
6351,5831,0,0,BUY,9931,6,4659
6351,5838,0,0,BUY,9931,5,4660
6352,5838,0,0,BUY,9931,12,4661
6356,5838,0,0,BUY,9931,11,4662
6358,5838,1,0,BUY,9931,10,4663
6359,5851,0,0,BUY,9931,2,4664
6361,5851,0,0,BUY,9931,38,4665
6362,5851,0,0,BUY,9931,2,4666
6362,5974,0,0,BUY,9931,42,4667
6362,6014,0,0,BUY,9931,1,4668
6363,6014,0,0,BUY,9931,22,4669
6365,6014,1,0,BUY,9931,20,4670
6367,6014,0,0,BUY,9931,4,4671
6367,6032,0,0,BUY,9931,7,4672
6367,6088,0,0,BUY,9931,22,4673
6368,6088,0,0,BUY,9931,24,4674
6368,6133,0,0,BUY,9931,11,4675
6368,6136,0,0,BUY,9931,15,4676
6374,6136,1,0,BUY,9931,14,4677
6375,6136,0,0,BUY,9931,4,4678
6375,6137,0,0,BUY,9931,30,4679
6380,6137,1,0,BUY,9931,8,4680
6380,6163,1,0,BUY,9931,4,4681
6383,6163,0,0,BUY,9931,7,4682
6383,6166,0,0,BUY,9931,17,4683
6384,6166,0,0,BUY,9931,29,4684
6384,6169,0,0,BUY,9931,2,4685
6385,6169,1,0,BUY,9931,18,4686
6386,6169,0,0,BUY,9931,4,4687
6386,6223,0,0,BUY,9931,5,4688
6386,6292,0,0,BUY,9931,6,4689
6386,5488,0,0,BUY,9932,11,4690
6386,5491,0,0,BUY,9932,21,4691
6387,5491,0,0,BUY,9932,12,4692
6392,6395,1,0,SELL,9931,5,4693
6327,6395,0,0,SELL,9930,10,4694
6339,6395,0,0,SELL,9930,26,4695
6339,6403,0,0,SELL,9930,18,4696
6340,6403,0,0,SELL,9930,13,4697
6341,6403,0,0,SELL,9930,6,4698
6360,6403,0,0,SELL,9930,8,4699
6405,6408,0,0,SELL,9931,15,4700
6360,6408,0,0,SELL,9930,16,4701
6360,6410,0,0,SELL,9930,2,4702
6364,6410,0,0,SELL,9930,20,4703
6371,6410,0,0,SELL,9930,4,4704
6390,6410,0,0,SELL,9930,9,4705
6404,6410,0,0,SELL,9930,2,4706
6404,6411,0,0,SELL,9930,21,4707
6407,6411,0,0,SELL,9930,9,4708
6407,6423,0,0,SELL,9930,27,4709
6424,5491,0,0,BUY,9932,16,4710
6424,5492,0,0,BUY,9932,26,4711
6425,5492,0,0,BUY,9932,8,4712
6425,5723,0,0,BUY,9932,23,4713
6426,5723,0,0,BUY,9932,27,4714
6426,5735,0,0,BUY,9932,10,4715
6426,5742,0,0,BUY,9932,1,4716
6431,5742,0,0,BUY,9932,16,4717
6400,5751,1,0,BUY,9932,20,4718
6434,5751,0,0,BUY,9932,10,4719
6407,6435,0,0,SELL,9930,3,4720
6413,6435,0,0,SELL,9930,4,4721
6413,6438,0,0,SELL,9930,22,4722
6439,6447,0,0,SELL,9931,35,4723
6413,6447,0,0,SELL,9930,2,4724
6413,6451,0,0,SELL,9930,9,4725
6454,6455,0,0,SELL,9931,28,4726
6457,5751,0,0,BUY,9932,5,4727
6457,5753,0,0,BUY,9932,40,4728
6459,5753,0,0,BUY,9932,4,4729
6459,5755,0,0,BUY,9932,27,4730
6459,5804,0,0,BUY,9932,1,4731
6470,5804,0,0,BUY,9932,17,4732
6470,5817,0,0,BUY,9932,1,4733
6475,5817,0,0,BUY,9932,1,4734
6479,5817,0,0,BUY,9932,10,4735
6479,5828,0,0,BUY,9932,13,4736
6479,5835,0,0,BUY,9932,2,4737
6480,5835,0,0,BUY,9932,13,4738
6454,6484,0,0,SELL,9931,18,4739
6440,6484,1,0,SELL,9931,20,4740
6413,6484,0,0,SELL,9930,6,4741
6487,5835,0,0,BUY,9932,26,4742
6487,5846,0,0,BUY,9932,24,4743
6413,6491,0,0,SELL,9930,7,4744
6418,6491,0,0,SELL,9930,8,4745
6429,6491,0,0,SELL,9930,19,4746
6492,5846,0,0,BUY,9932,1,4747
6492,5868,0,0,BUY,9932,8,4748
6492,5953,0,0,BUY,9932,7,4749
6492,6001,0,0,BUY,9932,11,4750
6492,6043,0,0,BUY,9932,3,4751
6492,6077,0,0,BUY,9932,6,4752
6493,6077,0,0,BUY,9932,5,4753
6493,6090,0,0,BUY,9932,9,4754
6493,6105,0,0,BUY,9932,20,4755
6497,6498,0,0,SELL,9931,14,4756
6429,6498,0,0,SELL,9930,13,4757
6429,6504,0,0,SELL,9930,15,4758
6432,6504,0,0,SELL,9930,24,4759
6433,6504,0,0,SELL,9930,11,4760
6509,6105,0,0,BUY,9932,17,4761
6489,6110,1,0,BUY,9932,1,4762
6512,6110,0,0,BUY,9932,15,4763
6513,6110,0,0,BUY,9932,10,4764
6513,6164,0,0,BUY,9932,7,4765
6513,6165,0,0,BUY,9932,14,4766
6513,6191,0,0,BUY,9932,14,4767
6433,6514,0,0,SELL,9930,6,4768
6515,6191,0,0,BUY,9932,1,4769
6515,6225,0,0,BUY,9932,23,4770
6516,6225,1,0,BUY,9932,2,4771
6517,6225,0,0,BUY,9932,14,4772
6517,6283,0,0,BUY,9932,7,4773
6517,6286,0,0,BUY,9932,10,4774
6527,6286,0,0,BUY,9932,25,4775
6535,6286,0,0,BUY,9932,13,4776
6535,6421,0,0,BUY,9932,1,4777
6537,6421,0,0,BUY,9932,7,4778
6537,6446,0,0,BUY,9932,2,4779
6537,6473,0,0,BUY,9932,19,4780
6539,6473,0,0,BUY,9932,1,4781
6539,5213,0,0,BUY,9933,3,4782
6539,5278,0,0,BUY,9933,1,4783
6541,5278,0,0,BUY,9933,31,4784
6524,6542,1,0,SELL,9932,1,4785
6528,6542,0,0,SELL,9931,27,4786
6529,6542,0,0,SELL,9931,6,4787
6546,5278,0,0,BUY,9933,5,4788
6547,5278,0,0,BUY,9933,9,4789
6547,5287,0,0,BUY,9933,12,4790
6547,5433,0,0,BUY,9933,29,4791
6548,5433,1,0,BUY,9933,1,4792
6550,5433,0,0,BUY,9933,10,4793
6550,5436,0,0,BUY,9933,3,4794
6551,5436,0,0,BUY,9933,5,4795
6553,5436,1,0,BUY,9933,1,4796
6555,5436,0,0,BUY,9933,11,4797
6557,5436,0,0,BUY,9933,28,4798
6557,5445,0,0,BUY,9933,12,4799
6558,5445,0,0,BUY,9933,16,4800
6558,5463,0,0,BUY,9933,11,4801
6565,6567,0,0,SELL,9932,36,4802
6529,6567,0,0,SELL,9931,10,4803
6562,5463,1,0,BUY,9933,2,4804
6570,5463,0,0,BUY,9933,18,4805
6570,5515,0,0,BUY,9933,18,4806
6571,5515,0,0,BUY,9933,29,4807
6571,5741,0,0,BUY,9933,1,4808
6571,5745,0,0,BUY,9933,5,4809
6571,5760,0,0,BUY,9933,1,4810
6573,5760,1,0,BUY,9933,6,4811
6529,6575,0,0,SELL,9931,7,4812
6529,6576,0,0,SELL,9931,20,4813
6538,6576,0,0,SELL,9931,30,4814
6581,5760,1,0,BUY,9933,11,4815
6581,5774,1,0,BUY,9933,9,4816
6538,6583,0,0,SELL,9931,3,4817
6549,6583,0,0,SELL,9931,22,4818
6549,6584,0,0,SELL,9931,21,4819
6549,6585,0,0,SELL,9931,1,4820
6554,6585,0,0,SELL,9931,6,4821
6563,6585,0,0,SELL,9931,40,4822
6574,6585,0,0,SELL,9931,3,4823
6586,5774,0,0,BUY,9933,18,4824
6589,5774,1,0,BUY,9933,7,4825
6590,5774,0,0,BUY,9933,10,4826
6590,5775,0,0,BUY,9933,15,4827
6593,5775,0,0,BUY,9933,1,4828
6593,5800,0,0,BUY,9933,4,4829
6594,5800,0,0,BUY,9933,26,4830
6595,5800,1,0,BUY,9933,12,4831
6587,6596,0,0,SELL,9932,14,4832
6587,6602,0,0,SELL,9932,19,4833
6574,6602,0,0,SELL,9931,6,4834
6433,6602,0,0,SELL,9930,20,4835
6603,5800,1,0,BUY,9933,6,4836
6603,5822,1,0,BUY,9933,6,4837
6433,6605,0,0,SELL,9930,13,4838
6437,6605,0,0,SELL,9930,9,4839
6608,5822,0,0,BUY,9933,11,4840
6611,5822,1,0,BUY,9933,8,4841
6612,5822,0,0,BUY,9933,10,4842
6612,5869,0,0,BUY,9933,3,4843
6613,5869,0,0,BUY,9933,28,4844
6614,5869,0,0,BUY,9933,12,4845
6614,5951,0,0,BUY,9933,16,4846
6437,6615,0,0,SELL,9930,14,4847
6441,6615,0,0,SELL,9930,21,4848
6448,6615,0,0,SELL,9930,1,4849
6448,6616,0,0,SELL,9930,4,4850
6617,5951,0,0,BUY,9933,16,4851
6617,5956,0,0,BUY,9933,25,4852
6618,5956,0,0,BUY,9933,18,4853
6618,5975,0,0,BUY,9933,10,4854
6619,5975,1,0,BUY,9933,13,4855
6619,5978,1,0,BUY,9933,6,4856
6621,5978,0,0,BUY,9933,2,4857
6621,5979,0,0,BUY,9933,38,4858
6623,5979,0,0,BUY,9933,3,4859
6623,5981,0,0,BUY,9933,7,4860
6623,6031,0,0,BUY,9933,12,4861
6624,6031,0,0,BUY,9933,16,4862
6625,6031,0,0,BUY,9933,7,4863
6625,6071,0,0,BUY,9933,3,4864
6625,6114,0,0,BUY,9933,17,4865
6625,6173,0,0,BUY,9933,1,4866
6626,6173,0,0,BUY,9933,5,4867
6626,6204,0,0,BUY,9933,1,4868
6627,6204,0,0,BUY,9933,32,4869
6627,6268,0,0,BUY,9933,12,4870
6629,6268,1,0,BUY,9933,7,4871
6630,6268,0,0,BUY,9933,7,4872
6630,6272,0,0,BUY,9933,9,4873
6630,6273,0,0,BUY,9933,26,4874
6630,6289,0,0,BUY,9933,6,4875
6631,6289,0,0,BUY,9933,1,4876
6631,6320,0,0,BUY,9933,13,4877
6631,6412,0,0,BUY,9933,21,4878
6631,6442,0,0,BUY,9933,1,4879
6631,6467,0,0,BUY,9933,11,4880
6631,6532,0,0,BUY,9933,3,4881
6633,6532,0,0,BUY,9933,39,4882
6634,6532,0,0,BUY,9933,6,4883
6634,5163,0,0,BUY,9934,1,4884
6634,5170,0,0,BUY,9934,28,4885
6635,5170,0,0,BUY,9934,20,4886
6635,5197,0,0,BUY,9934,2,4887
6635,5212,0,0,BUY,9934,28,4888
6637,5212,1,0,BUY,9934,11,4889
6448,6640,0,0,SELL,9930,23,4890
6642,5212,0,0,BUY,9934,2,4891
6642,5221,0,0,BUY,9934,38,4892
6642,5235,0,0,BUY,9934,3,4893
6644,5235,0,0,BUY,9934,5,4894
6646,5235,1,0,BUY,9934,4,4895
6647,5235,0,0,BUY,9934,8,4896
6647,5242,0,0,BUY,9934,2,4897
6648,5242,0,0,BUY,9934,17,4898
6650,5242,0,0,BUY,9934,13,4899
6650,5246,0,0,BUY,9934,4,4900
6650,5261,0,0,BUY,9934,19,4901
6651,5261,0,0,BUY,9934,2,4902
6652,5261,0,0,BUY,9934,14,4903
6654,5261,1,0,BUY,9934,14,4904
6656,5301,0,0,BUY,9934,21,4905
6659,5301,0,0,BUY,9934,3,4906
6661,5301,1,0,BUY,9934,11,4907
6665,5301,0,0,BUY,9934,11,4908
6665,5324,0,0,BUY,9934,2,4909
6666,5324,0,0,BUY,9934,17,4910
6666,5346,0,0,BUY,9934,25,4911
6668,5346,0,0,BUY,9934,17,4912
6670,5346,1,0,BUY,9934,7,4913
6670,5369,1,0,BUY,9934,12,4914
6671,5369,0,0,BUY,9934,19,4915
6671,5371,0,0,BUY,9934,8,4916
6672,5371,0,0,BUY,9934,16,4917
6673,5371,0,0,BUY,9934,12,4918
6673,5430,0,0,BUY,9934,20,4919
6673,5443,0,0,BUY,9934,5,4920
6673,5734,0,0,BUY,9934,2,4921
6676,5734,0,0,BUY,9934,5,4922
6676,5756,0,0,BUY,9934,27,4923
6676,5767,0,0,BUY,9934,2,4924
6677,5767,0,0,BUY,9934,11,4925
6677,5801,0,0,BUY,9934,28,4926
6448,6678,0,0,SELL,9930,10,4927
6499,6678,0,0,SELL,9930,26,4928
6679,5801,1,0,BUY,9934,5,4929
6679,6087,1,0,BUY,9934,2,4930
6680,6681,0,0,SELL,9933,2,4931
6499,6681,0,0,SELL,9930,7,4932
6500,6681,0,0,SELL,9930,5,4933
6502,6681,0,0,SELL,9930,21,4934
6502,6683,0,0,SELL,9930,2,4935
6508,6683,0,0,SELL,9930,6,4936
6520,6683,0,0,SELL,9930,17,4937
6525,6683,0,0,SELL,9930,7,4938
6540,6683,0,0,SELL,9930,3,4939
6684,6087,0,0,BUY,9934,25,4940
6684,6100,0,0,BUY,9934,14,4941
6684,6185,0,0,BUY,9934,2,4942
6686,6185,1,0,BUY,9934,15,4943
6688,6185,0,0,BUY,9934,13,4944
6540,6689,0,0,SELL,9930,9,4945
6545,6689,0,0,SELL,9930,13,4946
6698,6185,0,0,BUY,9934,4,4947
6698,6190,0,0,BUY,9934,28,4948
6699,6190,0,0,BUY,9934,11,4949
6699,6222,0,0,BUY,9934,2,4950
6700,6222,0,0,BUY,9934,20,4951
6695,6222,1,0,BUY,9934,4,4952
6701,6702,0,0,SELL,9932,1,4953
6701,6705,0,0,SELL,9932,4,4954
6545,6705,0,0,SELL,9930,8,4955
6711,6222,0,0,BUY,9934,24,4956
6711,6228,0,0,BUY,9934,18,4957
6714,6228,0,0,BUY,9934,14,4958
6714,6245,0,0,BUY,9934,30,4959
6710,6717,1,0,SELL,9933,1,4960
6716,6717,0,0,SELL,9932,2,4961
6713,6717,0,0,SELL,9931,4,4962
6545,6717,0,0,SELL,9930,20,4963
6560,6717,0,0,SELL,9930,23,4964
6582,6723,0,0,SELL,9930,21,4965
6719,6723,1,0,SELL,9930,16,4966
6719,6245,1,0,BUY,9934,10,4967
6719,6262,1,0,BUY,9934,6,4968
6732,6262,0,0,BUY,9934,26,4969
6733,6262,1,0,BUY,9934,3,4970
6739,6262,0,0,BUY,9934,7,4971
6739,6275,0,0,BUY,9934,10,4972
6739,6288,0,0,BUY,9934,13,4973
6739,6304,0,0,BUY,9934,13,4974
6739,6313,0,0,BUY,9934,6,4975
6734,6741,0,0,SELL,9933,32,4976
6734,6747,0,0,SELL,9933,18,4977
6744,6747,1,0,SELL,9933,3,4978
6757,6139,0,1,BUY,9933,7,4979
6757,6313,0,0,BUY,9934,10,4980
6757,6326,0,0,BUY,9934,4,4981
6740,6760,0,0,SELL,9932,2,4982
6740,6763,0,0,SELL,9932,37,4983
6724,6763,0,0,SELL,9931,7,4984
6724,6768,0,0,SELL,9931,2,4985
6731,6768,0,0,SELL,9931,24,4986
6744,6768,1,0,SELL,9931,8,4987
6722,6770,0,0,SELL,9930,5,4988
6771,6766,0,0,BUY,9932,22,4989
6722,6773,0,0,SELL,9930,14,4990
6726,6773,0,0,SELL,9930,16,4991
6780,6783,0,0,SELL,9931,19,4992
6744,6783,1,0,SELL,9931,20,4993
6735,6783,0,0,SELL,9930,4,4994
6785,6766,0,0,BUY,9932,4,4995
6790,6766,1,0,BUY,9932,12,4996
6790,6772,1,0,BUY,9933,4,4997
6795,6772,0,0,BUY,9933,3,4998
6796,6772,0,0,BUY,9933,4,4999
6793,6799,0,0,SELL,9931,14,5000
6802,6772,0,0,BUY,9933,2,5001
6804,6772,0,0,BUY,9933,4,5002
6806,6762,0,1,BUY,9932,11,5003
6793,6812,0,0,SELL,9931,10,5004
6815,6762,0,1,BUY,9932,9,5005
6815,6807,0,0,BUY,9933,26,5006
6793,6816,0,0,SELL,9931,22,5007
6735,6816,0,0,SELL,9930,22,5008
6735,6820,0,1,SELL,9930,12,5009
6735,6821,0,0,SELL,9930,3,5010
6765,6821,0,0,SELL,9930,20,5011
6774,6821,0,0,SELL,9930,10,5012
6789,6821,0,0,SELL,9930,11,5013
6789,6824,0,0,SELL,9930,1,5014
6325,6824,0,0,SELL,9929,29,5015
6332,6824,0,0,SELL,9929,4,5016
6825,6817,0,0,BUY,9931,17,5017
6332,6827,0,1,SELL,9929,2,5018
6396,6827,0,1,SELL,9929,3,5019
6396,6828,0,0,SELL,9929,16,5020
6396,6831,0,1,SELL,9929,1,5021
6398,6831,0,1,SELL,9929,16,5022
6832,6826,0,0,BUY,9930,26,5023
6398,6833,0,0,SELL,9929,18,5024
6409,6833,0,0,SELL,9929,6,5025
6415,6833,0,0,SELL,9929,12,5026
6415,6834,0,0,SELL,9929,14,5027
6415,6835,0,0,SELL,9929,1,5028
6416,6835,0,0,SELL,9929,19,5029
6837,6826,0,0,BUY,9930,1,5030
6837,6817,0,0,BUY,9931,7,5031
6416,6838,0,0,SELL,9929,4,5032
6839,6817,0,0,BUY,9931,26,5033
6839,6822,0,0,BUY,9931,17,5034
6839,6829,0,0,BUY,9931,2,5035
6416,6841,0,1,SELL,9929,2,5036
6842,6829,0,0,BUY,9931,4,5037
6416,6844,0,0,SELL,9929,19,5038
6461,6844,0,0,SELL,9929,1,5039
6465,6844,0,0,SELL,9929,28,5040
6465,6847,0,1,SELL,9929,2,5041
6465,6848,0,0,SELL,9929,9,5042
6477,6848,0,0,SELL,9929,20,5043
6477,6850,0,0,SELL,9929,3,5044
6481,6850,0,0,SELL,9929,29,5045
6481,6851,0,0,SELL,9929,1,5046
6481,6853,0,0,SELL,9929,9,5047
6494,6853,0,0,SELL,9929,3,5048
6503,6853,0,0,SELL,9929,19,5049
6507,6853,0,0,SELL,9929,4,5050
6507,6854,0,0,SELL,9929,10,5051
6507,6855,0,1,SELL,9929,7,5052
6507,6857,0,0,SELL,9929,6,5053
6511,6857,0,0,SELL,9929,25,5054
6511,6862,0,0,SELL,9929,12,5055
6737,6862,0,0,SELL,9929,16,5056
6737,6864,0,1,SELL,9929,17,5057
6737,6867,0,0,SELL,9929,3,5058
6764,6867,0,0,SELL,9929,26,5059
6764,6868,0,0,SELL,9929,5,5060
6791,6868,0,0,SELL,9929,12,5061
6791,6869,0,0,SELL,9929,10,5062
6791,6870,0,0,SELL,9929,5,5063
6792,6870,0,0,SELL,9929,8,5064
6794,6870,0,0,SELL,9929,14,5065
6794,6871,0,1,SELL,9929,4,5066
6794,6874,0,0,SELL,9929,7,5067
6794,6875,0,0,SELL,9929,16,5068
6800,6875,0,0,SELL,9929,13,5069
6800,6876,0,0,SELL,9929,7,5070
6314,6876,0,0,SELL,9928,6,5071
6314,6882,0,0,SELL,9928,15,5072
6884,6877,0,0,BUY,9929,19,5073
6884,6880,0,1,BUY,9929,7,5074
6884,6883,0,0,BUY,9929,4,5075
6314,6886,0,0,SELL,9928,17,5076
6888,6883,0,0,BUY,9929,7,5077
6892,6883,0,0,BUY,9929,2,5078
6895,6883,0,0,BUY,9929,33,5079
6895,6885,0,0,BUY,9929,8,5080
6314,6897,0,0,SELL,9928,11,5081
6330,6897,0,0,SELL,9928,11,5082
6391,6897,0,0,SELL,9928,13,5083
6898,6885,0,0,BUY,9929,14,5084
6898,6878,0,0,BUY,9930,8,5085
6905,6878,0,0,BUY,9930,16,5086
6906,6829,0,0,BUY,9931,12,5087
6906,6865,0,0,BUY,9931,9,5088
6905,6920,0,0,SELL,9930,4,5089
6905,6921,0,0,SELL,9930,3,5090
6905,6926,0,0,SELL,9930,21,5091
6899,6926,0,0,SELL,9929,3,5092
6936,6932,0,0,BUY,9930,17,5093
6936,6865,0,0,BUY,9931,11,5094
6945,6890,0,1,BUY,9930,11,5095
6945,6865,0,0,BUY,9931,3,5096
6945,6893,0,0,BUY,9931,3,5097
6945,6930,0,0,BUY,9931,7,5098
6899,6954,0,0,SELL,9929,14,5099
6900,6954,0,0,SELL,9929,2,5100
6956,6930,0,0,BUY,9931,17,5101
6956,6942,0,0,BUY,9931,10,5102
6956,6948,0,0,BUY,9931,8,5103
6900,6959,0,0,SELL,9929,3,5104
6915,6959,0,0,SELL,9929,2,5105
6915,6962,0,0,SELL,9929,3,5106
6964,6948,0,0,BUY,9931,8,5107
6964,6957,0,0,BUY,9931,13,5108
6964,6960,0,0,BUY,9931,16,5109
6915,6950,0,1,SELL,9929,16,5110
6943,6950,0,1,SELL,9929,3,5111
6974,6965,0,0,BUY,9930,4,5112
6974,6960,0,0,BUY,9931,20,5113
6974,6970,0,0,BUY,9931,1,5114
6974,6887,0,0,BUY,9932,8,5115
6978,6887,0,0,BUY,9932,12,5116
6978,6917,0,0,BUY,9932,22,5117
6980,6973,0,1,BUY,9931,19,5118
6983,6973,0,1,BUY,9931,1,5119
6983,6986,0,0,SELL,9931,8,5120
6943,6986,0,0,SELL,9929,20,5121
6946,6986,0,0,SELL,9929,22,5122
6991,6917,0,0,BUY,9932,15,5123
6992,6917,0,0,BUY,9932,3,5124
6992,6928,0,0,BUY,9932,14,5125
6987,6996,0,0,SELL,9931,23,5126
6987,7000,0,0,SELL,9931,18,5127
6990,7000,0,0,SELL,9931,6,5128
6993,7000,0,0,SELL,9931,7,5129
6946,7000,0,0,SELL,9929,2,5130
6946,7001,0,0,SELL,9929,21,5131
6947,7001,0,0,SELL,9929,24,5132
6947,7004,0,0,SELL,9929,4,5133
6949,7004,0,0,SELL,9929,27,5134
6951,7004,0,0,SELL,9929,2,5135
6972,7004,0,0,SELL,9929,6,5136
6972,7013,0,0,SELL,9929,6,5137
6972,7021,0,0,SELL,9929,6,5138
7011,7021,0,0,SELL,9929,7,5139
6391,7021,0,0,SELL,9928,31,5140
6414,7021,0,0,SELL,9928,5,5141
7024,6988,0,1,BUY,9931,6,5142
7024,7022,0,0,BUY,9931,20,5143
7024,6928,0,0,BUY,9932,16,5144
7027,7025,0,0,BUY,9929,35,5145
7027,7026,0,1,BUY,9931,5,5146
6414,7031,0,0,SELL,9928,2,5147
6422,7031,0,0,SELL,9928,30,5148
7035,7029,0,0,BUY,9929,1,5149
6422,7038,0,0,SELL,9928,12,5150
6430,7038,0,0,SELL,9928,4,5151
6443,7038,0,0,SELL,9928,14,5152
7042,7029,0,0,BUY,9929,35,5153
7042,7026,0,1,BUY,9929,3,5154
7048,7030,0,0,BUY,9930,21,5155
7048,7026,0,1,BUY,9930,16,5156
7048,7028,0,0,BUY,9931,6,5157
7049,7028,0,0,BUY,9931,9,5158
7049,6928,0,0,BUY,9932,8,5159
7049,6937,0,0,BUY,9932,8,5160
7049,6944,0,0,BUY,9932,3,5161
7051,6944,0,0,BUY,9932,5,5162
6443,7052,0,0,SELL,9928,20,5163
6444,7052,0,0,SELL,9928,8,5164
6449,7052,0,0,SELL,9928,18,5165
6449,7059,0,0,SELL,9928,22,5166
6449,7054,0,1,SELL,9928,8,5167
6449,7064,0,0,SELL,9928,2,5168
6456,7064,0,0,SELL,9928,25,5169
6464,7064,0,0,SELL,9928,13,5170
6464,7069,0,0,SELL,9928,12,5171
6464,7072,0,1,SELL,9928,15,5172
6486,7072,0,1,SELL,9928,4,5173
7073,7053,0,0,BUY,9929,13,5174
7073,7063,0,0,BUY,9929,16,5175
7073,7067,0,0,BUY,9929,2,5176
6486,7074,0,0,SELL,9928,8,5177
7075,7067,0,0,BUY,9929,16,5178
6486,7076,0,0,SELL,9928,2,5179
7077,7067,0,0,BUY,9929,3,5180
7077,7056,0,0,BUY,9930,13,5181
7077,7057,0,0,BUY,9930,16,5182
6523,7079,0,0,SELL,9928,37,5183
6523,7080,0,1,SELL,9928,4,5184
6523,7086,0,0,SELL,9928,2,5185
6720,7086,0,0,SELL,9928,45,5186
6720,7087,0,1,SELL,9928,1,5187
6745,7087,0,1,SELL,9928,12,5188
6748,7087,0,1,SELL,9928,6,5189
6748,7088,0,0,SELL,9928,12,5190
7089,7057,0,0,BUY,9930,12,5191
7089,7071,0,0,BUY,9930,22,5192
6748,7092,0,0,SELL,9928,7,5193
6748,7095,0,1,SELL,9928,15,5194
7098,7090,0,0,BUY,9929,27,5195
7098,7071,0,0,BUY,9930,3,5196
7098,7085,0,0,BUY,9930,5,5197
6748,7099,0,0,SELL,9928,8,5198
6752,7100,0,0,SELL,9928,15,5199
6752,7101,0,0,SELL,9928,10,5200
6752,7102,0,1,SELL,9928,2,5201
6754,7102,0,1,SELL,9928,2,5202
7105,7085,0,0,BUY,9930,29,5203
6754,7106,0,0,SELL,9928,46,5204
6913,7106,0,0,SELL,9928,2,5205
6913,7108,0,0,SELL,9928,12,5206
6977,7108,0,0,SELL,9928,3,5207
6977,7109,0,1,SELL,9928,6,5208
6977,7110,0,0,SELL,9928,13,5209
6977,7111,0,0,SELL,9928,10,5210
7016,7111,0,0,SELL,9928,29,5211
7016,7112,0,0,SELL,9928,19,5212
7034,7112,0,0,SELL,9928,9,5213
7034,7113,0,1,SELL,9928,9,5214
7114,7085,0,0,BUY,9930,9,5215
7114,7055,0,0,BUY,9931,30,5216
7034,7116,0,0,SELL,9928,1,5217
7034,7117,0,0,SELL,9928,14,5218
7034,7118,0,0,SELL,9928,3,5219
7120,7055,0,0,BUY,9931,10,5220
7034,7121,0,1,SELL,9928,6,5221
6252,7121,0,1,SELL,9927,13,5222
6252,7122,0,0,SELL,9927,13,5223
6258,7122,0,0,SELL,9927,1,5224
6297,7122,0,0,SELL,9927,17,5225
7125,7055,0,0,BUY,9931,7,5226
7125,7060,0,0,BUY,9931,34,5227
7125,7061,0,0,BUY,9931,9,5228
6297,7127,0,0,SELL,9927,25,5229
6469,7127,0,0,SELL,9927,10,5230
6469,7128,0,0,SELL,9927,25,5231
6805,7128,0,0,SELL,9927,7,5232
6809,7128,0,0,SELL,9927,8,5233
6809,7129,0,1,SELL,9927,7,5234
6810,7129,0,1,SELL,9927,12,5235
6810,7130,0,0,SELL,9927,32,5236
6889,7130,0,0,SELL,9927,11,5237
6889,7131,0,0,SELL,9927,4,5238
6894,7131,0,0,SELL,9927,37,5239
6894,7133,0,0,SELL,9927,12,5240
6903,7133,0,0,SELL,9927,1,5241
6903,7136,0,1,SELL,9927,16,5242
6903,7137,0,0,SELL,9927,28,5243
6916,7137,0,0,SELL,9927,14,5244
7138,7061,0,0,BUY,9931,8,5245
7138,7065,0,0,BUY,9931,6,5246
7138,7066,0,0,BUY,9931,16,5247
6916,7141,0,0,SELL,9927,5,5248
6924,7141,0,0,SELL,9927,29,5249
6924,7142,0,0,SELL,9927,13,5250
6939,7142,0,0,SELL,9927,8,5251
7143,7066,0,0,BUY,9931,24,5252
6939,7144,0,1,SELL,9927,14,5253
6939,7147,0,0,SELL,9927,2,5254
6955,7147,0,0,SELL,9927,7,5255
6955,7148,0,0,SELL,9927,13,5256
6955,7150,0,1,SELL,9927,19,5257
6955,7151,0,0,SELL,9927,1,5258
6975,7151,0,0,SELL,9927,4,5259
7008,7151,0,0,SELL,9927,4,5260
7008,7154,0,0,SELL,9927,21,5261
7032,7154,0,0,SELL,9927,21,5262
6184,7154,0,0,SELL,9926,6,5263
6184,7156,0,0,SELL,9926,13,5264
6184,7159,0,1,SELL,9926,8,5265
6184,7160,0,0,SELL,9926,20,5266
6200,7160,0,0,SELL,9926,2,5267
6200,7162,0,0,SELL,9926,8,5268
6208,7162,0,0,SELL,9926,24,5269
6221,7162,0,0,SELL,9926,2,5270
6221,7163,0,0,SELL,9926,28,5271
6230,7163,0,0,SELL,9926,4,5272
6230,7164,0,0,SELL,9926,28,5273
6265,7164,0,0,SELL,9926,11,5274
6466,7164,0,0,SELL,9926,8,5275
6775,7165,0,0,SELL,9926,9,5276
6840,7165,0,0,SELL,9926,5,5277
6891,7165,0,0,SELL,9926,8,5278
6896,7165,0,0,SELL,9926,24,5279
6896,7166,0,1,SELL,9926,11,5280
6919,7166,0,1,SELL,9926,9,5281
6919,7168,0,0,SELL,9926,20,5282
6922,7168,0,0,SELL,9926,25,5283
7169,7066,0,0,BUY,9931,4,5284
7169,6944,0,0,BUY,9932,5,5285
7169,6953,0,0,BUY,9932,1,5286
6922,7170,0,0,SELL,9926,8,5287
6927,7170,0,0,SELL,9926,5,5288
6927,7174,0,1,SELL,9926,3,5289
7176,6953,0,0,BUY,9932,23,5290
6927,7177,0,0,SELL,9926,28,5291
6927,7178,0,0,SELL,9926,12,5292
6931,7178,0,0,SELL,9926,4,5293
6940,7178,0,0,SELL,9926,24,5294
6940,7179,0,0,SELL,9926,3,5295
6952,7179,0,0,SELL,9926,9,5296
6997,7179,0,0,SELL,9926,14,5297
7023,7179,0,0,SELL,9926,1,5298
7040,7179,0,0,SELL,9926,2,5299
7040,7180,0,1,SELL,9926,19,5300
7040,7182,0,0,SELL,9926,13,5301
7040,7183,0,0,SELL,9926,2,5302
7040,7184,0,0,SELL,9926,4,5303
7058,7184,0,0,SELL,9926,25,5304
5110,7184,0,0,SELL,9925,19,5305
5110,7185,0,0,SELL,9925,2,5306
5110,7186,0,0,SELL,9925,24,5307
5151,7186,0,0,SELL,9925,26,5308
5151,7187,0,1,SELL,9925,13,5309
5151,7188,0,0,SELL,9925,10,5310
5157,7188,0,0,SELL,9925,12,5311
5157,7189,0,0,SELL,9925,22,5312
5157,7191,0,0,SELL,9925,9,5313
5207,7191,0,0,SELL,9925,21,5314
5207,7193,0,1,SELL,9925,5,5315
5285,7193,0,1,SELL,9925,1,5316
5285,7194,0,0,SELL,9925,41,5317
7195,6966,0,0,BUY,9932,8,5318
7195,6979,0,0,BUY,9932,10,5319
5285,7198,0,1,SELL,9925,2,5320
5479,7198,0,1,SELL,9925,8,5321
5493,7199,0,0,SELL,9925,2,5322
5493,7200,0,0,SELL,9925,31,5323
7201,6979,0,0,BUY,9932,5,5324
7204,6979,0,0,BUY,9932,20,5325
7204,6998,0,0,BUY,9932,6,5326
5493,7205,0,0,SELL,9925,8,5327
5503,7205,0,0,SELL,9925,17,5328
5514,7205,0,0,SELL,9925,17,5329
5514,7206,0,1,SELL,9925,2,5330
5514,7208,0,0,SELL,9925,10,5331
5710,7208,0,0,SELL,9925,31,5332
5744,7208,0,0,SELL,9925,3,5333
7209,6998,0,0,BUY,9932,3,5334
7209,7002,0,0,BUY,9932,22,5335
7212,7002,0,0,BUY,9932,20,5336
7212,7006,0,0,BUY,9932,10,5337
7212,7020,0,0,BUY,9932,12,5338
5744,7213,0,0,SELL,9925,10,5339
5744,7214,0,1,SELL,9925,6,5340
5744,7215,0,0,SELL,9925,8,5341
5763,7215,0,0,SELL,9925,2,5342
5768,7215,0,0,SELL,9925,14,5343
5768,7216,0,0,SELL,9925,34,5344
5768,7217,0,0,SELL,9925,1,5345
5769,7217,0,0,SELL,9925,8,5346
7220,7020,0,0,BUY,9932,29,5347
5769,7222,0,1,SELL,9925,4,5348
7223,7020,0,0,BUY,9932,5,5349
7223,7036,0,0,BUY,9932,21,5350
7223,7043,0,0,BUY,9932,12,5351
5769,7224,0,0,SELL,9925,26,5352
5770,7224,0,0,SELL,9925,6,5353
5770,7225,0,0,SELL,9925,16,5354
5773,7225,0,0,SELL,9925,4,5355
5773,7226,0,0,SELL,9925,27,5356
5778,7226,0,0,SELL,9925,23,5357
5778,7227,0,0,SELL,9925,3,5358
5781,7227,0,0,SELL,9925,15,5359
5781,7228,0,0,SELL,9925,10,5360
5839,7228,0,0,SELL,9925,30,5361
5839,7229,0,0,SELL,9925,14,5362
5840,7229,0,0,SELL,9925,2,5363
5840,7230,0,0,SELL,9925,34,5364
5875,7230,0,0,SELL,9925,11,5365
5875,7231,0,1,SELL,9925,20,5366
7232,7043,0,0,BUY,9932,3,5367
5875,7235,0,0,SELL,9925,1,5368
5984,7235,0,0,SELL,9925,8,5369
6010,7235,0,0,SELL,9925,36,5370
6010,7236,0,0,SELL,9925,6,5371
6020,7236,0,0,SELL,9925,10,5372
6034,7236,0,0,SELL,9925,15,5373
7238,7043,0,0,BUY,9932,10,5374
7238,7045,0,0,BUY,9932,16,5375
7238,6807,0,0,BUY,9933,5,5376
6034,7239,0,1,SELL,9925,10,5377
6034,7240,0,0,SELL,9925,4,5378
6046,7240,0,0,SELL,9925,25,5379
6046,7241,0,0,SELL,9925,19,5380
6050,7241,0,0,SELL,9925,25,5381
6050,7242,0,0,SELL,9925,6,5382
6072,7242,0,0,SELL,9925,23,5383
6072,7244,0,0,SELL,9925,6,5384
6072,7245,0,0,SELL,9925,4,5385
6075,7245,0,0,SELL,9925,22,5386
6075,7246,0,0,SELL,9925,21,5387
6078,7246,0,0,SELL,9925,17,5388
6082,7246,0,0,SELL,9925,1,5389
6082,7247,0,1,SELL,9925,8,5390
6082,7248,0,0,SELL,9925,4,5391
6089,7248,0,0,SELL,9925,11,5392
6095,7248,0,0,SELL,9925,1,5393
6095,7251,0,0,SELL,9925,25,5394
6095,7253,0,0,SELL,9925,5,5395
6095,7254,0,1,SELL,9925,17,5396
6117,7256,0,0,SELL,9925,17,5397
6117,7257,0,0,SELL,9925,4,5398
6152,7257,0,0,SELL,9925,4,5399
6199,7260,0,0,SELL,9925,27,5400
6205,7260,0,0,SELL,9925,10,5401
6205,7262,0,1,SELL,9925,17,5402
6207,7265,0,0,SELL,9925,15,5403
6214,7265,0,0,SELL,9925,23,5404
7266,6807,0,0,BUY,9933,16,5405
7266,6808,0,0,BUY,9933,15,5406
7266,6907,0,0,BUY,9933,12,5407
6214,7267,0,0,SELL,9925,9,5408
6215,7267,0,0,SELL,9925,3,5409
6463,7267,0,0,SELL,9925,33,5410
6463,7269,0,1,SELL,9925,16,5411
6814,7269,0,1,SELL,9925,3,5412
6814,7270,0,0,SELL,9925,12,5413
6830,7270,0,0,SELL,9925,11,5414
6843,7270,0,0,SELL,9925,2,5415
6856,7270,0,0,SELL,9925,11,5416
6863,7270,0,0,SELL,9925,5,5417
6866,7272,0,0,SELL,9925,4,5418
6918,7272,0,0,SELL,9925,6,5419
6918,7273,0,0,SELL,9925,23,5420
6929,7273,0,0,SELL,9925,13,5421
6929,7275,0,0,SELL,9925,10,5422
6934,7275,0,0,SELL,9925,15,5423
6938,7275,0,0,SELL,9925,4,5424
6938,7277,0,1,SELL,9925,5,5425
6938,7280,0,0,SELL,9925,7,5426
7281,6907,0,0,BUY,9933,6,5427
6938,7282,0,1,SELL,9925,13,5428
7284,6907,0,0,BUY,9933,13,5429
7284,6908,0,0,BUY,9933,28,5430
6938,7286,0,0,SELL,9925,5,5431
6938,7287,0,0,SELL,9925,5,5432
6969,7287,0,0,SELL,9925,3,5433
7005,7287,0,0,SELL,9925,20,5434
7012,7287,0,0,SELL,9925,18,5435
7289,6908,0,0,BUY,9933,2,5436
7289,6910,0,0,BUY,9933,9,5437
7289,6914,0,0,BUY,9933,13,5438
7012,7290,0,1,SELL,9925,1,5439
7019,7290,0,1,SELL,9925,15,5440
7019,7291,0,0,SELL,9925,25,5441
5085,7291,0,0,SELL,9924,6,5442
5124,7291,0,0,SELL,9924,3,5443
5124,7293,0,0,SELL,9924,4,5444
5288,7293,0,0,SELL,9924,10,5445
7294,6914,0,0,BUY,9933,11,5446
7294,6941,0,0,BUY,9933,24,5447
7294,6967,0,0,BUY,9933,11,5448
5288,7295,0,0,SELL,9924,16,5449
5288,7296,0,1,SELL,9924,11,5450
5288,7297,0,0,SELL,9924,5,5451
5498,7297,0,0,SELL,9924,32,5452
5517,7297,0,0,SELL,9924,1,5453
5517,7298,0,0,SELL,9924,20,5454
5517,7299,0,0,SELL,9924,11,5455
5747,7299,0,0,SELL,9924,6,5456
5752,7299,0,0,SELL,9924,18,5457
5752,7301,0,0,SELL,9924,18,5458
5752,7302,0,0,SELL,9924,5,5459
5780,7302,0,0,SELL,9924,28,5460
5780,7303,0,0,SELL,9924,20,5461
5782,7303,0,0,SELL,9924,17,5462
5782,7304,0,0,SELL,9924,1,5463
5784,7304,0,0,SELL,9924,26,5464
5786,7304,0,0,SELL,9924,21,5465
5786,7305,0,0,SELL,9924,5,5466
5812,7305,0,0,SELL,9924,35,5467
5816,7305,0,0,SELL,9924,6,5468
5816,7306,0,1,SELL,9924,18,5469
5816,7308,0,0,SELL,9924,1,5470
5848,7308,0,0,SELL,9924,16,5471
5848,7310,0,0,SELL,9924,9,5472
5860,7310,0,0,SELL,9924,5,5473
5862,7310,0,0,SELL,9924,21,5474
5895,7310,0,0,SELL,9924,1,5475
5895,7311,0,0,SELL,9924,3,5476
5911,7311,0,0,SELL,9924,15,5477
5911,7313,0,1,SELL,9924,18,5478
5911,7314,0,0,SELL,9924,8,5479
5944,7314,0,0,SELL,9924,5,5480
5976,7314,0,0,SELL,9924,29,5481
5997,7314,0,0,SELL,9924,3,5482
5997,7315,0,0,SELL,9924,13,5483
5997,7316,0,0,SELL,9924,23,5484
5997,7317,0,0,SELL,9924,7,5485
6012,7317,0,0,SELL,9924,30,5486
6017,7317,0,0,SELL,9924,5,5487
7318,6967,0,0,BUY,9933,7,5488
7318,6968,0,0,BUY,9933,25,5489
7319,6968,0,0,BUY,9933,6,5490
7319,6971,0,0,BUY,9933,5,5491
6017,7321,0,1,SELL,9924,12,5492
6019,7321,0,1,SELL,9924,3,5493
6019,7322,0,0,SELL,9924,26,5494
6038,7322,0,0,SELL,9924,2,5495
6039,7322,0,0,SELL,9924,1,5496
6039,7323,0,0,SELL,9924,44,5497
6044,7323,0,0,SELL,9924,2,5498
6059,7323,0,0,SELL,9924,2,5499
6059,7324,0,0,SELL,9924,25,5500
6069,7324,0,0,SELL,9924,9,5501
6069,7326,0,0,SELL,9924,5,5502
6069,7327,0,1,SELL,9924,14,5503
6069,7328,0,0,SELL,9924,6,5504
6099,7328,0,0,SELL,9924,8,5505
6121,7328,0,0,SELL,9924,5,5506
6121,7329,0,0,SELL,9924,20,5507
6121,7332,0,0,SELL,9924,3,5508
6121,7333,0,0,SELL,9924,16,5509
6131,7333,0,0,SELL,9924,34,5510
6131,7334,0,1,SELL,9924,9,5511
6212,7334,0,1,SELL,9924,8,5512
6212,7339,0,0,SELL,9924,16,5513
6859,7339,0,0,SELL,9924,1,5514
6861,7341,0,1,SELL,9924,9,5515
6861,7342,0,0,SELL,9924,24,5516
6881,7342,0,0,SELL,9924,5,5517
6881,7344,0,0,SELL,9924,12,5518
6881,7345,0,0,SELL,9924,4,5519
6923,7345,0,0,SELL,9924,7,5520
6923,7347,0,0,SELL,9924,38,5521
6958,7347,0,0,SELL,9924,3,5522
6958,7348,0,0,SELL,9924,2,5523
6961,7348,0,0,SELL,9924,39,5524
6963,7348,0,0,SELL,9924,1,5525
6963,7349,0,1,SELL,9924,4,5526
6963,7352,0,0,SELL,9924,18,5527
7354,6971,0,0,BUY,9933,15,5528
6963,7356,0,0,SELL,9924,11,5529
7009,7356,0,0,SELL,9924,28,5530
7009,7357,0,1,SELL,9924,8,5531
7014,7357,0,1,SELL,9924,1,5532
7358,6971,0,0,BUY,9933,5,5533
7358,6984,0,0,BUY,9933,17,5534
7360,6984,0,0,BUY,9933,17,5535
7360,7003,0,0,BUY,9933,12,5536
7014,7363,0,1,SELL,9924,11,5537
7369,7362,0,0,BUY,9925,8,5538
7014,7370,0,0,SELL,9924,14,5539
7018,7370,0,0,SELL,9924,13,5540
7039,7370,0,0,SELL,9924,16,5541
7039,7371,0,1,SELL,9924,14,5542
7044,7371,0,1,SELL,9924,4,5543
7044,7372,0,0,SELL,9924,42,5544
7062,7372,0,0,SELL,9924,2,5545
7062,7373,0,0,SELL,9924,6,5546
7374,7362,0,0,BUY,9925,3,5547
7062,7375,0,0,SELL,9924,3,5548
7062,7376,0,1,SELL,9924,18,5549
7062,7377,0,0,SELL,9924,8,5550
7081,7377,0,0,SELL,9924,19,5551
7083,7377,0,0,SELL,9924,13,5552
7083,7378,0,0,SELL,9924,2,5553
5071,7378,0,0,SELL,9923,5,5554
5071,7381,0,0,SELL,9923,9,5555
5136,7381,0,0,SELL,9923,23,5556
5136,7382,0,0,SELL,9923,2,5557
5136,7383,0,0,SELL,9923,23,5558
5490,7383,0,0,SELL,9923,7,5559
5490,7384,0,1,SELL,9923,17,5560
5490,7385,0,0,SELL,9923,11,5561
5538,7385,0,0,SELL,9923,8,5562
5538,7386,0,0,SELL,9923,29,5563
5626,7386,0,0,SELL,9923,3,5564
5626,7387,0,0,SELL,9923,35,5565
5634,7387,0,0,SELL,9923,5,5566
5638,7387,0,0,SELL,9923,6,5567
7389,7362,0,0,BUY,9925,31,5568
5638,7390,0,0,SELL,9923,13,5569
5707,7390,0,0,SELL,9923,24,5570
5707,7392,0,0,SELL,9923,22,5571
5711,7392,0,0,SELL,9923,14,5572
5711,7393,0,1,SELL,9923,15,5573
5711,7395,0,0,SELL,9923,11,5574
5737,7395,0,0,SELL,9923,20,5575
5737,7396,0,0,SELL,9923,3,5576
5754,7396,0,0,SELL,9923,15,5577
5754,7397,0,0,SELL,9923,2,5578
5789,7397,0,0,SELL,9923,1,5579
5900,7397,0,0,SELL,9923,18,5580
5900,7398,0,0,SELL,9923,10,5581
5962,7399,0,0,SELL,9923,10,5582
5987,7400,0,1,SELL,9923,10,5583
5987,7401,0,0,SELL,9923,19,5584
5987,7405,0,0,SELL,9923,16,5585
6005,7405,0,0,SELL,9923,11,5586
6005,7406,0,0,SELL,9923,3,5587
6009,7406,0,0,SELL,9923,2,5588
6009,7407,0,0,SELL,9923,35,5589
6009,7408,0,1,SELL,9923,3,5590
6016,7409,0,0,SELL,9923,11,5591
6018,7409,0,0,SELL,9923,2,5592
6030,7409,0,0,SELL,9923,13,5593
6030,7412,0,0,SELL,9923,25,5594
6076,7412,0,0,SELL,9923,1,5595
6084,7412,0,0,SELL,9923,7,5596
6084,7414,0,0,SELL,9923,11,5597
6084,7415,0,0,SELL,9923,3,5598
6157,7415,0,0,SELL,9923,12,5599
6157,7416,0,0,SELL,9923,9,5600
6852,7416,0,0,SELL,9923,31,5601
7015,7416,0,0,SELL,9923,9,5602
7015,7417,0,1,SELL,9923,16,5603
7015,7419,0,0,SELL,9923,2,5604
7017,7419,0,0,SELL,9923,26,5605
7017,7421,0,0,SELL,9923,22,5606
7068,7421,0,0,SELL,9923,26,5607
7068,7423,0,0,SELL,9923,12,5608
7082,7423,0,0,SELL,9923,28,5609
7082,7424,0,0,SELL,9923,11,5610
5104,7424,0,0,SELL,9922,17,5611
5505,7424,0,0,SELL,9922,8,5612
5505,7425,0,0,SELL,9922,12,5613
5505,7426,0,1,SELL,9922,6,5614
5505,7427,0,0,SELL,9922,15,5615
5505,7428,0,0,SELL,9922,7,5616
5510,7428,0,0,SELL,9922,26,5617
7430,7362,0,0,BUY,9925,3,5618
7430,7365,0,0,BUY,9925,32,5619
7430,7367,0,0,BUY,9925,8,5620
5510,7435,0,1,SELL,9922,2,5621
5520,7435,0,1,SELL,9922,5,5622
5533,7435,0,1,SELL,9922,8,5623
5533,7436,0,0,SELL,9922,7,5624
7437,7431,0,0,BUY,9923,24,5625
5533,7440,0,0,SELL,9922,24,5626
5555,7440,0,0,SELL,9922,4,5627
5555,7441,0,0,SELL,9922,17,5628
5555,7443,0,1,SELL,9922,12,5629
5555,7444,0,0,SELL,9922,4,5630
5555,7450,0,0,SELL,9922,10,5631
5706,7450,0,0,SELL,9922,1,5632
5896,7450,0,0,SELL,9922,2,5633
7451,7431,0,0,BUY,9923,5,5634
5896,7452,0,0,SELL,9922,4,5635
5917,7452,0,0,SELL,9922,24,5636
5930,7452,0,0,SELL,9922,9,5637
5930,7453,0,0,SELL,9922,27,5638
5930,7449,0,1,SELL,9922,5,5639
5930,7457,0,0,SELL,9922,8,5640
5963,7457,0,0,SELL,9922,5,5641
5963,7459,0,0,SELL,9922,6,5642
6003,7459,0,0,SELL,9922,2,5643
6003,7461,0,0,SELL,9922,19,5644
6003,7463,0,0,SELL,9922,15,5645
6007,7463,0,0,SELL,9922,6,5646
6007,7464,0,1,SELL,9922,8,5647
6007,7466,0,0,SELL,9922,16,5648
6125,7466,0,0,SELL,9922,25,5649
6125,7472,0,1,SELL,9922,10,5650
6138,7472,0,1,SELL,9922,6,5651
7475,7431,0,0,BUY,9923,5,5652
7475,7454,0,0,BUY,9923,4,5653
6138,7476,0,0,SELL,9922,41,5654
6845,7477,0,0,SELL,9922,5,5655
7480,7454,0,0,BUY,9923,22,5656
7480,7478,0,1,BUY,9923,6,5657
7480,7473,0,0,BUY,9924,6,5658
6845,7481,0,0,SELL,9922,31,5659
6872,7481,0,0,SELL,9922,12,5660
7494,7486,0,0,BUY,9923,10,5661
6872,7497,0,0,SELL,9922,16,5662
6872,7500,0,0,SELL,9922,4,5663
7070,7500,0,0,SELL,9922,19,5664
7103,7500,0,0,SELL,9922,1,5665
7103,7488,0,1,SELL,9922,2,5666
7103,7504,0,0,SELL,9922,33,5667
5556,7504,0,0,SELL,9921,9,5668
5556,7507,0,0,SELL,9921,16,5669
5573,7507,0,0,SELL,9921,16,5670
5580,7507,0,0,SELL,9921,11,5671
5580,7514,0,0,SELL,9921,34,5672
5614,7514,0,0,SELL,9921,10,5673
5614,7516,0,0,SELL,9921,22,5674
5624,7516,0,0,SELL,9921,26,5675
5624,7511,0,1,SELL,9921,6,5676
5624,7528,0,0,SELL,9921,6,5677
5628,7528,0,0,SELL,9921,1,5678
5644,7528,0,0,SELL,9921,11,5679
7530,7519,0,0,BUY,9922,30,5680
7530,7526,0,1,BUY,9922,3,5681
7530,7486,0,0,BUY,9923,2,5682
7530,7499,0,0,BUY,9923,5,5683
7530,7473,0,0,BUY,9924,2,5684
7530,7491,0,0,BUY,9924,6,5685
5644,7531,0,1,SELL,9921,17,5686
7533,7491,0,0,BUY,9924,31,5687
5644,7535,0,0,SELL,9921,6,5688
5783,7535,0,0,SELL,9921,5,5689
5783,7536,0,0,SELL,9921,4,5690
5783,7540,0,1,SELL,9921,10,5691
5783,7541,0,0,SELL,9921,28,5692
5916,7541,0,0,SELL,9921,1,5693
7542,7534,0,0,BUY,9922,1,5694
5916,7543,0,0,SELL,9921,47,5695
5916,7546,0,0,SELL,9921,1,5696
5936,7546,0,0,SELL,9921,40,5697
5939,7546,0,0,SELL,9921,4,5698
6122,7546,0,0,SELL,9921,1,5699
6122,7547,0,0,SELL,9921,19,5700
6145,7547,0,0,SELL,9921,7,5701
6818,7547,0,0,SELL,9921,2,5702
6849,7547,0,0,SELL,9921,15,5703
6849,7549,0,1,SELL,9921,6,5704
6860,7549,0,1,SELL,9921,5,5705
6860,7553,0,0,SELL,9921,15,5706
7091,7553,0,0,SELL,9921,4,5707
7091,7556,0,0,SELL,9921,29,5708
7091,7559,0,0,SELL,9921,9,5709
7096,7559,0,0,SELL,9921,8,5710
7561,7534,0,0,BUY,9922,2,5711
7096,7562,0,0,SELL,9921,21,5712
7096,7565,0,0,SELL,9921,18,5713
7492,7565,0,0,SELL,9921,10,5714
5541,7565,0,0,SELL,9920,10,5715
5541,7558,0,1,SELL,9920,2,5716
5541,7566,0,0,SELL,9920,16,5717
5579,7566,0,0,SELL,9920,9,5718
5620,7566,0,0,SELL,9920,12,5719
5673,7566,0,0,SELL,9920,5,5720
5673,7569,0,0,SELL,9920,13,5721
5683,7569,0,0,SELL,9920,19,5722
5887,7569,0,0,SELL,9920,12,5723
5887,7571,0,0,SELL,9920,8,5724
5887,7573,0,0,SELL,9920,10,5725
5888,7573,0,0,SELL,9920,9,5726
5927,7573,0,0,SELL,9920,27,5727
6858,7574,0,1,SELL,9920,5,5728
6858,7576,0,0,SELL,9920,1,5729
7577,7534,0,0,BUY,9922,6,5730
7577,7539,0,0,BUY,9922,15,5731
6858,7580,0,0,SELL,9920,14,5732
6858,7581,0,1,SELL,9920,4,5733
7104,7581,0,1,SELL,9920,1,5734
7584,7578,0,0,BUY,9921,36,5735
7585,7578,0,0,BUY,9921,10,5736
7585,7539,0,0,BUY,9922,26,5737
7586,7539,0,0,BUY,9922,4,5738
7586,7544,0,0,BUY,9922,13,5739
7586,7567,0,0,BUY,9922,12,5740
7104,7587,0,0,SELL,9920,17,5741
7465,7587,0,0,SELL,9920,24,5742
7465,7588,0,1,SELL,9920,11,5743
7469,7588,0,1,SELL,9920,9,5744
7469,7589,0,0,SELL,9920,1,5745
7508,7589,0,0,SELL,9920,31,5746
7590,7567,0,0,BUY,9922,5,5747
7590,7537,0,0,BUY,9923,19,5748
7590,7560,0,0,BUY,9923,12,5749
7508,7592,0,0,SELL,9920,16,5750
7596,7491,0,0,BUY,9924,1,5751
7596,7502,0,0,BUY,9924,38,5752
7518,7597,0,1,SELL,9920,7,5753
7518,7598,0,0,SELL,9920,27,5754
7518,7599,0,0,SELL,9920,8,5755
7520,7599,0,0,SELL,9920,21,5756
7521,7599,0,0,SELL,9920,1,5757
7521,7600,0,0,SELL,9920,6,5758
7522,7600,0,0,SELL,9920,20,5759
5535,7600,0,0,SELL,9919,2,5760
5535,7601,0,0,SELL,9919,5,5761
5535,7602,0,0,SELL,9919,18,5762
5547,7602,0,0,SELL,9919,5,5763
5568,7602,0,0,SELL,9919,3,5764
5570,7602,0,0,SELL,9919,24,5765
5570,7603,0,0,SELL,9919,25,5766
5582,7603,0,0,SELL,9919,9,5767
5582,7604,0,1,SELL,9919,17,5768
5582,7605,0,0,SELL,9919,5,5769
5582,7606,0,0,SELL,9919,10,5770
5593,7606,0,0,SELL,9919,17,5771
5593,7609,0,0,SELL,9919,32,5772
5608,7609,0,0,SELL,9919,13,5773
